08:24:10.019 [main] DEBUG com.intuit.karate.Suite - [config] classpath:karate-config.js
08:24:10.027 [main] INFO  com.intuit.karate.Suite - backed up existing 'target\karate-reports' dir to: target\karate-reports_1787671450023
08:24:11.238 [pool-2-thread-1] INFO  com.intuit.karate - karate.env system property was: null 
08:24:11.579 [pool-2-thread-1] DEBUG com.intuit.karate - request:
1 > POST https://conduit-api.bondaracademy.com/api/users/login
1 > Content-Type: application/json; charset=UTF-8
1 > Content-Length: 59
1 > Host: conduit-api.bondaracademy.com
1 > Connection: Keep-Alive
1 > User-Agent: Apache-HttpClient/4.5.14 (Java/25.0.4)
1 > Accept-Encoding: gzip,deflate
{"user":{"email":"admin@test1.com","password":"admin@123"}}

08:24:12.125 [pool-2-thread-1] DEBUG com.intuit.karate - response time in milliseconds: 526
1 < 200
1 < x-powered-by: Express
1 < vary: Origin
1 < content-type: application/json; charset=utf-8
1 < etag: W/"134-Emy3DhmdjX/eLGa+mnbyVAZOgOY"
1 < x-cloud-trace-context: ffffaad1bdffb48df75725776b1ad0fa
1 < date: Tue, 25 Aug 2026 15:24:12 GMT
1 < server: Google Frontend
1 < Content-Length: 308
{"user":{"email":"admin@test1.com","username":"admin129","bio":null,"image":"https://conduit-api.bondaracademy.com/images/smiley-cyrus.jpeg","token":"eyJhbGciOiJIUzI1NiIsInR5cCI6IkpXVCJ9.eyJ1c2VyIjp7ImlkIjo2NDk2NX0sImlhdCI6MTc4NzY3MTQ1MiwiZXhwIjoxNzkyODU1NDUyfQ.nSxZXqmhIUwUqx73mz4gx6ApE_2s9ly2xq28S5DMyT8"}}

08:24:12.960 [pool-3-thread-1] INFO  com.intuit.karate.Suite - <<pass>> feature 1 of 1 (0 remaining) classpath:examples/helpers/CreateToken.feature
08:25:51.502 [main] DEBUG com.intuit.karate.Suite - [config] classpath:karate-config.js
08:25:51.508 [main] INFO  com.intuit.karate.Suite - backed up existing 'target\karate-reports' dir to: target\karate-reports_1787671551506
08:25:52.723 [pool-2-thread-1] INFO  com.intuit.karate - karate.env system property was: null 
08:25:53.041 [pool-2-thread-1] DEBUG com.intuit.karate - request:
1 > POST https://conduit-api.bondaracademy.com/api/users/login
1 > Content-Type: application/json; charset=UTF-8
1 > Content-Length: 59
1 > Host: conduit-api.bondaracademy.com
1 > Connection: Keep-Alive
1 > User-Agent: Apache-HttpClient/4.5.14 (Java/25.0.4)
1 > Accept-Encoding: gzip,deflate
{"user":{"email":"admin@test1.com","password":"admin@123"}}

08:25:53.515 [pool-2-thread-1] DEBUG com.intuit.karate - response time in milliseconds: 471
1 < 200
1 < x-powered-by: Express
1 < vary: Origin
1 < content-type: application/json; charset=utf-8
1 < etag: W/"134-8w/RRaFM1VJ+27apIALRhzpFMmk"
1 < x-cloud-trace-context: 0790d3f7e26e318cc7c6449fe6d3373b;o=1
1 < date: Tue, 25 Aug 2026 15:25:53 GMT
1 < server: Google Frontend
1 < Content-Length: 308
{"user":{"email":"admin@test1.com","username":"admin129","bio":null,"image":"https://conduit-api.bondaracademy.com/images/smiley-cyrus.jpeg","token":"eyJhbGciOiJIUzI1NiIsInR5cCI6IkpXVCJ9.eyJ1c2VyIjp7ImlkIjo2NDk2NX0sImlhdCI6MTc4NzY3MTU1MywiZXhwIjoxNzkyODU1NTUzfQ.w9oi1mJdup3Q7hNybo40KBrlYVBmMRAYrz61susg6fk"}}

08:25:53.530 [pool-2-thread-1] INFO  com.intuit.karate - [print] null 
08:25:54.102 [pool-3-thread-1] INFO  com.intuit.karate.Suite - <<pass>> feature 1 of 1 (0 remaining) classpath:examples/helpers/CreateToken.feature
08:26:43.580 [main] DEBUG com.intuit.karate.Suite - [config] classpath:karate-config.js
08:26:43.586 [main] INFO  com.intuit.karate.Suite - backed up existing 'target\karate-reports' dir to: target\karate-reports_1787671603584
08:26:44.699 [pool-2-thread-1] INFO  com.intuit.karate - karate.env system property was: null 
08:26:45.018 [pool-2-thread-1] DEBUG com.intuit.karate - request:
1 > POST https://conduit-api.bondaracademy.com/api/users/login
1 > Content-Type: application/json; charset=UTF-8
1 > Content-Length: 59
1 > Host: conduit-api.bondaracademy.com
1 > Connection: Keep-Alive
1 > User-Agent: Apache-HttpClient/4.5.14 (Java/25.0.4)
1 > Accept-Encoding: gzip,deflate
{"user":{"email":"admin@test1.com","password":"admin@123"}}

08:26:45.596 [pool-2-thread-1] DEBUG com.intuit.karate - response time in milliseconds: 573
1 < 200
1 < x-powered-by: Express
1 < vary: Origin
1 < content-type: application/json; charset=utf-8
1 < etag: W/"134-Nqo95o8QCl5SCo+ZMk9+ZKD3QjA"
1 < x-cloud-trace-context: 5239e5e73cb30f9795f704ee2a51de70;o=1
1 < date: Tue, 25 Aug 2026 15:26:45 GMT
1 < server: Google Frontend
1 < Content-Length: 308
{"user":{"email":"admin@test1.com","username":"admin129","bio":null,"image":"https://conduit-api.bondaracademy.com/images/smiley-cyrus.jpeg","token":"eyJhbGciOiJIUzI1NiIsInR5cCI6IkpXVCJ9.eyJ1c2VyIjp7ImlkIjo2NDk2NX0sImlhdCI6MTc4NzY3MTYwNSwiZXhwIjoxNzkyODU1NjA1fQ.J8nOsYgtUowXrwUDoElts8Z43Tub9EMndUdaS2KeJrc"}}

08:26:45.628 [pool-2-thread-1] INFO  com.intuit.karate - [print] authToken 
08:26:46.325 [pool-3-thread-1] INFO  com.intuit.karate.Suite - <<pass>> feature 1 of 1 (0 remaining) classpath:examples/helpers/CreateToken.feature
08:28:19.570 [main] DEBUG com.intuit.karate.Suite - [config] classpath:karate-config.js
08:28:19.578 [main] INFO  com.intuit.karate.Suite - backed up existing 'target\karate-reports' dir to: target\karate-reports_1787671699575
08:28:20.696 [pool-2-thread-1] INFO  com.intuit.karate - karate.env system property was: null 
08:28:21.009 [pool-2-thread-1] DEBUG com.intuit.karate - request:
1 > POST https://conduit-api.bondaracademy.com/api/users/login
1 > Content-Type: application/json; charset=UTF-8
1 > Content-Length: 59
1 > Host: conduit-api.bondaracademy.com
1 > Connection: Keep-Alive
1 > User-Agent: Apache-HttpClient/4.5.14 (Java/25.0.4)
1 > Accept-Encoding: gzip,deflate
{"user":{"email":"admin@test1.com","password":"admin@123"}}

08:28:21.528 [pool-2-thread-1] DEBUG com.intuit.karate - response time in milliseconds: 512
1 < 200
1 < x-powered-by: Express
1 < vary: Origin
1 < content-type: application/json; charset=utf-8
1 < etag: W/"134-a9QjCUDKwpC4VNsEXYSvCMmjUjw"
1 < x-cloud-trace-context: 79c909892c500eed50b291073f93f5c6;o=1
1 < date: Tue, 25 Aug 2026 15:28:21 GMT
1 < server: Google Frontend
1 < Content-Length: 308
{"user":{"email":"admin@test1.com","username":"admin129","bio":null,"image":"https://conduit-api.bondaracademy.com/images/smiley-cyrus.jpeg","token":"eyJhbGciOiJIUzI1NiIsInR5cCI6IkpXVCJ9.eyJ1c2VyIjp7ImlkIjo2NDk2NX0sImlhdCI6MTc4NzY3MTcwMSwiZXhwIjoxNzkyODU1NzAxfQ.YtTSJCu_2l-P73pDdL1Z1w98bo4-nzEDg53LfbZRdNI"}}

08:28:21.555 [pool-2-thread-1] INFO  com.intuit.karate - [print] null 
08:28:22.160 [pool-3-thread-1] INFO  com.intuit.karate.Suite - <<pass>> feature 1 of 1 (0 remaining) classpath:examples/helpers/CreateToken.feature
08:29:28.117 [main] DEBUG com.intuit.karate.Suite - [config] classpath:karate-config.js
08:29:28.125 [main] INFO  com.intuit.karate.Suite - backed up existing 'target\karate-reports' dir to: target\karate-reports_1787671768122
08:29:29.201 [pool-2-thread-1] INFO  com.intuit.karate - karate.env system property was: null 
08:29:29.511 [pool-2-thread-1] DEBUG com.intuit.karate - request:
1 > POST https://conduit-api.bondaracademy.com/api/users/login
1 > Content-Type: application/json; charset=UTF-8
1 > Content-Length: 59
1 > Host: conduit-api.bondaracademy.com
1 > Connection: Keep-Alive
1 > User-Agent: Apache-HttpClient/4.5.14 (Java/25.0.4)
1 > Accept-Encoding: gzip,deflate
{"user":{"email":"admin@test1.com","password":"admin@123"}}

08:29:30.088 [pool-2-thread-1] DEBUG com.intuit.karate - response time in milliseconds: 568
1 < 200
1 < x-powered-by: Express
1 < vary: Origin
1 < content-type: application/json; charset=utf-8
1 < etag: W/"134-/sCV0kTAqz5iQ7cNYcnJ4rs9xUY"
1 < x-cloud-trace-context: bdbc757d7d1464ec1d41232546fec9e8;o=1
1 < date: Tue, 25 Aug 2026 15:29:30 GMT
1 < server: Google Frontend
1 < Content-Length: 308
{"user":{"email":"admin@test1.com","username":"admin129","bio":null,"image":"https://conduit-api.bondaracademy.com/images/smiley-cyrus.jpeg","token":"eyJhbGciOiJIUzI1NiIsInR5cCI6IkpXVCJ9.eyJ1c2VyIjp7ImlkIjo2NDk2NX0sImlhdCI6MTc4NzY3MTc3MCwiZXhwIjoxNzkyODU1NzcwfQ.tyCfh1hbNyy3aItd_jeQiNhtkBWB5KCJzkDTOJr2ZdM"}}

08:29:30.107 [pool-2-thread-1] INFO  com.intuit.karate - [print] eyJhbGciOiJIUzI1NiIsInR5cCI6IkpXVCJ9.eyJ1c2VyIjp7ImlkIjo2NDk2NX0sImlhdCI6MTc4NzY3MTc3MCwiZXhwIjoxNzkyODU1NzcwfQ.tyCfh1hbNyy3aItd_jeQiNhtkBWB5KCJzkDTOJr2ZdM 
08:29:30.768 [pool-3-thread-1] INFO  com.intuit.karate.Suite - <<pass>> feature 1 of 1 (0 remaining) classpath:examples/helpers/CreateToken.feature
08:32:13.529 [main] DEBUG com.intuit.karate.Suite - [config] classpath:karate-config.js
08:32:13.535 [main] INFO  com.intuit.karate.Suite - backed up existing 'target\karate-reports' dir to: target\karate-reports_1787671933532
08:32:14.638 [pool-2-thread-1] INFO  com.intuit.karate - karate.env system property was: null 
08:32:15.013 [pool-2-thread-1] DEBUG com.intuit.karate - request:
1 > POST https://conduit-api.bondaracademy.com/api/users/login
1 > Content-Type: application/json; charset=UTF-8
1 > Content-Length: 59
1 > Host: conduit-api.bondaracademy.com
1 > Connection: Keep-Alive
1 > User-Agent: Apache-HttpClient/4.5.14 (Java/25.0.4)
1 > Accept-Encoding: gzip,deflate
{"user":{"email":"admin@test1.com","password":"admin@123"}}

08:32:15.706 [pool-2-thread-1] DEBUG com.intuit.karate - response time in milliseconds: 686
1 < 200
1 < x-powered-by: Express
1 < vary: Origin
1 < content-type: application/json; charset=utf-8
1 < etag: W/"134-S9FIdoW/SROJb//MFxqfgUM9VuU"
1 < x-cloud-trace-context: 1babdfc3ecdb741831b162bfd7605b08
1 < date: Tue, 25 Aug 2026 15:32:15 GMT
1 < server: Google Frontend
1 < Content-Length: 308
{"user":{"email":"admin@test1.com","username":"admin129","bio":null,"image":"https://conduit-api.bondaracademy.com/images/smiley-cyrus.jpeg","token":"eyJhbGciOiJIUzI1NiIsInR5cCI6IkpXVCJ9.eyJ1c2VyIjp7ImlkIjo2NDk2NX0sImlhdCI6MTc4NzY3MTkzNSwiZXhwIjoxNzkyODU1OTM1fQ.MrTEGdDRgbIZMcFNZCP-bKGrDomsx13U2JIQMeXUlT4"}}

08:32:15.734 [pool-2-thread-1] INFO  com.intuit.karate - [print] eyJhbGciOiJIUzI1NiIsInR5cCI6IkpXVCJ9.eyJ1c2VyIjp7ImlkIjo2NDk2NX0sImlhdCI6MTc4NzY3MTkzNSwiZXhwIjoxNzkyODU1OTM1fQ.MrTEGdDRgbIZMcFNZCP-bKGrDomsx13U2JIQMeXUlT4 
08:32:16.422 [pool-3-thread-1] INFO  com.intuit.karate.Suite - <<pass>> feature 1 of 1 (0 remaining) classpath:examples/helpers/CreateToken.feature
08:48:08.682 [main] ERROR c.intuit.karate.core.FeatureParser - not a valid feature file: examples/features/CreateArticle.feature - mismatched input '"' expecting <EOF>
08:49:52.433 [main] ERROR c.intuit.karate.core.FeatureParser - not a valid feature file: examples/features/CreateArticle.feature - mismatched input '"' expecting <EOF>
08:50:53.976 [main] ERROR c.intuit.karate.core.FeatureParser - not a valid feature file: examples/features/CreateArticle.feature - mismatched input '"' expecting <EOF>
08:51:59.536 [main] ERROR c.intuit.karate.core.FeatureParser - not a valid feature file: examples/features/CreateArticle.feature - mismatched input '"' expecting <EOF>
08:52:22.461 [main] ERROR c.intuit.karate.core.FeatureParser - not a valid feature file: examples/features/CreateArticle.feature - mismatched input '"' expecting <EOF>
08:55:21.055 [main] ERROR c.intuit.karate.core.FeatureParser - not a valid feature file: examples/features/CreateArticle.feature - mismatched input '"' expecting <EOF>
08:56:40.062 [main] DEBUG com.intuit.karate.Suite - [config] classpath:karate-config.js
08:56:40.068 [main] INFO  com.intuit.karate.Suite - backed up existing 'target\karate-reports' dir to: target\karate-reports_1787673400066
08:56:40.076 [main] DEBUG com.intuit.karate.Suite - waiting for 2 features to complete
08:56:41.245 [pool-2-thread-1] INFO  com.intuit.karate - karate.env system property was: null 
08:56:41.245 [pool-2-thread-2] INFO  com.intuit.karate - karate.env system property was: null 
08:56:41.325 [pool-2-thread-1] ERROR com.intuit.karate - classpath:examples/features/CreateArticle.feature:5
* def tokenrequest = callonce read('classpath:helpers/CreateToken.feature')
js failed:
>>>>
01: read('classpath:helpers/CreateToken.feature')
<<<<
org.graalvm.polyglot.PolyglotException: not found: helpers/CreateToken.feature
- com.intuit.karate.resource.ResourceUtils.getResource(ResourceUtils.java:126)
- com.intuit.karate.core.ScenarioFileReader.toResource(ScenarioFileReader.java:129)
- com.intuit.karate.core.ScenarioFileReader.readFile(ScenarioFileReader.java:64)
- com.intuit.karate.core.ScenarioEngine.lambda$new$0(ScenarioEngine.java:109)
- <js>.:program(Unnamed:1)

classpath:examples/features/CreateArticle.feature:5
08:56:41.639 [pool-2-thread-2] DEBUG com.intuit.karate - request:
1 > POST https://conduit-api.bondaracademy.com/api/users/login
1 > Content-Type: application/json; charset=UTF-8
1 > Content-Length: 59
1 > Host: conduit-api.bondaracademy.com
1 > Connection: Keep-Alive
1 > User-Agent: Apache-HttpClient/4.5.14 (Java/25.0.4)
1 > Accept-Encoding: gzip,deflate
{"user":{"email":"admin@test1.com","password":"admin@123"}}

08:56:42.115 [pool-3-thread-1] INFO  com.intuit.karate.Suite - <<fail>> feature 1 of 2 (1 remaining) classpath:examples/features/CreateArticle.feature
08:56:42.338 [pool-2-thread-2] DEBUG com.intuit.karate - response time in milliseconds: 694
1 < 200
1 < x-powered-by: Express
1 < vary: Origin
1 < content-type: application/json; charset=utf-8
1 < etag: W/"134-Tz2w9G9cdJWM57DOOHsDiioACxo"
1 < x-cloud-trace-context: 0aeb31651b3bd7514f47919f804af8a3;o=1
1 < date: Tue, 25 Aug 2026 15:56:42 GMT
1 < server: Google Frontend
1 < Content-Length: 308
{"user":{"email":"admin@test1.com","username":"admin129","bio":null,"image":"https://conduit-api.bondaracademy.com/images/smiley-cyrus.jpeg","token":"eyJhbGciOiJIUzI1NiIsInR5cCI6IkpXVCJ9.eyJ1c2VyIjp7ImlkIjo2NDk2NX0sImlhdCI6MTc4NzY3MzQwMiwiZXhwIjoxNzkyODU3NDAyfQ.o5to0QY5osE7ItTXbhak-7ZSiwum8CRuSt1FN2qO9qw"}}

08:56:42.348 [pool-2-thread-2] INFO  com.intuit.karate - [print] eyJhbGciOiJIUzI1NiIsInR5cCI6IkpXVCJ9.eyJ1c2VyIjp7ImlkIjo2NDk2NX0sImlhdCI6MTc4NzY3MzQwMiwiZXhwIjoxNzkyODU3NDAyfQ.o5to0QY5osE7ItTXbhak-7ZSiwum8CRuSt1FN2qO9qw 
08:56:42.431 [pool-3-thread-1] INFO  com.intuit.karate.Suite - <<pass>> feature 2 of 2 (0 remaining) classpath:examples/helpers/CreateToken.feature
08:58:56.426 [main] DEBUG com.intuit.karate.Suite - [config] classpath:karate-config.js
08:58:56.433 [main] INFO  com.intuit.karate.Suite - backed up existing 'target\karate-reports' dir to: target\karate-reports_1787673536429
08:58:56.439 [main] DEBUG com.intuit.karate.Suite - waiting for 2 features to complete
08:58:57.601 [pool-2-thread-2] INFO  com.intuit.karate - karate.env system property was: null 
08:58:57.601 [pool-2-thread-1] INFO  com.intuit.karate - karate.env system property was: null 
08:58:57.673 [pool-2-thread-1] ERROR com.intuit.karate - classpath:examples/features/CreateArticle.feature:5
* def tokenrequest = callonce read('classpath:helpers/CreateToken.feature')
js failed:
>>>>
01: read('classpath:helpers/CreateToken.feature')
<<<<
org.graalvm.polyglot.PolyglotException: not found: helpers/CreateToken.feature
- com.intuit.karate.resource.ResourceUtils.getResource(ResourceUtils.java:126)
- com.intuit.karate.core.ScenarioFileReader.toResource(ScenarioFileReader.java:129)
- com.intuit.karate.core.ScenarioFileReader.readFile(ScenarioFileReader.java:64)
- com.intuit.karate.core.ScenarioEngine.lambda$new$0(ScenarioEngine.java:109)
- <js>.:program(Unnamed:1)

classpath:examples/features/CreateArticle.feature:5
08:58:58.014 [pool-2-thread-2] DEBUG com.intuit.karate - request:
1 > POST https://conduit-api.bondaracademy.com/api/users/login
1 > Content-Type: application/json; charset=UTF-8
1 > Content-Length: 59
1 > Host: conduit-api.bondaracademy.com
1 > Connection: Keep-Alive
1 > User-Agent: Apache-HttpClient/4.5.14 (Java/25.0.4)
1 > Accept-Encoding: gzip,deflate
{"user":{"email":"admin@test1.com","password":"admin@123"}}

08:58:58.390 [pool-3-thread-1] INFO  com.intuit.karate.Suite - <<fail>> feature 1 of 2 (1 remaining) classpath:examples/features/CreateArticle.feature
08:58:58.635 [pool-2-thread-2] DEBUG com.intuit.karate - response time in milliseconds: 618
1 < 200
1 < x-powered-by: Express
1 < vary: Origin
1 < content-type: application/json; charset=utf-8
1 < etag: W/"134-YxDC910LEfVnVALcIaeCcFB8qHU"
1 < x-cloud-trace-context: 08e9874ebfcdd193a69f58918d80b22a;o=1
1 < date: Tue, 25 Aug 2026 15:58:58 GMT
1 < server: Google Frontend
1 < Content-Length: 308
{"user":{"email":"admin@test1.com","username":"admin129","bio":null,"image":"https://conduit-api.bondaracademy.com/images/smiley-cyrus.jpeg","token":"eyJhbGciOiJIUzI1NiIsInR5cCI6IkpXVCJ9.eyJ1c2VyIjp7ImlkIjo2NDk2NX0sImlhdCI6MTc4NzY3MzUzOCwiZXhwIjoxNzkyODU3NTM4fQ.R5o56XPVAdiabEchwUjurEPsiH9JfXKJ_snHiFBLhdU"}}

08:58:58.645 [pool-2-thread-2] INFO  com.intuit.karate - [print] eyJhbGciOiJIUzI1NiIsInR5cCI6IkpXVCJ9.eyJ1c2VyIjp7ImlkIjo2NDk2NX0sImlhdCI6MTc4NzY3MzUzOCwiZXhwIjoxNzkyODU3NTM4fQ.R5o56XPVAdiabEchwUjurEPsiH9JfXKJ_snHiFBLhdU 
08:58:58.740 [pool-3-thread-1] INFO  com.intuit.karate.Suite - <<pass>> feature 2 of 2 (0 remaining) classpath:examples/helpers/CreateToken.feature
09:00:40.421 [main] DEBUG com.intuit.karate.Suite - [config] classpath:karate-config.js
09:00:40.428 [main] INFO  com.intuit.karate.Suite - backed up existing 'target\karate-reports' dir to: target\karate-reports_1787673640425
09:00:40.434 [main] DEBUG com.intuit.karate.Suite - waiting for 2 features to complete
09:00:41.582 [pool-2-thread-1] INFO  com.intuit.karate - karate.env system property was: null 
09:00:41.582 [pool-2-thread-2] INFO  com.intuit.karate - karate.env system property was: null 
09:00:41.650 [pool-2-thread-1] ERROR com.intuit.karate - classpath:examples/features/CreateArticle.feature:5
* def tokenrequest = callonce read('classpath:helpers/CreateToken.feature')
js failed:
>>>>
01: read('classpath:helpers/CreateToken.feature')
<<<<
org.graalvm.polyglot.PolyglotException: not found: helpers/CreateToken.feature
- com.intuit.karate.resource.ResourceUtils.getResource(ResourceUtils.java:126)
- com.intuit.karate.core.ScenarioFileReader.toResource(ScenarioFileReader.java:129)
- com.intuit.karate.core.ScenarioFileReader.readFile(ScenarioFileReader.java:64)
- com.intuit.karate.core.ScenarioEngine.lambda$new$0(ScenarioEngine.java:109)
- <js>.:program(Unnamed:1)

classpath:examples/features/CreateArticle.feature:5
09:00:41.983 [pool-2-thread-2] DEBUG com.intuit.karate - request:
1 > POST https://conduit-api.bondaracademy.com/api/users/login
1 > Content-Type: application/json; charset=UTF-8
1 > Content-Length: 59
1 > Host: conduit-api.bondaracademy.com
1 > Connection: Keep-Alive
1 > User-Agent: Apache-HttpClient/4.5.14 (Java/25.0.4)
1 > Accept-Encoding: gzip,deflate
{"user":{"email":"admin@test1.com","password":"admin@123"}}

09:00:42.408 [pool-3-thread-1] INFO  com.intuit.karate.Suite - <<fail>> feature 1 of 2 (1 remaining) classpath:examples/features/CreateArticle.feature
09:00:42.632 [pool-2-thread-2] DEBUG com.intuit.karate - response time in milliseconds: 645
1 < 200
1 < x-powered-by: Express
1 < vary: Origin
1 < content-type: application/json; charset=utf-8
1 < etag: W/"134-fhCMi4npUJJn+mW4d8RE1HmyBcs"
1 < x-cloud-trace-context: e3f57f19c9ccc752f83f8514a26e3f4b;o=1
1 < date: Tue, 25 Aug 2026 16:00:42 GMT
1 < server: Google Frontend
1 < Content-Length: 308
{"user":{"email":"admin@test1.com","username":"admin129","bio":null,"image":"https://conduit-api.bondaracademy.com/images/smiley-cyrus.jpeg","token":"eyJhbGciOiJIUzI1NiIsInR5cCI6IkpXVCJ9.eyJ1c2VyIjp7ImlkIjo2NDk2NX0sImlhdCI6MTc4NzY3MzY0MiwiZXhwIjoxNzkyODU3NjQyfQ.RFKZ89kA_sYl90YX25yf9dEy9g5bWJkYJ9sOcp73QHk"}}

09:00:42.639 [pool-2-thread-2] INFO  com.intuit.karate - [print] eyJhbGciOiJIUzI1NiIsInR5cCI6IkpXVCJ9.eyJ1c2VyIjp7ImlkIjo2NDk2NX0sImlhdCI6MTc4NzY3MzY0MiwiZXhwIjoxNzkyODU3NjQyfQ.RFKZ89kA_sYl90YX25yf9dEy9g5bWJkYJ9sOcp73QHk 
09:00:42.742 [pool-3-thread-1] INFO  com.intuit.karate.Suite - <<pass>> feature 2 of 2 (0 remaining) classpath:examples/helpers/CreateToken.feature
09:01:56.662 [main] DEBUG com.intuit.karate.Suite - [config] classpath:karate-config.js
09:01:56.669 [main] INFO  com.intuit.karate.Suite - backed up existing 'target\karate-reports' dir to: target\karate-reports_1787673716665
09:01:57.773 [pool-2-thread-1] INFO  com.intuit.karate - karate.env system property was: null 
09:01:57.819 [pool-2-thread-1] INFO  com.intuit.karate - >> lock acquired, begin callonce: read('classpath:helpers/CreateToken.feature')
09:01:58.117 [pool-2-thread-1] DEBUG com.intuit.karate - request:
1 > POST https://conduit-api.bondaracademy.com/api/users/login
1 > Content-Type: application/json; charset=UTF-8
1 > Content-Length: 59
1 > Host: conduit-api.bondaracademy.com
1 > Connection: Keep-Alive
1 > User-Agent: Apache-HttpClient/4.5.14 (Java/25.0.4)
1 > Accept-Encoding: gzip,deflate
{"user":{"email":"admin@test1.com","password":"admin@123"}}

09:01:58.613 [pool-2-thread-1] DEBUG com.intuit.karate - response time in milliseconds: 486
1 < 200
1 < x-powered-by: Express
1 < vary: Origin
1 < content-type: application/json; charset=utf-8
1 < etag: W/"134-D4h9Vc5cVlpe70Z8B1O6nFRnodA"
1 < x-cloud-trace-context: ff8583a9cefdec110ea0fafa74d0680c;o=1
1 < date: Tue, 25 Aug 2026 16:01:58 GMT
1 < server: Google Frontend
1 < Content-Length: 308
{"user":{"email":"admin@test1.com","username":"admin129","bio":null,"image":"https://conduit-api.bondaracademy.com/images/smiley-cyrus.jpeg","token":"eyJhbGciOiJIUzI1NiIsInR5cCI6IkpXVCJ9.eyJ1c2VyIjp7ImlkIjo2NDk2NX0sImlhdCI6MTc4NzY3MzcxOCwiZXhwIjoxNzkyODU3NzE4fQ.6zeoo4c-0mZjS439RcPal-_9KrsA5-YFaH0fUx9GCco"}}

09:01:58.631 [pool-2-thread-1] INFO  com.intuit.karate - [print] eyJhbGciOiJIUzI1NiIsInR5cCI6IkpXVCJ9.eyJ1c2VyIjp7ImlkIjo2NDk2NX0sImlhdCI6MTc4NzY3MzcxOCwiZXhwIjoxNzkyODU3NzE4fQ.6zeoo4c-0mZjS439RcPal-_9KrsA5-YFaH0fUx9GCco 
09:01:58.632 [pool-2-thread-1] INFO  com.intuit.karate - << lock released, cached callonce: read('classpath:helpers/CreateToken.feature')
09:01:58.646 [pool-2-thread-1] DEBUG com.intuit.karate - request:
1 > POST https://conduit-api.bondaracademy.com/api/articles
1 > authorization: Token eyJhbGciOiJIUzI1NiIsInR5cCI6IkpXVCJ9.eyJ1c2VyIjp7ImlkIjo2NDk2NX0sImlhdCI6MTc4NzY3MzcxOCwiZXhwIjoxNzkyODU3NzE4fQ.6zeoo4c-0mZjS439RcPal-_9KrsA5-YFaH0fUx9GCco
1 > Content-Type: application/json; charset=UTF-8
1 > Content-Length: 105
1 > Host: conduit-api.bondaracademy.com
1 > Connection: Keep-Alive
1 > User-Agent: Apache-HttpClient/4.5.14 (Java/25.0.4)
1 > Accept-Encoding: gzip,deflate
{"article":{"title":"test article","description":"test article","body":"test article","tagList":["Mou"]}}

09:01:58.802 [pool-2-thread-1] DEBUG com.intuit.karate - response time in milliseconds: 153
1 < 422
1 < x-powered-by: Express
1 < vary: Origin
1 < content-type: application/json; charset=utf-8
1 < etag: W/"27-BNeuaWQ7DHvW/r+pl+qdJiF06Is"
1 < x-cloud-trace-context: 488cb2bc9745e798acad7a7dac2f0137
1 < date: Tue, 25 Aug 2026 16:01:58 GMT
1 < server: Google Frontend
1 < Content-Length: 39
{"errors":{"title":["must be unique"]}}

09:01:58.820 [pool-2-thread-1] ERROR com.intuit.karate - classpath:examples/features/CreateArticle.feature:16
Then status 201
status code was: 422, expected: 201, response time in milliseconds: 153, url: https://conduit-api.bondaracademy.com/api/articles, response: 
{"errors":{"title":["must be unique"]}}
classpath:examples/features/CreateArticle.feature:16
09:01:59.560 [pool-3-thread-1] INFO  com.intuit.karate.Suite - <<fail>> feature 1 of 1 (0 remaining) classpath:examples/features/CreateArticle.feature
09:02:29.557 [main] DEBUG com.intuit.karate.Suite - [config] classpath:karate-config.js
09:02:29.563 [main] INFO  com.intuit.karate.Suite - backed up existing 'target\karate-reports' dir to: target\karate-reports_1787673749561
09:02:30.694 [pool-2-thread-1] INFO  com.intuit.karate - karate.env system property was: null 
09:02:30.735 [pool-2-thread-1] INFO  com.intuit.karate - >> lock acquired, begin callonce: read('classpath:helpers/CreateToken.feature')
09:02:31.035 [pool-2-thread-1] DEBUG com.intuit.karate - request:
1 > POST https://conduit-api.bondaracademy.com/api/users/login
1 > Content-Type: application/json; charset=UTF-8
1 > Content-Length: 59
1 > Host: conduit-api.bondaracademy.com
1 > Connection: Keep-Alive
1 > User-Agent: Apache-HttpClient/4.5.14 (Java/25.0.4)
1 > Accept-Encoding: gzip,deflate
{"user":{"email":"admin@test1.com","password":"admin@123"}}

09:02:31.522 [pool-2-thread-1] DEBUG com.intuit.karate - response time in milliseconds: 478
1 < 200
1 < x-powered-by: Express
1 < vary: Origin
1 < content-type: application/json; charset=utf-8
1 < etag: W/"134-+HYVTvYN1ZaAAa8ag0Cdk/xjkaI"
1 < x-cloud-trace-context: 1bf7901e0804eacb52ff8220e75c22af;o=1
1 < date: Tue, 25 Aug 2026 16:02:31 GMT
1 < server: Google Frontend
1 < Content-Length: 308
{"user":{"email":"admin@test1.com","username":"admin129","bio":null,"image":"https://conduit-api.bondaracademy.com/images/smiley-cyrus.jpeg","token":"eyJhbGciOiJIUzI1NiIsInR5cCI6IkpXVCJ9.eyJ1c2VyIjp7ImlkIjo2NDk2NX0sImlhdCI6MTc4NzY3Mzc1MSwiZXhwIjoxNzkyODU3NzUxfQ.rU0yeyhKQHi1jxOExDONbLYE4itLfvoF1mv3MP132ug"}}

09:02:31.543 [pool-2-thread-1] INFO  com.intuit.karate - [print] eyJhbGciOiJIUzI1NiIsInR5cCI6IkpXVCJ9.eyJ1c2VyIjp7ImlkIjo2NDk2NX0sImlhdCI6MTc4NzY3Mzc1MSwiZXhwIjoxNzkyODU3NzUxfQ.rU0yeyhKQHi1jxOExDONbLYE4itLfvoF1mv3MP132ug 
09:02:31.544 [pool-2-thread-1] INFO  com.intuit.karate - << lock released, cached callonce: read('classpath:helpers/CreateToken.feature')
09:02:31.553 [pool-2-thread-1] DEBUG com.intuit.karate - request:
1 > POST https://conduit-api.bondaracademy.com/api/articles
1 > authorization: Token eyJhbGciOiJIUzI1NiIsInR5cCI6IkpXVCJ9.eyJ1c2VyIjp7ImlkIjo2NDk2NX0sImlhdCI6MTc4NzY3Mzc1MSwiZXhwIjoxNzkyODU3NzUxfQ.rU0yeyhKQHi1jxOExDONbLYE4itLfvoF1mv3MP132ug
1 > Content-Type: application/json; charset=UTF-8
1 > Content-Length: 105
1 > Host: conduit-api.bondaracademy.com
1 > Connection: Keep-Alive
1 > User-Agent: Apache-HttpClient/4.5.14 (Java/25.0.4)
1 > Accept-Encoding: gzip,deflate
{"article":{"title":"test article","description":"test article","body":"test article","tagList":["Mou"]}}

09:02:31.825 [pool-2-thread-1] DEBUG com.intuit.karate - response time in milliseconds: 270
1 < 201
1 < x-powered-by: Express
1 < vary: Origin
1 < content-type: application/json; charset=utf-8
1 < etag: W/"17f-7gvGvtQhVWD6SLPbGs7hBZctsT8"
1 < x-cloud-trace-context: 599378fdf10cb2a505e8bb639a196c45
1 < date: Tue, 25 Aug 2026 16:02:32 GMT
1 < server: Google Frontend
1 < Content-Length: 383
{"article":{"slug":"test-article-64965","title":"test article","description":"test article","body":"test article","tagList":["Mou"],"createdAt":"2026-08-25T16:02:31.914Z","updatedAt":"2026-08-25T16:02:31.914Z","favorited":false,"favoritesCount":0,"author":{"username":"admin129","bio":null,"image":"https://conduit-api.bondaracademy.com/images/smiley-cyrus.jpeg","following":false}}}

09:02:32.753 [pool-3-thread-1] INFO  com.intuit.karate.Suite - <<pass>> feature 1 of 1 (0 remaining) classpath:examples/features/CreateArticle.feature
09:07:48.288 [main] DEBUG com.intuit.karate.Suite - [config] classpath:karate-config.js
09:07:48.294 [main] INFO  com.intuit.karate.Suite - backed up existing 'target\karate-reports' dir to: target\karate-reports_1787674068292
09:07:49.358 [pool-2-thread-1] INFO  com.intuit.karate - karate.env system property was: null 
09:07:49.412 [pool-2-thread-1] ERROR com.intuit.karate - classpath:examples/features/CreateArticle.feature:5
* def tokenResponse = callonce read(classpath:helpers/CreateToken.feature)
js failed:
>>>>
01: read(classpath:helpers/CreateToken.feature)
<<<<
org.graalvm.polyglot.PolyglotException: SyntaxError: Unnamed:1:14 Expected , but found :
read(classpath:helpers/CreateToken.feature)
              ^

- org.graalvm.polyglot.Context.eval(Context.java:428)
- com.intuit.karate.graal.JsEngine.evalForValue(JsEngine.java:169)
- com.intuit.karate.graal.JsEngine.eval(JsEngine.java:165)
- com.intuit.karate.core.ScenarioEngine.evalJs(ScenarioEngine.java:1252)
- com.intuit.karate.core.ScenarioEngine.evalKarateExpression(ScenarioEngine.java:2204)
- com.intuit.karate.core.ScenarioEngine.evalKarateExpression(ScenarioEngine.java:2123)
- com.intuit.karate.core.ScenarioEngine.call(ScenarioEngine.java:1923)

classpath:examples/features/CreateArticle.feature:5
09:07:50.077 [pool-3-thread-1] INFO  com.intuit.karate.Suite - <<fail>> feature 1 of 1 (0 remaining) classpath:examples/features/CreateArticle.feature
09:08:23.324 [main] DEBUG com.intuit.karate.Suite - [config] classpath:karate-config.js
09:08:23.330 [main] INFO  com.intuit.karate.Suite - backed up existing 'target\karate-reports' dir to: target\karate-reports_1787674103328
09:08:24.376 [pool-2-thread-1] INFO  com.intuit.karate - karate.env system property was: null 
09:08:24.421 [pool-2-thread-1] INFO  com.intuit.karate - >> lock acquired, begin callonce: read('classpath:helpers/CreateToken.feature')
09:08:24.725 [pool-2-thread-1] DEBUG com.intuit.karate - request:
1 > POST https://conduit-api.bondaracademy.com/api/users/login
1 > Content-Type: application/json; charset=UTF-8
1 > Content-Length: 59
1 > Host: conduit-api.bondaracademy.com
1 > Connection: Keep-Alive
1 > User-Agent: Apache-HttpClient/4.5.14 (Java/25.0.4)
1 > Accept-Encoding: gzip,deflate
{"user":{"email":"admin@test1.com","password":"admin@123"}}

09:08:25.202 [pool-2-thread-1] DEBUG com.intuit.karate - response time in milliseconds: 470
1 < 200
1 < x-powered-by: Express
1 < vary: Origin
1 < content-type: application/json; charset=utf-8
1 < etag: W/"134-9blvBKY4cXpTxFtkfIMpFFcw29U"
1 < x-cloud-trace-context: c9ac83b84654f6a8c01f9eb1a6490ab2;o=1
1 < date: Tue, 25 Aug 2026 16:08:25 GMT
1 < server: Google Frontend
1 < Content-Length: 308
{"user":{"email":"admin@test1.com","username":"admin129","bio":null,"image":"https://conduit-api.bondaracademy.com/images/smiley-cyrus.jpeg","token":"eyJhbGciOiJIUzI1NiIsInR5cCI6IkpXVCJ9.eyJ1c2VyIjp7ImlkIjo2NDk2NX0sImlhdCI6MTc4NzY3NDEwNSwiZXhwIjoxNzkyODU4MTA1fQ.-g0kacSVhoNwD8Pd3Tiqp4Hn_gxY3XpHF040NC0ZukI"}}

09:08:25.227 [pool-2-thread-1] INFO  com.intuit.karate - [print] eyJhbGciOiJIUzI1NiIsInR5cCI6IkpXVCJ9.eyJ1c2VyIjp7ImlkIjo2NDk2NX0sImlhdCI6MTc4NzY3NDEwNSwiZXhwIjoxNzkyODU4MTA1fQ.-g0kacSVhoNwD8Pd3Tiqp4Hn_gxY3XpHF040NC0ZukI 
09:08:25.229 [pool-2-thread-1] INFO  com.intuit.karate - << lock released, cached callonce: read('classpath:helpers/CreateToken.feature')
09:08:25.240 [pool-2-thread-1] ERROR com.intuit.karate - classpath:examples/features/CreateArticle.feature:6
* def token = response.user.token
js failed:
>>>>
01: response.user.token
<<<<
org.graalvm.polyglot.PolyglotException: ReferenceError: "response" is not defined
- <js>.:program(Unnamed:1)

classpath:examples/features/CreateArticle.feature:6
09:08:25.994 [pool-3-thread-1] INFO  com.intuit.karate.Suite - <<fail>> feature 1 of 1 (0 remaining) classpath:examples/features/CreateArticle.feature
09:09:03.176 [main] DEBUG com.intuit.karate.Suite - [config] classpath:karate-config.js
09:09:03.185 [main] INFO  com.intuit.karate.Suite - backed up existing 'target\karate-reports' dir to: target\karate-reports_1787674143182
09:09:04.233 [pool-2-thread-1] INFO  com.intuit.karate - karate.env system property was: null 
09:09:04.281 [pool-2-thread-1] INFO  com.intuit.karate - >> lock acquired, begin callonce: read('classpath:helpers/CreateToken.feature')
09:09:04.580 [pool-2-thread-1] DEBUG com.intuit.karate - request:
1 > POST https://conduit-api.bondaracademy.com/api/users/login
1 > Content-Type: application/json; charset=UTF-8
1 > Content-Length: 59
1 > Host: conduit-api.bondaracademy.com
1 > Connection: Keep-Alive
1 > User-Agent: Apache-HttpClient/4.5.14 (Java/25.0.4)
1 > Accept-Encoding: gzip,deflate
{"user":{"email":"admin@test1.com","password":"admin@123"}}

09:09:05.098 [pool-2-thread-1] DEBUG com.intuit.karate - response time in milliseconds: 508
1 < 200
1 < x-powered-by: Express
1 < vary: Origin
1 < content-type: application/json; charset=utf-8
1 < etag: W/"134-xRxzW82c0HSGELF0ziAOH3n3Bp8"
1 < x-cloud-trace-context: 3865759b8de492782ece6a56cc990979
1 < date: Tue, 25 Aug 2026 16:09:05 GMT
1 < server: Google Frontend
1 < Content-Length: 308
{"user":{"email":"admin@test1.com","username":"admin129","bio":null,"image":"https://conduit-api.bondaracademy.com/images/smiley-cyrus.jpeg","token":"eyJhbGciOiJIUzI1NiIsInR5cCI6IkpXVCJ9.eyJ1c2VyIjp7ImlkIjo2NDk2NX0sImlhdCI6MTc4NzY3NDE0NSwiZXhwIjoxNzkyODU4MTQ1fQ.toNkOpkF3nqx3kywl6i0-MLjWlUdXhb_nprzy4SYWxw"}}

09:09:05.119 [pool-2-thread-1] INFO  com.intuit.karate - [print] eyJhbGciOiJIUzI1NiIsInR5cCI6IkpXVCJ9.eyJ1c2VyIjp7ImlkIjo2NDk2NX0sImlhdCI6MTc4NzY3NDE0NSwiZXhwIjoxNzkyODU4MTQ1fQ.toNkOpkF3nqx3kywl6i0-MLjWlUdXhb_nprzy4SYWxw 
09:09:05.120 [pool-2-thread-1] INFO  com.intuit.karate - << lock released, cached callonce: read('classpath:helpers/CreateToken.feature')
09:09:05.130 [pool-2-thread-1] DEBUG com.intuit.karate - request:
1 > POST https://conduit-api.bondaracademy.com/api/articles
1 > authorization: Token eyJhbGciOiJIUzI1NiIsInR5cCI6IkpXVCJ9.eyJ1c2VyIjp7ImlkIjo2NDk2NX0sImlhdCI6MTc4NzY3NDE0NSwiZXhwIjoxNzkyODU4MTQ1fQ.toNkOpkF3nqx3kywl6i0-MLjWlUdXhb_nprzy4SYWxw
1 > Content-Type: application/json; charset=UTF-8
1 > Content-Length: 105
1 > Host: conduit-api.bondaracademy.com
1 > Connection: Keep-Alive
1 > User-Agent: Apache-HttpClient/4.5.14 (Java/25.0.4)
1 > Accept-Encoding: gzip,deflate
{"article":{"title":"test article","description":"test article","body":"test article","tagList":["Mou"]}}

09:09:05.376 [pool-2-thread-1] DEBUG com.intuit.karate - response time in milliseconds: 245
1 < 201
1 < x-powered-by: Express
1 < vary: Origin
1 < content-type: application/json; charset=utf-8
1 < etag: W/"17f-ph7an7DWc+EF+d1B7CqFEhERP+w"
1 < x-cloud-trace-context: 5a8bf4f0d805ee6da5dd9119fea00342
1 < date: Tue, 25 Aug 2026 16:09:05 GMT
1 < server: Google Frontend
1 < Content-Length: 383
{"article":{"slug":"test-article-64965","title":"test article","description":"test article","body":"test article","tagList":["Mou"],"createdAt":"2026-08-25T16:09:05.477Z","updatedAt":"2026-08-25T16:09:05.477Z","favorited":false,"favoritesCount":0,"author":{"username":"admin129","bio":null,"image":"https://conduit-api.bondaracademy.com/images/smiley-cyrus.jpeg","following":false}}}

09:09:06.349 [pool-3-thread-1] INFO  com.intuit.karate.Suite - <<pass>> feature 1 of 1 (0 remaining) classpath:examples/features/CreateArticle.feature
09:12:40.438 [main] DEBUG com.intuit.karate.Suite - [config] classpath:karate-config.js
09:12:40.446 [main] INFO  com.intuit.karate.Suite - backed up existing 'target\karate-reports' dir to: target\karate-reports_1787674360443
09:12:41.906 [pool-2-thread-1] INFO  com.intuit.karate - karate.env system property was: null 
09:12:41.906 [pool-2-thread-2] INFO  com.intuit.karate - karate.env system property was: null 
09:12:41.973 [pool-2-thread-1] INFO  com.intuit.karate - >> lock acquired, begin callonce: read('classpath:helpers/CreateToken.feature')
09:12:42.409 [pool-2-thread-1] DEBUG com.intuit.karate - request:
1 > POST https://conduit-api.bondaracademy.com/api/users/login
1 > Content-Type: application/json; charset=UTF-8
1 > Content-Length: 59
1 > Host: conduit-api.bondaracademy.com
1 > Connection: Keep-Alive
1 > User-Agent: Apache-HttpClient/4.5.14 (Java/25.0.4)
1 > Accept-Encoding: gzip,deflate
{"user":{"email":"admin@test1.com","password":"admin@123"}}

09:12:43.078 [pool-2-thread-1] DEBUG com.intuit.karate - response time in milliseconds: 662
1 < 200
1 < x-powered-by: Express
1 < vary: Origin
1 < content-type: application/json; charset=utf-8
1 < etag: W/"134-knkEiCUmrma9iJGgAeTvcF2pTkk"
1 < x-cloud-trace-context: ad177c10c15f879ae85a3f7f510c9bfa;o=1
1 < date: Tue, 25 Aug 2026 16:12:43 GMT
1 < server: Google Frontend
1 < Content-Length: 308
{"user":{"email":"admin@test1.com","username":"admin129","bio":null,"image":"https://conduit-api.bondaracademy.com/images/smiley-cyrus.jpeg","token":"eyJhbGciOiJIUzI1NiIsInR5cCI6IkpXVCJ9.eyJ1c2VyIjp7ImlkIjo2NDk2NX0sImlhdCI6MTc4NzY3NDM2MywiZXhwIjoxNzkyODU4MzYzfQ.5FQca7kd5Z-Lisc8-0LUUGiffpyLXEeSSLgzTyvsR_k"}}

09:12:43.103 [pool-2-thread-1] INFO  com.intuit.karate - [print] eyJhbGciOiJIUzI1NiIsInR5cCI6IkpXVCJ9.eyJ1c2VyIjp7ImlkIjo2NDk2NX0sImlhdCI6MTc4NzY3NDM2MywiZXhwIjoxNzkyODU4MzYzfQ.5FQca7kd5Z-Lisc8-0LUUGiffpyLXEeSSLgzTyvsR_k 
09:12:43.105 [pool-2-thread-1] INFO  com.intuit.karate - << lock released, cached callonce: read('classpath:helpers/CreateToken.feature')
09:12:43.105 [pool-2-thread-2] WARN  com.intuit.karate - this thread waited 1132 milliseconds for callonce lock: read('classpath:helpers/CreateToken.feature')
09:12:43.125 [pool-2-thread-1] DEBUG com.intuit.karate - request:
1 > POST https://conduit-api.bondaracademy.com/api/articles
1 > authorization: Token eyJhbGciOiJIUzI1NiIsInR5cCI6IkpXVCJ9.eyJ1c2VyIjp7ImlkIjo2NDk2NX0sImlhdCI6MTc4NzY3NDM2MywiZXhwIjoxNzkyODU4MzYzfQ.5FQca7kd5Z-Lisc8-0LUUGiffpyLXEeSSLgzTyvsR_k
1 > Content-Type: application/json; charset=UTF-8
1 > Content-Length: 105
1 > Host: conduit-api.bondaracademy.com
1 > Connection: Keep-Alive
1 > User-Agent: Apache-HttpClient/4.5.14 (Java/25.0.4)
1 > Accept-Encoding: gzip,deflate
{"article":{"title":"test article","description":"test article","body":"test article","tagList":["Mou"]}}

09:12:43.138 [pool-2-thread-2] ERROR com.intuit.karate - classpath:examples/features/CreateArticle.feature:20
Given path 'articles',articleId
js failed:
>>>>
01: ['articles',articleId]
<<<<
org.graalvm.polyglot.PolyglotException: ReferenceError: "articleId" is not defined
- <js>.:program(Unnamed:1)

classpath:examples/features/CreateArticle.feature:20
09:12:43.294 [pool-2-thread-1] DEBUG com.intuit.karate - response time in milliseconds: 168
1 < 422
1 < x-powered-by: Express
1 < vary: Origin
1 < content-type: application/json; charset=utf-8
1 < etag: W/"27-BNeuaWQ7DHvW/r+pl+qdJiF06Is"
1 < x-cloud-trace-context: 606314a07bea6fcce9fc16aeb2f9f789
1 < date: Tue, 25 Aug 2026 16:12:43 GMT
1 < server: Google Frontend
1 < Content-Length: 39
{"errors":{"title":["must be unique"]}}

09:12:43.302 [pool-2-thread-1] ERROR com.intuit.karate - classpath:examples/features/CreateArticle.feature:15
Then status 201
status code was: 422, expected: 201, response time in milliseconds: 168, url: https://conduit-api.bondaracademy.com/api/articles, response: 
{"errors":{"title":["must be unique"]}}
classpath:examples/features/CreateArticle.feature:15
09:12:44.185 [pool-3-thread-1] INFO  com.intuit.karate.Suite - <<fail>> feature 1 of 1 (0 remaining) classpath:examples/features/CreateArticle.feature
09:13:10.869 [main] DEBUG com.intuit.karate.Suite - [config] classpath:karate-config.js
09:13:10.875 [main] INFO  com.intuit.karate.Suite - backed up existing 'target\karate-reports' dir to: target\karate-reports_1787674390872
09:13:12.028 [pool-2-thread-1] INFO  com.intuit.karate - karate.env system property was: null 
09:13:12.028 [pool-2-thread-2] INFO  com.intuit.karate - karate.env system property was: null 
09:13:12.092 [pool-2-thread-2] INFO  com.intuit.karate - >> lock acquired, begin callonce: read('classpath:helpers/CreateToken.feature')
09:13:12.376 [pool-2-thread-2] DEBUG com.intuit.karate - request:
1 > POST https://conduit-api.bondaracademy.com/api/users/login
1 > Content-Type: application/json; charset=UTF-8
1 > Content-Length: 59
1 > Host: conduit-api.bondaracademy.com
1 > Connection: Keep-Alive
1 > User-Agent: Apache-HttpClient/4.5.14 (Java/25.0.4)
1 > Accept-Encoding: gzip,deflate
{"user":{"email":"admin@test1.com","password":"admin@123"}}

09:13:12.862 [pool-2-thread-2] DEBUG com.intuit.karate - response time in milliseconds: 478
1 < 200
1 < x-powered-by: Express
1 < vary: Origin
1 < content-type: application/json; charset=utf-8
1 < etag: W/"134-VOyUKqoqUxzjrYj7rUx3hZmje1A"
1 < x-cloud-trace-context: 309a88969b98fb88a53b10d7e18aee86
1 < date: Tue, 25 Aug 2026 16:13:13 GMT
1 < server: Google Frontend
1 < Content-Length: 308
{"user":{"email":"admin@test1.com","username":"admin129","bio":null,"image":"https://conduit-api.bondaracademy.com/images/smiley-cyrus.jpeg","token":"eyJhbGciOiJIUzI1NiIsInR5cCI6IkpXVCJ9.eyJ1c2VyIjp7ImlkIjo2NDk2NX0sImlhdCI6MTc4NzY3NDM5MywiZXhwIjoxNzkyODU4MzkzfQ.YviO-Qf7RJ02BUSyLVb_UtqpLSwDab0QeoFcYS2WKgI"}}

09:13:12.886 [pool-2-thread-2] INFO  com.intuit.karate - [print] eyJhbGciOiJIUzI1NiIsInR5cCI6IkpXVCJ9.eyJ1c2VyIjp7ImlkIjo2NDk2NX0sImlhdCI6MTc4NzY3NDM5MywiZXhwIjoxNzkyODU4MzkzfQ.YviO-Qf7RJ02BUSyLVb_UtqpLSwDab0QeoFcYS2WKgI 
09:13:12.888 [pool-2-thread-2] INFO  com.intuit.karate - << lock released, cached callonce: read('classpath:helpers/CreateToken.feature')
09:13:12.888 [pool-2-thread-1] WARN  com.intuit.karate - this thread waited 796 milliseconds for callonce lock: read('classpath:helpers/CreateToken.feature')
09:13:12.899 [pool-2-thread-1] DEBUG com.intuit.karate - request:
1 > POST https://conduit-api.bondaracademy.com/api/articles
1 > authorization: Token eyJhbGciOiJIUzI1NiIsInR5cCI6IkpXVCJ9.eyJ1c2VyIjp7ImlkIjo2NDk2NX0sImlhdCI6MTc4NzY3NDM5MywiZXhwIjoxNzkyODU4MzkzfQ.YviO-Qf7RJ02BUSyLVb_UtqpLSwDab0QeoFcYS2WKgI
1 > Content-Type: application/json; charset=UTF-8
1 > Content-Length: 105
1 > Host: conduit-api.bondaracademy.com
1 > Connection: Keep-Alive
1 > User-Agent: Apache-HttpClient/4.5.14 (Java/25.0.4)
1 > Accept-Encoding: gzip,deflate
{"article":{"title":"test article","description":"test article","body":"test article","tagList":["Mou"]}}

09:13:12.909 [pool-2-thread-2] ERROR com.intuit.karate - classpath:examples/features/CreateArticle.feature:20
Given path 'articles',articleId
js failed:
>>>>
01: ['articles',articleId]
<<<<
org.graalvm.polyglot.PolyglotException: ReferenceError: "articleId" is not defined
- <js>.:program(Unnamed:1)

classpath:examples/features/CreateArticle.feature:20
09:13:13.153 [pool-2-thread-1] DEBUG com.intuit.karate - response time in milliseconds: 253
1 < 201
1 < x-powered-by: Express
1 < vary: Origin
1 < content-type: application/json; charset=utf-8
1 < etag: W/"17f-IPz3cdvNkSlFO0FxsO6wutpVvlY"
1 < x-cloud-trace-context: cd02cbf7cb383df9011e1f2815123667
1 < date: Tue, 25 Aug 2026 16:13:13 GMT
1 < server: Google Frontend
1 < Content-Length: 383
{"article":{"slug":"test-article-64965","title":"test article","description":"test article","body":"test article","tagList":["Mou"],"createdAt":"2026-08-25T16:13:13.264Z","updatedAt":"2026-08-25T16:13:13.264Z","favorited":false,"favoritesCount":0,"author":{"username":"admin129","bio":null,"image":"https://conduit-api.bondaracademy.com/images/smiley-cyrus.jpeg","following":false}}}

09:13:14.092 [pool-3-thread-1] INFO  com.intuit.karate.Suite - <<fail>> feature 1 of 1 (0 remaining) classpath:examples/features/CreateArticle.feature
09:15:07.575 [main] DEBUG com.intuit.karate.Suite - [config] classpath:karate-config.js
09:15:07.581 [main] INFO  com.intuit.karate.Suite - backed up existing 'target\karate-reports' dir to: target\karate-reports_1787674507579
09:15:08.645 [pool-2-thread-1] INFO  com.intuit.karate - karate.env system property was: null 
09:15:08.702 [pool-2-thread-1] INFO  com.intuit.karate - >> lock acquired, begin callonce: read('classpath:helpers/CreateToken.feature')
09:15:09.016 [pool-2-thread-1] DEBUG com.intuit.karate - request:
1 > POST https://conduit-api.bondaracademy.com/api/users/login
1 > Content-Type: application/json; charset=UTF-8
1 > Content-Length: 59
1 > Host: conduit-api.bondaracademy.com
1 > Connection: Keep-Alive
1 > User-Agent: Apache-HttpClient/4.5.14 (Java/25.0.4)
1 > Accept-Encoding: gzip,deflate
{"user":{"email":"admin@test1.com","password":"admin@123"}}

09:15:09.948 [pool-2-thread-1] DEBUG com.intuit.karate - response time in milliseconds: 927
1 < 200
1 < x-powered-by: Express
1 < vary: Origin
1 < content-type: application/json; charset=utf-8
1 < etag: W/"134-ozy5g4KR15sszxm1YpEqu0Ys+3Q"
1 < x-cloud-trace-context: e144ed9acde60ebd4c077f8b4936f3a9
1 < date: Tue, 25 Aug 2026 16:15:10 GMT
1 < server: Google Frontend
1 < Content-Length: 308
{"user":{"email":"admin@test1.com","username":"admin129","bio":null,"image":"https://conduit-api.bondaracademy.com/images/smiley-cyrus.jpeg","token":"eyJhbGciOiJIUzI1NiIsInR5cCI6IkpXVCJ9.eyJ1c2VyIjp7ImlkIjo2NDk2NX0sImlhdCI6MTc4NzY3NDUxMCwiZXhwIjoxNzkyODU4NTEwfQ.I8NcuPDYZxuEqov43QlUi3GIeWhBkdbtt1x3vBxEeRk"}}

09:15:09.971 [pool-2-thread-1] INFO  com.intuit.karate - [print] eyJhbGciOiJIUzI1NiIsInR5cCI6IkpXVCJ9.eyJ1c2VyIjp7ImlkIjo2NDk2NX0sImlhdCI6MTc4NzY3NDUxMCwiZXhwIjoxNzkyODU4NTEwfQ.I8NcuPDYZxuEqov43QlUi3GIeWhBkdbtt1x3vBxEeRk 
09:15:09.973 [pool-2-thread-1] INFO  com.intuit.karate - << lock released, cached callonce: read('classpath:helpers/CreateToken.feature')
09:15:09.982 [pool-2-thread-1] DEBUG com.intuit.karate - request:
1 > POST https://conduit-api.bondaracademy.com/api/articles
1 > authorization: Token eyJhbGciOiJIUzI1NiIsInR5cCI6IkpXVCJ9.eyJ1c2VyIjp7ImlkIjo2NDk2NX0sImlhdCI6MTc4NzY3NDUxMCwiZXhwIjoxNzkyODU4NTEwfQ.I8NcuPDYZxuEqov43QlUi3GIeWhBkdbtt1x3vBxEeRk
1 > Content-Type: application/json; charset=UTF-8
1 > Content-Length: 105
1 > Host: conduit-api.bondaracademy.com
1 > Connection: Keep-Alive
1 > User-Agent: Apache-HttpClient/4.5.14 (Java/25.0.4)
1 > Accept-Encoding: gzip,deflate
{"article":{"title":"test article","description":"test article","body":"test article","tagList":["Mou"]}}

09:15:10.564 [pool-2-thread-1] DEBUG com.intuit.karate - response time in milliseconds: 580
1 < 422
1 < x-powered-by: Express
1 < vary: Origin
1 < content-type: application/json; charset=utf-8
1 < etag: W/"27-BNeuaWQ7DHvW/r+pl+qdJiF06Is"
1 < x-cloud-trace-context: a30b21cb1ba62938c75d4a1717885461
1 < date: Tue, 25 Aug 2026 16:15:10 GMT
1 < server: Google Frontend
1 < Content-Length: 39
{"errors":{"title":["must be unique"]}}

09:15:10.571 [pool-2-thread-1] ERROR com.intuit.karate - classpath:examples/features/CreateArticle.feature:15
Then status 201
status code was: 422, expected: 201, response time in milliseconds: 580, url: https://conduit-api.bondaracademy.com/api/articles, response: 
{"errors":{"title":["must be unique"]}}
classpath:examples/features/CreateArticle.feature:15
09:15:11.372 [pool-3-thread-1] INFO  com.intuit.karate.Suite - <<fail>> feature 1 of 1 (0 remaining) classpath:examples/features/CreateArticle.feature
10:03:11.280 [main] DEBUG com.intuit.karate.Suite - [config] classpath:karate-config.js
10:03:11.294 [main] INFO  com.intuit.karate.Suite - backed up existing 'target\karate-reports' dir to: target\karate-reports_1787677391284
10:03:12.402 [pool-2-thread-1] INFO  com.intuit.karate - karate.env system property was: null 
10:03:12.444 [pool-2-thread-1] INFO  com.intuit.karate - >> lock acquired, begin callonce: read('classpath:helpers/CreateToken.feature')
10:03:12.745 [pool-2-thread-1] DEBUG com.intuit.karate - request:
1 > POST https://conduit-api.bondaracademy.com/api/users/login
1 > Content-Type: application/json; charset=UTF-8
1 > Content-Length: 59
1 > Host: conduit-api.bondaracademy.com
1 > Connection: Keep-Alive
1 > User-Agent: Apache-HttpClient/4.5.14 (Java/25.0.4)
1 > Accept-Encoding: gzip,deflate
{"user":{"email":"admin@test1.com","password":"admin@123"}}

10:03:13.624 [pool-2-thread-1] DEBUG com.intuit.karate - response time in milliseconds: 874
1 < 200
1 < x-powered-by: Express
1 < vary: Origin
1 < content-type: application/json; charset=utf-8
1 < etag: W/"134-sinJVZ2eFV1KRO9mylwQgHHi6+A"
1 < x-cloud-trace-context: 1b4055612bb34405dd22cef5e985051c
1 < date: Tue, 25 Aug 2026 17:03:13 GMT
1 < server: Google Frontend
1 < Content-Length: 308
{"user":{"email":"admin@test1.com","username":"admin129","bio":null,"image":"https://conduit-api.bondaracademy.com/images/smiley-cyrus.jpeg","token":"eyJhbGciOiJIUzI1NiIsInR5cCI6IkpXVCJ9.eyJ1c2VyIjp7ImlkIjo2NDk2NX0sImlhdCI6MTc4NzY3NzM5MywiZXhwIjoxNzkyODYxMzkzfQ.vNM7Hnx6tJj4HXHFKobFKy93w3yIat2w9Fs9nCDPQeU"}}

10:03:13.645 [pool-2-thread-1] INFO  com.intuit.karate - [print] eyJhbGciOiJIUzI1NiIsInR5cCI6IkpXVCJ9.eyJ1c2VyIjp7ImlkIjo2NDk2NX0sImlhdCI6MTc4NzY3NzM5MywiZXhwIjoxNzkyODYxMzkzfQ.vNM7Hnx6tJj4HXHFKobFKy93w3yIat2w9Fs9nCDPQeU 
10:03:13.646 [pool-2-thread-1] INFO  com.intuit.karate - << lock released, cached callonce: read('classpath:helpers/CreateToken.feature')
10:03:13.655 [pool-2-thread-1] DEBUG com.intuit.karate - request:
1 > POST https://conduit-api.bondaracademy.com/api/articles
1 > authorization: Token eyJhbGciOiJIUzI1NiIsInR5cCI6IkpXVCJ9.eyJ1c2VyIjp7ImlkIjo2NDk2NX0sImlhdCI6MTc4NzY3NzM5MywiZXhwIjoxNzkyODYxMzkzfQ.vNM7Hnx6tJj4HXHFKobFKy93w3yIat2w9Fs9nCDPQeU
1 > Content-Type: application/json; charset=UTF-8
1 > Content-Length: 105
1 > Host: conduit-api.bondaracademy.com
1 > Connection: Keep-Alive
1 > User-Agent: Apache-HttpClient/4.5.14 (Java/25.0.4)
1 > Accept-Encoding: gzip,deflate
{"article":{"title":"test article","description":"test article","body":"test article","tagList":["Mou"]}}

10:03:13.984 [pool-2-thread-1] DEBUG com.intuit.karate - response time in milliseconds: 327
1 < 201
1 < x-powered-by: Express
1 < vary: Origin
1 < content-type: application/json; charset=utf-8
1 < etag: W/"17f-aFKdZ6W8L9sNB04I1nvA2Xv39W8"
1 < x-cloud-trace-context: 8880668477abc49568eea416b0414441
1 < date: Tue, 25 Aug 2026 17:03:14 GMT
1 < server: Google Frontend
1 < Content-Length: 383
{"article":{"slug":"test-article-64965","title":"test article","description":"test article","body":"test article","tagList":["Mou"],"createdAt":"2026-08-25T17:03:14.054Z","updatedAt":"2026-08-25T17:03:14.054Z","favorited":false,"favoritesCount":0,"author":{"username":"admin129","bio":null,"image":"https://conduit-api.bondaracademy.com/images/smiley-cyrus.jpeg","following":false}}}

10:03:14.016 [pool-2-thread-1] ERROR com.intuit.karate - classpath:examples/features/CreateArticle.feature:20
When menthod Delete
no step-definition method match found for: menthod Delete
classpath:examples/features/CreateArticle.feature:20
10:03:15.159 [pool-3-thread-1] INFO  com.intuit.karate.Suite - <<fail>> feature 1 of 1 (0 remaining) classpath:examples/features/CreateArticle.feature
10:03:46.281 [main] DEBUG com.intuit.karate.Suite - [config] classpath:karate-config.js
10:03:46.287 [main] INFO  com.intuit.karate.Suite - backed up existing 'target\karate-reports' dir to: target\karate-reports_1787677426284
10:03:47.346 [pool-2-thread-1] INFO  com.intuit.karate - karate.env system property was: null 
10:03:47.387 [pool-2-thread-1] INFO  com.intuit.karate - >> lock acquired, begin callonce: read('classpath:helpers/CreateToken.feature')
10:03:47.660 [pool-2-thread-1] ERROR com.intuit.karate - org.apache.http.ProtocolException: Target host is not specified, http call failed after 179 milliseconds for url: /apiUrl/users/login
10:03:47.662 [pool-2-thread-1] ERROR com.intuit.karate - classpath:helpers/CreateToken.feature:9
When method post
http call failed after 179 milliseconds for url: /apiUrl/users/login
org.apache.http.ProtocolException: Target host is not specified
classpath:helpers/CreateToken.feature:9
10:03:47.664 [pool-2-thread-1] ERROR com.intuit.karate - classpath:examples/features/CreateArticle.feature:5
* def tokenResponse = callonce read('classpath:helpers/CreateToken.feature')
http call failed after 179 milliseconds for url: /apiUrl/users/login
org.apache.http.ProtocolException: Target host is not specified
classpath:helpers/CreateToken.feature:9
classpath:examples/features/CreateArticle.feature:5
10:03:48.497 [pool-3-thread-1] INFO  com.intuit.karate.Suite - <<fail>> feature 1 of 1 (0 remaining) classpath:examples/features/CreateArticle.feature
10:05:04.272 [main] DEBUG com.intuit.karate.Suite - [config] classpath:karate-config.js
10:05:04.278 [main] INFO  com.intuit.karate.Suite - backed up existing 'target\karate-reports' dir to: target\karate-reports_1787677504276
10:05:05.490 [pool-2-thread-1] INFO  com.intuit.karate - karate.env system property was: null 
10:05:05.530 [pool-2-thread-1] INFO  com.intuit.karate - >> lock acquired, begin callonce: read('classpath:helpers/CreateToken.feature')
10:05:05.807 [pool-2-thread-1] DEBUG com.intuit.karate - request:
1 > POST https://conduit-api.bondaracademy.com/api/users/login
1 > Content-Type: application/json; charset=UTF-8
1 > Content-Length: 59
1 > Host: conduit-api.bondaracademy.com
1 > Connection: Keep-Alive
1 > User-Agent: Apache-HttpClient/4.5.14 (Java/25.0.4)
1 > Accept-Encoding: gzip,deflate
{"user":{"email":"admin@test1.com","password":"admin@123"}}

10:05:06.297 [pool-2-thread-1] DEBUG com.intuit.karate - response time in milliseconds: 482
1 < 200
1 < x-powered-by: Express
1 < vary: Origin
1 < content-type: application/json; charset=utf-8
1 < etag: W/"134-Jb+WNB0ZC642MV72Kx8v4o6Hc+c"
1 < x-cloud-trace-context: 6967ab4cf2469a16ff67cd1651823984;o=1
1 < date: Tue, 25 Aug 2026 17:05:06 GMT
1 < server: Google Frontend
1 < Content-Length: 308
{"user":{"email":"admin@test1.com","username":"admin129","bio":null,"image":"https://conduit-api.bondaracademy.com/images/smiley-cyrus.jpeg","token":"eyJhbGciOiJIUzI1NiIsInR5cCI6IkpXVCJ9.eyJ1c2VyIjp7ImlkIjo2NDk2NX0sImlhdCI6MTc4NzY3NzUwNiwiZXhwIjoxNzkyODYxNTA2fQ.Y_bExNcs5yWx-nWryfx4J4Y-AsKMG6PezaHNDNQgZNE"}}

10:05:06.313 [pool-2-thread-1] INFO  com.intuit.karate - [print] eyJhbGciOiJIUzI1NiIsInR5cCI6IkpXVCJ9.eyJ1c2VyIjp7ImlkIjo2NDk2NX0sImlhdCI6MTc4NzY3NzUwNiwiZXhwIjoxNzkyODYxNTA2fQ.Y_bExNcs5yWx-nWryfx4J4Y-AsKMG6PezaHNDNQgZNE 
10:05:06.315 [pool-2-thread-1] INFO  com.intuit.karate - << lock released, cached callonce: read('classpath:helpers/CreateToken.feature')
10:05:06.324 [pool-2-thread-1] DEBUG com.intuit.karate - request:
1 > POST https://conduit-api.bondaracademy.com/api/articles
1 > authorization: Token eyJhbGciOiJIUzI1NiIsInR5cCI6IkpXVCJ9.eyJ1c2VyIjp7ImlkIjo2NDk2NX0sImlhdCI6MTc4NzY3NzUwNiwiZXhwIjoxNzkyODYxNTA2fQ.Y_bExNcs5yWx-nWryfx4J4Y-AsKMG6PezaHNDNQgZNE
1 > Content-Type: application/json; charset=UTF-8
1 > Content-Length: 105
1 > Host: conduit-api.bondaracademy.com
1 > Connection: Keep-Alive
1 > User-Agent: Apache-HttpClient/4.5.14 (Java/25.0.4)
1 > Accept-Encoding: gzip,deflate
{"article":{"title":"test article","description":"test article","body":"test article","tagList":["Mou"]}}

10:05:06.483 [pool-2-thread-1] DEBUG com.intuit.karate - response time in milliseconds: 157
1 < 422
1 < x-powered-by: Express
1 < vary: Origin
1 < content-type: application/json; charset=utf-8
1 < etag: W/"27-BNeuaWQ7DHvW/r+pl+qdJiF06Is"
1 < x-cloud-trace-context: 3abd5b9d773a27327d0c4c309261b0e3
1 < date: Tue, 25 Aug 2026 17:05:06 GMT
1 < server: Google Frontend
1 < Content-Length: 39
{"errors":{"title":["must be unique"]}}

10:05:06.500 [pool-2-thread-1] ERROR com.intuit.karate - classpath:examples/features/CreateArticle.feature:15
Then status 201
status code was: 422, expected: 201, response time in milliseconds: 157, url: https://conduit-api.bondaracademy.com/api/articles, response: 
{"errors":{"title":["must be unique"]}}
classpath:examples/features/CreateArticle.feature:15
10:05:07.356 [pool-3-thread-1] INFO  com.intuit.karate.Suite - <<fail>> feature 1 of 1 (0 remaining) classpath:examples/features/CreateArticle.feature
10:05:34.051 [main] DEBUG com.intuit.karate.Suite - [config] classpath:karate-config.js
10:05:34.057 [main] INFO  com.intuit.karate.Suite - backed up existing 'target\karate-reports' dir to: target\karate-reports_1787677534055
10:05:35.305 [pool-2-thread-1] INFO  com.intuit.karate - karate.env system property was: null 
10:05:35.351 [pool-2-thread-1] INFO  com.intuit.karate - >> lock acquired, begin callonce: read('classpath:helpers/CreateToken.feature')
10:05:35.636 [pool-2-thread-1] DEBUG com.intuit.karate - request:
1 > POST https://conduit-api.bondaracademy.com/api/users/login
1 > Content-Type: application/json; charset=UTF-8
1 > Content-Length: 59
1 > Host: conduit-api.bondaracademy.com
1 > Connection: Keep-Alive
1 > User-Agent: Apache-HttpClient/4.5.14 (Java/25.0.4)
1 > Accept-Encoding: gzip,deflate
{"user":{"email":"admin@test1.com","password":"admin@123"}}

10:05:36.175 [pool-2-thread-1] DEBUG com.intuit.karate - response time in milliseconds: 532
1 < 200
1 < x-powered-by: Express
1 < vary: Origin
1 < content-type: application/json; charset=utf-8
1 < etag: W/"134-XnDDql4H6P6IsugMRBWlyWUKWvg"
1 < x-cloud-trace-context: 954005cd5137f68fd8d9d2b5c9f4444b;o=1
1 < date: Tue, 25 Aug 2026 17:05:36 GMT
1 < server: Google Frontend
1 < Content-Length: 308
{"user":{"email":"admin@test1.com","username":"admin129","bio":null,"image":"https://conduit-api.bondaracademy.com/images/smiley-cyrus.jpeg","token":"eyJhbGciOiJIUzI1NiIsInR5cCI6IkpXVCJ9.eyJ1c2VyIjp7ImlkIjo2NDk2NX0sImlhdCI6MTc4NzY3NzUzNiwiZXhwIjoxNzkyODYxNTM2fQ.P3bEk2mYFYWYoueGES4t_-Mdc5F79QT0JXmNs5VA2p0"}}

10:05:36.198 [pool-2-thread-1] INFO  com.intuit.karate - [print] eyJhbGciOiJIUzI1NiIsInR5cCI6IkpXVCJ9.eyJ1c2VyIjp7ImlkIjo2NDk2NX0sImlhdCI6MTc4NzY3NzUzNiwiZXhwIjoxNzkyODYxNTM2fQ.P3bEk2mYFYWYoueGES4t_-Mdc5F79QT0JXmNs5VA2p0 
10:05:36.199 [pool-2-thread-1] INFO  com.intuit.karate - << lock released, cached callonce: read('classpath:helpers/CreateToken.feature')
10:05:36.208 [pool-2-thread-1] DEBUG com.intuit.karate - request:
1 > POST https://conduit-api.bondaracademy.com/api/articles
1 > authorization: Token eyJhbGciOiJIUzI1NiIsInR5cCI6IkpXVCJ9.eyJ1c2VyIjp7ImlkIjo2NDk2NX0sImlhdCI6MTc4NzY3NzUzNiwiZXhwIjoxNzkyODYxNTM2fQ.P3bEk2mYFYWYoueGES4t_-Mdc5F79QT0JXmNs5VA2p0
1 > Content-Type: application/json; charset=UTF-8
1 > Content-Length: 105
1 > Host: conduit-api.bondaracademy.com
1 > Connection: Keep-Alive
1 > User-Agent: Apache-HttpClient/4.5.14 (Java/25.0.4)
1 > Accept-Encoding: gzip,deflate
{"article":{"title":"test article","description":"test article","body":"test article","tagList":["Mou"]}}

10:05:36.453 [pool-2-thread-1] DEBUG com.intuit.karate - response time in milliseconds: 243
1 < 201
1 < x-powered-by: Express
1 < vary: Origin
1 < content-type: application/json; charset=utf-8
1 < etag: W/"17f-Mnxx7UG403MSSl/LVJP802haLf4"
1 < x-cloud-trace-context: c3b938f00e66d9a560384cb2a6581331
1 < date: Tue, 25 Aug 2026 17:05:36 GMT
1 < server: Google Frontend
1 < Content-Length: 383
{"article":{"slug":"test-article-64965","title":"test article","description":"test article","body":"test article","tagList":["Mou"],"createdAt":"2026-08-25T17:05:36.518Z","updatedAt":"2026-08-25T17:05:36.518Z","favorited":false,"favoritesCount":0,"author":{"username":"admin129","bio":null,"image":"https://conduit-api.bondaracademy.com/images/smiley-cyrus.jpeg","following":false}}}

10:05:36.500 [pool-2-thread-1] ERROR com.intuit.karate - classpath:examples/features/CreateArticle.feature:20
When menthod Delete
no step-definition method match found for: menthod Delete
classpath:examples/features/CreateArticle.feature:20
10:05:37.229 [pool-3-thread-1] INFO  com.intuit.karate.Suite - <<fail>> feature 1 of 1 (0 remaining) classpath:examples/features/CreateArticle.feature
10:07:18.730 [main] DEBUG com.intuit.karate.Suite - [config] classpath:karate-config.js
10:07:18.737 [main] INFO  com.intuit.karate.Suite - backed up existing 'target\karate-reports' dir to: target\karate-reports_1787677638734
10:07:20.028 [pool-2-thread-1] INFO  com.intuit.karate - karate.env system property was: null 
10:07:20.066 [pool-2-thread-1] INFO  com.intuit.karate - >> lock acquired, begin callonce: read('classpath:helpers/CreateToken.feature')
10:07:20.364 [pool-2-thread-1] DEBUG com.intuit.karate - request:
1 > POST https://conduit-api.bondaracademy.com/api/users/login
1 > Content-Type: application/json; charset=UTF-8
1 > Content-Length: 59
1 > Host: conduit-api.bondaracademy.com
1 > Connection: Keep-Alive
1 > User-Agent: Apache-HttpClient/4.5.14 (Java/25.0.4)
1 > Accept-Encoding: gzip,deflate
{"user":{"email":"admin@test1.com","password":"admin@123"}}

10:07:20.850 [pool-2-thread-1] DEBUG com.intuit.karate - response time in milliseconds: 482
1 < 200
1 < x-powered-by: Express
1 < vary: Origin
1 < content-type: application/json; charset=utf-8
1 < etag: W/"134-3cFChzLAWB26Wzxy2mNmGYSJHk8"
1 < x-cloud-trace-context: 37ecdbe201910ef57cb096b1c2819757;o=1
1 < date: Tue, 25 Aug 2026 17:07:20 GMT
1 < server: Google Frontend
1 < Content-Length: 308
{"user":{"email":"admin@test1.com","username":"admin129","bio":null,"image":"https://conduit-api.bondaracademy.com/images/smiley-cyrus.jpeg","token":"eyJhbGciOiJIUzI1NiIsInR5cCI6IkpXVCJ9.eyJ1c2VyIjp7ImlkIjo2NDk2NX0sImlhdCI6MTc4NzY3NzY0MCwiZXhwIjoxNzkyODYxNjQwfQ.Zl7fXV6lcNFCLTIB4Lsd7P0wdbecNg7c78CSHl0Uxug"}}

10:07:20.865 [pool-2-thread-1] INFO  com.intuit.karate - [print] eyJhbGciOiJIUzI1NiIsInR5cCI6IkpXVCJ9.eyJ1c2VyIjp7ImlkIjo2NDk2NX0sImlhdCI6MTc4NzY3NzY0MCwiZXhwIjoxNzkyODYxNjQwfQ.Zl7fXV6lcNFCLTIB4Lsd7P0wdbecNg7c78CSHl0Uxug 
10:07:20.867 [pool-2-thread-1] INFO  com.intuit.karate - << lock released, cached callonce: read('classpath:helpers/CreateToken.feature')
10:07:20.876 [pool-2-thread-1] DEBUG com.intuit.karate - request:
1 > POST https://conduit-api.bondaracademy.com/api/articles
1 > authorization: Token eyJhbGciOiJIUzI1NiIsInR5cCI6IkpXVCJ9.eyJ1c2VyIjp7ImlkIjo2NDk2NX0sImlhdCI6MTc4NzY3NzY0MCwiZXhwIjoxNzkyODYxNjQwfQ.Zl7fXV6lcNFCLTIB4Lsd7P0wdbecNg7c78CSHl0Uxug
1 > Content-Type: application/json; charset=UTF-8
1 > Content-Length: 105
1 > Host: conduit-api.bondaracademy.com
1 > Connection: Keep-Alive
1 > User-Agent: Apache-HttpClient/4.5.14 (Java/25.0.4)
1 > Accept-Encoding: gzip,deflate
{"article":{"title":"test article","description":"test article","body":"test article","tagList":["Mou"]}}

10:07:21.105 [pool-2-thread-1] DEBUG com.intuit.karate - response time in milliseconds: 227
1 < 201
1 < x-powered-by: Express
1 < vary: Origin
1 < content-type: application/json; charset=utf-8
1 < etag: W/"17f-ZWh2d2gEPYhiiyRDJVta7JS9Chg"
1 < x-cloud-trace-context: 21d00af3d4b324eb78468ed8dccfc2b1
1 < date: Tue, 25 Aug 2026 17:07:21 GMT
1 < server: Google Frontend
1 < Content-Length: 383
{"article":{"slug":"test-article-64965","title":"test article","description":"test article","body":"test article","tagList":["Mou"],"createdAt":"2026-08-25T17:07:21.190Z","updatedAt":"2026-08-25T17:07:21.190Z","favorited":false,"favoritesCount":0,"author":{"username":"admin129","bio":null,"image":"https://conduit-api.bondaracademy.com/images/smiley-cyrus.jpeg","following":false}}}

10:07:21.150 [pool-2-thread-1] ERROR com.intuit.karate - classpath:examples/features/CreateArticle.feature:20
When menthod Delete
no step-definition method match found for: menthod Delete
classpath:examples/features/CreateArticle.feature:20
10:07:21.916 [pool-3-thread-1] INFO  com.intuit.karate.Suite - <<fail>> feature 1 of 1 (0 remaining) classpath:examples/features/CreateArticle.feature
10:08:18.001 [main] DEBUG com.intuit.karate.Suite - [config] classpath:karate-config.js
10:08:18.007 [main] INFO  com.intuit.karate.Suite - backed up existing 'target\karate-reports' dir to: target\karate-reports_1787677698005
10:08:19.117 [pool-2-thread-1] INFO  com.intuit.karate - karate.env system property was: null 
10:08:19.160 [pool-2-thread-1] INFO  com.intuit.karate - >> lock acquired, begin callonce: read('classpath:helpers/CreateToken.feature')
10:08:19.458 [pool-2-thread-1] DEBUG com.intuit.karate - request:
1 > POST https://conduit-api.bondaracademy.com/api/users/login
1 > Content-Type: application/json; charset=UTF-8
1 > Content-Length: 59
1 > Host: conduit-api.bondaracademy.com
1 > Connection: Keep-Alive
1 > User-Agent: Apache-HttpClient/4.5.14 (Java/25.0.4)
1 > Accept-Encoding: gzip,deflate
{"user":{"email":"admin@test1.com","password":"admin@123"}}

10:08:19.942 [pool-2-thread-1] DEBUG com.intuit.karate - response time in milliseconds: 477
1 < 200
1 < x-powered-by: Express
1 < vary: Origin
1 < content-type: application/json; charset=utf-8
1 < etag: W/"134-KCcv41wR/ojeCx6pWj/tT9zqEZY"
1 < x-cloud-trace-context: 81d264c4070b42d517f4bfa506e8e3f1
1 < date: Tue, 25 Aug 2026 17:08:20 GMT
1 < server: Google Frontend
1 < Content-Length: 308
{"user":{"email":"admin@test1.com","username":"admin129","bio":null,"image":"https://conduit-api.bondaracademy.com/images/smiley-cyrus.jpeg","token":"eyJhbGciOiJIUzI1NiIsInR5cCI6IkpXVCJ9.eyJ1c2VyIjp7ImlkIjo2NDk2NX0sImlhdCI6MTc4NzY3NzcwMCwiZXhwIjoxNzkyODYxNzAwfQ.-e5YTcQ4SRcMrkw188AOyUtEYRE_9Kil0is5NKrj_V0"}}

10:08:19.965 [pool-2-thread-1] INFO  com.intuit.karate - [print] eyJhbGciOiJIUzI1NiIsInR5cCI6IkpXVCJ9.eyJ1c2VyIjp7ImlkIjo2NDk2NX0sImlhdCI6MTc4NzY3NzcwMCwiZXhwIjoxNzkyODYxNzAwfQ.-e5YTcQ4SRcMrkw188AOyUtEYRE_9Kil0is5NKrj_V0 
10:08:19.969 [pool-2-thread-1] INFO  com.intuit.karate - << lock released, cached callonce: read('classpath:helpers/CreateToken.feature')
10:08:19.992 [pool-2-thread-1] DEBUG com.intuit.karate - request:
1 > POST https://conduit-api.bondaracademy.com/api/articles
1 > authorization: Token eyJhbGciOiJIUzI1NiIsInR5cCI6IkpXVCJ9.eyJ1c2VyIjp7ImlkIjo2NDk2NX0sImlhdCI6MTc4NzY3NzcwMCwiZXhwIjoxNzkyODYxNzAwfQ.-e5YTcQ4SRcMrkw188AOyUtEYRE_9Kil0is5NKrj_V0
1 > Content-Type: application/json; charset=UTF-8
1 > Content-Length: 105
1 > Host: conduit-api.bondaracademy.com
1 > Connection: Keep-Alive
1 > User-Agent: Apache-HttpClient/4.5.14 (Java/25.0.4)
1 > Accept-Encoding: gzip,deflate
{"article":{"title":"test article","description":"test article","body":"test article","tagList":["Mou"]}}

10:08:20.470 [pool-2-thread-1] DEBUG com.intuit.karate - response time in milliseconds: 477
1 < 201
1 < x-powered-by: Express
1 < vary: Origin
1 < content-type: application/json; charset=utf-8
1 < etag: W/"17f-OrrUpqLPGeLg+AQ/ii+kyqZ5PIQ"
1 < x-cloud-trace-context: 4c29aa1376dcaf9ac75f7e485ff7da5b
1 < date: Tue, 25 Aug 2026 17:08:20 GMT
1 < server: Google Frontend
1 < Content-Length: 383
{"article":{"slug":"test-article-64965","title":"test article","description":"test article","body":"test article","tagList":["Mou"],"createdAt":"2026-08-25T17:08:20.487Z","updatedAt":"2026-08-25T17:08:20.487Z","favorited":false,"favoritesCount":0,"author":{"username":"admin129","bio":null,"image":"https://conduit-api.bondaracademy.com/images/smiley-cyrus.jpeg","following":false}}}

10:08:20.513 [pool-2-thread-1] DEBUG com.intuit.karate - request:
2 > DELETE https://conduit-api.bondaracademy.com/api/articles/test-article-64965
2 > authorization: Token eyJhbGciOiJIUzI1NiIsInR5cCI6IkpXVCJ9.eyJ1c2VyIjp7ImlkIjo2NDk2NX0sImlhdCI6MTc4NzY3NzcwMCwiZXhwIjoxNzkyODYxNzAwfQ.-e5YTcQ4SRcMrkw188AOyUtEYRE_9Kil0is5NKrj_V0
2 > Host: conduit-api.bondaracademy.com
2 > Connection: Keep-Alive
2 > User-Agent: Apache-HttpClient/4.5.14 (Java/25.0.4)
2 > Accept-Encoding: gzip,deflate


10:08:20.708 [pool-2-thread-1] DEBUG com.intuit.karate - response time in milliseconds: 193
2 < 204
2 < x-powered-by: Express
2 < vary: Origin
2 < etag: W/"a-bAsFyilMr4Ra1hIU5PyoyFRunpI"
2 < x-cloud-trace-context: 66a49003c217659744baa786c7003877
2 < date: Tue, 25 Aug 2026 17:08:20 GMT
2 < content-type: text/html
2 < server: Google Frontend


10:08:21.511 [pool-3-thread-1] INFO  com.intuit.karate.Suite - <<pass>> feature 1 of 1 (0 remaining) classpath:examples/features/CreateArticle.feature
10:12:38.800 [main] DEBUG com.intuit.karate.Suite - [config] classpath:karate-config.js
10:12:38.806 [main] INFO  com.intuit.karate.Suite - backed up existing 'target\karate-reports' dir to: target\karate-reports_1787677958804
10:12:39.882 [pool-2-thread-1] INFO  com.intuit.karate - karate.env system property was: null 
10:12:39.921 [pool-2-thread-1] INFO  com.intuit.karate - >> lock acquired, begin callonce: read('classpath:helpers/CreateToken.feature')
10:12:40.282 [pool-2-thread-1] DEBUG com.intuit.karate - request:
1 > POST https://conduit-api.bondaracademy.com/api/users/login
1 > Content-Type: application/json; charset=UTF-8
1 > Content-Length: 59
1 > Host: conduit-api.bondaracademy.com
1 > Connection: Keep-Alive
1 > User-Agent: Apache-HttpClient/4.5.14 (Java/25.0.4)
1 > Accept-Encoding: gzip,deflate
{"user":{"email":"admin@test1.com","password":"admin@123"}}

10:12:40.880 [pool-2-thread-1] DEBUG com.intuit.karate - response time in milliseconds: 594
1 < 200
1 < x-powered-by: Express
1 < vary: Origin
1 < content-type: application/json; charset=utf-8
1 < etag: W/"134-OvM6TsHWF+z2RUkag/y3oQLJC1s"
1 < x-cloud-trace-context: 846bfc7b649b37a53db7bd9c48bd6af0;o=1
1 < date: Tue, 25 Aug 2026 17:12:41 GMT
1 < server: Google Frontend
1 < Content-Length: 308
{"user":{"email":"admin@test1.com","username":"admin129","bio":null,"image":"https://conduit-api.bondaracademy.com/images/smiley-cyrus.jpeg","token":"eyJhbGciOiJIUzI1NiIsInR5cCI6IkpXVCJ9.eyJ1c2VyIjp7ImlkIjo2NDk2NX0sImlhdCI6MTc4NzY3Nzk2MSwiZXhwIjoxNzkyODYxOTYxfQ.K3jFiKzYSl2Ibli-TA-EXh51kQ0hi0WlRq0EcX78JwE"}}

10:12:40.892 [pool-2-thread-1] INFO  com.intuit.karate - [print] eyJhbGciOiJIUzI1NiIsInR5cCI6IkpXVCJ9.eyJ1c2VyIjp7ImlkIjo2NDk2NX0sImlhdCI6MTc4NzY3Nzk2MSwiZXhwIjoxNzkyODYxOTYxfQ.K3jFiKzYSl2Ibli-TA-EXh51kQ0hi0WlRq0EcX78JwE 
10:12:40.893 [pool-2-thread-1] INFO  com.intuit.karate - << lock released, cached callonce: read('classpath:helpers/CreateToken.feature')
10:12:40.907 [pool-2-thread-1] DEBUG com.intuit.karate - request:
1 > POST https://conduit-api.bondaracademy.com/api/articles
1 > authorization: Token eyJhbGciOiJIUzI1NiIsInR5cCI6IkpXVCJ9.eyJ1c2VyIjp7ImlkIjo2NDk2NX0sImlhdCI6MTc4NzY3Nzk2MSwiZXhwIjoxNzkyODYxOTYxfQ.K3jFiKzYSl2Ibli-TA-EXh51kQ0hi0WlRq0EcX78JwE
1 > Content-Type: application/json; charset=UTF-8
1 > Content-Length: 105
1 > Host: conduit-api.bondaracademy.com
1 > Connection: Keep-Alive
1 > User-Agent: Apache-HttpClient/4.5.14 (Java/25.0.4)
1 > Accept-Encoding: gzip,deflate
{"article":{"title":"test article","description":"test article","body":"test article","tagList":["Mou"]}}

10:12:41.138 [pool-2-thread-1] DEBUG com.intuit.karate - response time in milliseconds: 227
1 < 201
1 < x-powered-by: Express
1 < vary: Origin
1 < content-type: application/json; charset=utf-8
1 < etag: W/"17f-dj0Mg5PQNfe+tlVWI/DTu+Pq7lc"
1 < x-cloud-trace-context: e95e5bb62cf99044ba093ca32b4555f0
1 < date: Tue, 25 Aug 2026 17:12:41 GMT
1 < server: Google Frontend
1 < Content-Length: 383
{"article":{"slug":"test-article-64965","title":"test article","description":"test article","body":"test article","tagList":["Mou"],"createdAt":"2026-08-25T17:12:41.213Z","updatedAt":"2026-08-25T17:12:41.213Z","favorited":false,"favoritesCount":0,"author":{"username":"admin129","bio":null,"image":"https://conduit-api.bondaracademy.com/images/smiley-cyrus.jpeg","following":false}}}

10:12:41.185 [pool-2-thread-1] DEBUG com.intuit.karate - request:
2 > DELETE https://conduit-api.bondaracademy.com/api/articles/test-article-64965
2 > authorization: Token eyJhbGciOiJIUzI1NiIsInR5cCI6IkpXVCJ9.eyJ1c2VyIjp7ImlkIjo2NDk2NX0sImlhdCI6MTc4NzY3Nzk2MSwiZXhwIjoxNzkyODYxOTYxfQ.K3jFiKzYSl2Ibli-TA-EXh51kQ0hi0WlRq0EcX78JwE
2 > Host: conduit-api.bondaracademy.com
2 > Connection: Keep-Alive
2 > User-Agent: Apache-HttpClient/4.5.14 (Java/25.0.4)
2 > Accept-Encoding: gzip,deflate


10:12:41.397 [pool-2-thread-1] DEBUG com.intuit.karate - response time in milliseconds: 211
2 < 204
2 < x-powered-by: Express
2 < vary: Origin
2 < etag: W/"a-bAsFyilMr4Ra1hIU5PyoyFRunpI"
2 < x-cloud-trace-context: 3251fc7f69bfb40efde3f1303feeae2f
2 < date: Tue, 25 Aug 2026 17:12:41 GMT
2 < content-type: text/html
2 < server: Google Frontend


10:12:42.155 [pool-3-thread-1] INFO  com.intuit.karate.Suite - <<pass>> feature 1 of 1 (0 remaining) classpath:examples/features/CreateArticle.feature
10:24:20.687 [main] INFO  com.intuit.karate.Runner - using system property 'karate.options': --tags @debug
10:24:21.711 [main] ERROR c.intuit.karate.core.FeatureParser - not a valid feature file: examples/features/Signup.feature - extraneous input '\r\n\r\nExamples:' expecting {<EOF>, SCENARIO, SCENARIO_OUTLINE, TAGS, NEWLINE}
10:24:49.318 [main] INFO  com.intuit.karate.Runner - using system property 'karate.options': --tags @debug
10:24:50.150 [main] DEBUG com.intuit.karate.Suite - [config] classpath:karate-config.js
10:24:50.154 [main] INFO  com.intuit.karate.Suite - backed up existing 'target\karate-reports' dir to: target\karate-reports_1787678690151
10:24:50.163 [main] DEBUG com.intuit.karate.Suite - waiting for 2 features to complete
10:24:51.259 [pool-2-thread-1] INFO  com.intuit.karate - karate.env system property was: null 
10:24:51.686 [pool-2-thread-1] DEBUG com.intuit.karate - request:
1 > POST https://conduit-api.bondaracademy.com/api/users
1 > Content-Type: application/json; charset=UTF-8
1 > Content-Length: 63
1 > Host: conduit-api.bondaracademy.com
1 > Connection: Keep-Alive
1 > User-Agent: Apache-HttpClient/4.5.14 (Java/25.0.4)
1 > Accept-Encoding: gzip,deflate
{"user":{"email":"wewwerwr","password":"wew","username":"wew"}}

10:24:52.139 [pool-2-thread-1] DEBUG com.intuit.karate - response time in milliseconds: 448
1 < 422
1 < x-powered-by: Express
1 < vary: Origin
1 < content-type: application/json; charset=utf-8
1 < etag: W/"59-g1h5q8UyP6j/oSGpN82i2Zi+tV0"
1 < x-cloud-trace-context: a7b8eee9b3cd57c5f9ef83beaf442183;o=1
1 < date: Tue, 25 Aug 2026 17:24:52 GMT
1 < server: Google Frontend
1 < Content-Length: 89
{"errors":{"email":["is invalid"],"password":["is too short (minimum is 8 characters)"]}}

10:24:52.159 [pool-2-thread-1] ERROR com.intuit.karate - classpath:examples/features/Signup.feature:16
And match response == {email: ["is invalid"], password: ["is too short (minimum is 8 characters)"]}}
match failed: EQUALS
  $ | not equal | actual does not contain key - 'email' (MAP:MAP)
  {"errors":{"email":["is invalid"],"password":["is too short (minimum is 8 characters)"]}}
  {"email":["is invalid"],"password":["is too short (minimum is 8 characters)"]}


classpath:examples/features/Signup.feature:16
10:24:52.770 [pool-3-thread-1] INFO  com.intuit.karate.Suite - <<fail>> feature 2 of 2 (0 remaining) classpath:examples/features/Signup.feature
10:25:53.527 [main] INFO  com.intuit.karate.Runner - using system property 'karate.options': --tags @debug
10:25:54.410 [main] DEBUG com.intuit.karate.Suite - [config] classpath:karate-config.js
10:25:54.420 [main] INFO  com.intuit.karate.Suite - backed up existing 'target\karate-reports' dir to: target\karate-reports_1787678754411
10:25:54.426 [main] DEBUG com.intuit.karate.Suite - waiting for 2 features to complete
10:25:55.538 [pool-2-thread-1] INFO  com.intuit.karate - karate.env system property was: null 
10:25:55.838 [pool-2-thread-1] DEBUG com.intuit.karate - request:
1 > POST https://conduit-api.bondaracademy.com/api/users
1 > Content-Type: application/json; charset=UTF-8
1 > Content-Length: 63
1 > Host: conduit-api.bondaracademy.com
1 > Connection: Keep-Alive
1 > User-Agent: Apache-HttpClient/4.5.14 (Java/25.0.4)
1 > Accept-Encoding: gzip,deflate
{"user":{"email":"wewwerwr","password":"wew","username":"wew"}}

10:25:56.236 [pool-2-thread-1] DEBUG com.intuit.karate - response time in milliseconds: 394
1 < 422
1 < x-powered-by: Express
1 < vary: Origin
1 < content-type: application/json; charset=utf-8
1 < etag: W/"59-g1h5q8UyP6j/oSGpN82i2Zi+tV0"
1 < x-cloud-trace-context: fadadb9c4612fd3ddcce3210f15b0140;o=1
1 < date: Tue, 25 Aug 2026 17:25:56 GMT
1 < server: Google Frontend
1 < Content-Length: 89
{"errors":{"email":["is invalid"],"password":["is too short (minimum is 8 characters)"]}}

10:25:56.948 [pool-3-thread-1] INFO  com.intuit.karate.Suite - <<pass>> feature 2 of 2 (0 remaining) classpath:examples/features/Signup.feature
10:27:25.164 [main] INFO  com.intuit.karate.Runner - using system property 'karate.options': --tags @debug
10:27:26.060 [main] DEBUG com.intuit.karate.Suite - [config] classpath:karate-config.js
10:27:26.064 [main] INFO  com.intuit.karate.Suite - backed up existing 'target\karate-reports' dir to: target\karate-reports_1787678846062
10:27:26.069 [main] DEBUG com.intuit.karate.Suite - waiting for 2 features to complete
10:27:27.390 [pool-2-thread-2] INFO  com.intuit.karate - karate.env system property was: null 
10:27:27.390 [pool-2-thread-1] INFO  com.intuit.karate - karate.env system property was: null 
10:27:27.691 [pool-2-thread-1] DEBUG com.intuit.karate - request:
1 > POST https://conduit-api.bondaracademy.com/api/users
1 > Content-Type: application/json; charset=UTF-8
1 > Content-Length: 63
1 > Host: conduit-api.bondaracademy.com
1 > Connection: Keep-Alive
1 > User-Agent: Apache-HttpClient/4.5.14 (Java/25.0.4)
1 > Accept-Encoding: gzip,deflate
{"user":{"email":"wewwerwr","password":"wew","username":"wew"}}

10:27:27.691 [pool-2-thread-2] DEBUG com.intuit.karate - request:
1 > POST https://conduit-api.bondaracademy.com/api/users
1 > Content-Type: application/json; charset=UTF-8
1 > Content-Length: 66
1 > Host: conduit-api.bondaracademy.com
1 > Connection: Keep-Alive
1 > User-Agent: Apache-HttpClient/4.5.14 (Java/25.0.4)
1 > Accept-Encoding: gzip,deflate
{"user":{"email":"wew@tes.com","password":"wew","username":"wew"}}

10:27:28.055 [pool-2-thread-2] DEBUG com.intuit.karate - response time in milliseconds: 360
1 < 422
1 < x-powered-by: Express
1 < vary: Origin
1 < content-type: application/json; charset=utf-8
1 < etag: W/"42-UacmJpJtrjcDwm4VS9rFYwj6xG4"
1 < x-cloud-trace-context: d614390adae82d98b47c904cd6126a21;o=1
1 < date: Tue, 25 Aug 2026 17:27:28 GMT
1 < server: Google Frontend
1 < Content-Length: 66
{"errors":{"password":["is too short (minimum is 8 characters)"]}}

10:27:28.055 [pool-2-thread-1] DEBUG com.intuit.karate - response time in milliseconds: 363
1 < 422
1 < x-powered-by: Express
1 < vary: Origin
1 < content-type: application/json; charset=utf-8
1 < etag: W/"59-g1h5q8UyP6j/oSGpN82i2Zi+tV0"
1 < x-cloud-trace-context: 76378a46d73ba008f35774f6fabd5799
1 < date: Tue, 25 Aug 2026 17:27:28 GMT
1 < server: Google Frontend
1 < Content-Length: 89
{"errors":{"email":["is invalid"],"password":["is too short (minimum is 8 characters)"]}}

10:27:28.693 [pool-3-thread-1] INFO  com.intuit.karate.Suite - <<pass>> feature 2 of 2 (0 remaining) classpath:examples/features/Signup.feature
16:19:53.003 [main] INFO  com.intuit.karate.Runner - using system property 'karate.options': --tags @signup
16:19:54.006 [main] DEBUG com.intuit.karate.Suite - [config] classpath:karate-config.js
16:19:54.012 [main] INFO  com.intuit.karate.Suite - backed up existing 'target\karate-reports' dir to: target\karate-reports_1788045594008
16:19:54.020 [main] DEBUG com.intuit.karate.Suite - waiting for 2 features to complete
16:19:55.372 [pool-2-thread-2] INFO  com.intuit.karate - karate.env system property was: null 
16:19:55.372 [pool-2-thread-1] INFO  com.intuit.karate - karate.env system property was: null 
16:19:55.445 [pool-2-thread-2] ERROR com.intuit.karate - classpath:examples/features/Signup.feature:6
Given url https://conduit-api.bondaracademy.com/api/users
js failed:
>>>>
01: https://conduit-api.bondaracademy.com/api/users
<<<<
org.graalvm.polyglot.PolyglotException: SyntaxError: Unnamed:1:47 Expected ; but found eof
https://conduit-api.bondaracademy.com/api/users
                                               ^

- org.graalvm.polyglot.Context.eval(Context.java:428)
- com.intuit.karate.graal.JsEngine.evalForValue(JsEngine.java:169)
- com.intuit.karate.graal.JsEngine.eval(JsEngine.java:165)
- com.intuit.karate.core.ScenarioEngine.evalJs(ScenarioEngine.java:1252)
- com.intuit.karate.core.ScenarioEngine.evalKarateExpression(ScenarioEngine.java:2204)
- com.intuit.karate.core.ScenarioEngine.evalKarateExpression(ScenarioEngine.java:2123)
- com.intuit.karate.core.ScenarioEngine.url(ScenarioEngine.java:364)

classpath:examples/features/Signup.feature:6
16:19:55.445 [pool-2-thread-1] ERROR com.intuit.karate - classpath:examples/features/Signup.feature:6
Given url https://conduit-api.bondaracademy.com/api/users
js failed:
>>>>
01: https://conduit-api.bondaracademy.com/api/users
<<<<
org.graalvm.polyglot.PolyglotException: SyntaxError: Unnamed:1:47 Expected ; but found eof
https://conduit-api.bondaracademy.com/api/users
                                               ^

- org.graalvm.polyglot.Context.eval(Context.java:428)
- com.intuit.karate.graal.JsEngine.evalForValue(JsEngine.java:169)
- com.intuit.karate.graal.JsEngine.eval(JsEngine.java:165)
- com.intuit.karate.core.ScenarioEngine.evalJs(ScenarioEngine.java:1252)
- com.intuit.karate.core.ScenarioEngine.evalKarateExpression(ScenarioEngine.java:2204)
- com.intuit.karate.core.ScenarioEngine.evalKarateExpression(ScenarioEngine.java:2123)
- com.intuit.karate.core.ScenarioEngine.url(ScenarioEngine.java:364)

classpath:examples/features/Signup.feature:6
16:19:56.099 [pool-3-thread-1] INFO  com.intuit.karate.Suite - <<fail>> feature 2 of 2 (0 remaining) classpath:examples/features/Signup.feature
16:22:47.746 [main] INFO  com.intuit.karate.Runner - using system property 'karate.options': --tags @signup
16:22:48.685 [main] DEBUG com.intuit.karate.Suite - [config] classpath:karate-config.js
16:22:48.688 [main] INFO  com.intuit.karate.Suite - backed up existing 'target\karate-reports' dir to: target\karate-reports_1788045768686
16:22:48.695 [main] DEBUG com.intuit.karate.Suite - waiting for 2 features to complete
16:22:49.942 [pool-2-thread-2] INFO  com.intuit.karate - karate.env system property was: null 
16:22:49.942 [pool-2-thread-1] INFO  com.intuit.karate - karate.env system property was: null 
16:22:49.998 [pool-2-thread-2] ERROR com.intuit.karate - classpath:examples/features/Signup.feature:6
Given url https://conduit-api.bondaracademy.com/api/users
js failed:
>>>>
01: https://conduit-api.bondaracademy.com/api/users
<<<<
org.graalvm.polyglot.PolyglotException: SyntaxError: Unnamed:1:47 Expected ; but found eof
https://conduit-api.bondaracademy.com/api/users
                                               ^

- org.graalvm.polyglot.Context.eval(Context.java:428)
- com.intuit.karate.graal.JsEngine.evalForValue(JsEngine.java:169)
- com.intuit.karate.graal.JsEngine.eval(JsEngine.java:165)
- com.intuit.karate.core.ScenarioEngine.evalJs(ScenarioEngine.java:1252)
- com.intuit.karate.core.ScenarioEngine.evalKarateExpression(ScenarioEngine.java:2204)
- com.intuit.karate.core.ScenarioEngine.evalKarateExpression(ScenarioEngine.java:2123)
- com.intuit.karate.core.ScenarioEngine.url(ScenarioEngine.java:364)

classpath:examples/features/Signup.feature:6
16:22:49.998 [pool-2-thread-1] ERROR com.intuit.karate - classpath:examples/features/Signup.feature:6
Given url https://conduit-api.bondaracademy.com/api/users
js failed:
>>>>
01: https://conduit-api.bondaracademy.com/api/users
<<<<
org.graalvm.polyglot.PolyglotException: SyntaxError: Unnamed:1:47 Expected ; but found eof
https://conduit-api.bondaracademy.com/api/users
                                               ^

- org.graalvm.polyglot.Context.eval(Context.java:428)
- com.intuit.karate.graal.JsEngine.evalForValue(JsEngine.java:169)
- com.intuit.karate.graal.JsEngine.eval(JsEngine.java:165)
- com.intuit.karate.core.ScenarioEngine.evalJs(ScenarioEngine.java:1252)
- com.intuit.karate.core.ScenarioEngine.evalKarateExpression(ScenarioEngine.java:2204)
- com.intuit.karate.core.ScenarioEngine.evalKarateExpression(ScenarioEngine.java:2123)
- com.intuit.karate.core.ScenarioEngine.url(ScenarioEngine.java:364)

classpath:examples/features/Signup.feature:6
16:22:50.738 [pool-3-thread-1] INFO  com.intuit.karate.Suite - <<fail>> feature 2 of 2 (0 remaining) classpath:examples/features/Signup.feature
16:25:50.077 [main] INFO  com.intuit.karate.Runner - using system property 'karate.options': --tags @signup
16:25:51.111 [main] DEBUG com.intuit.karate.Suite - [config] classpath:karate-config.js
16:25:51.115 [main] INFO  com.intuit.karate.Suite - backed up existing 'target\karate-reports' dir to: target\karate-reports_1788045951113
16:25:51.120 [main] DEBUG com.intuit.karate.Suite - waiting for 2 features to complete
16:25:52.291 [pool-2-thread-1] INFO  com.intuit.karate - karate.env system property was: null 
16:25:52.291 [pool-2-thread-2] INFO  com.intuit.karate - karate.env system property was: null 
16:25:52.343 [pool-2-thread-1] ERROR com.intuit.karate - classpath:examples/features/Signup.feature:6
Given url https://conduit-api.bondaracademy.com/api/users
js failed:
>>>>
01: https://conduit-api.bondaracademy.com/api/users
<<<<
org.graalvm.polyglot.PolyglotException: SyntaxError: Unnamed:1:47 Expected ; but found eof
https://conduit-api.bondaracademy.com/api/users
                                               ^

- org.graalvm.polyglot.Context.eval(Context.java:428)
- com.intuit.karate.graal.JsEngine.evalForValue(JsEngine.java:169)
- com.intuit.karate.graal.JsEngine.eval(JsEngine.java:165)
- com.intuit.karate.core.ScenarioEngine.evalJs(ScenarioEngine.java:1252)
- com.intuit.karate.core.ScenarioEngine.evalKarateExpression(ScenarioEngine.java:2204)
- com.intuit.karate.core.ScenarioEngine.evalKarateExpression(ScenarioEngine.java:2123)
- com.intuit.karate.core.ScenarioEngine.url(ScenarioEngine.java:364)

classpath:examples/features/Signup.feature:6
16:25:52.343 [pool-2-thread-2] ERROR com.intuit.karate - classpath:examples/features/Signup.feature:6
Given url https://conduit-api.bondaracademy.com/api/users
js failed:
>>>>
01: https://conduit-api.bondaracademy.com/api/users
<<<<
org.graalvm.polyglot.PolyglotException: SyntaxError: Unnamed:1:47 Expected ; but found eof
https://conduit-api.bondaracademy.com/api/users
                                               ^

- org.graalvm.polyglot.Context.eval(Context.java:428)
- com.intuit.karate.graal.JsEngine.evalForValue(JsEngine.java:169)
- com.intuit.karate.graal.JsEngine.eval(JsEngine.java:165)
- com.intuit.karate.core.ScenarioEngine.evalJs(ScenarioEngine.java:1252)
- com.intuit.karate.core.ScenarioEngine.evalKarateExpression(ScenarioEngine.java:2204)
- com.intuit.karate.core.ScenarioEngine.evalKarateExpression(ScenarioEngine.java:2123)
- com.intuit.karate.core.ScenarioEngine.url(ScenarioEngine.java:364)

classpath:examples/features/Signup.feature:6
16:25:52.996 [pool-3-thread-1] INFO  com.intuit.karate.Suite - <<fail>> feature 2 of 2 (0 remaining) classpath:examples/features/Signup.feature
16:27:51.196 [main] INFO  com.intuit.karate.Runner - using system property 'karate.options': --tags @signup
16:27:52.083 [main] DEBUG com.intuit.karate.Suite - [config] classpath:karate-config.js
16:27:52.086 [main] INFO  com.intuit.karate.Suite - backed up existing 'target\karate-reports' dir to: target\karate-reports_1788046072084
16:27:52.092 [main] DEBUG com.intuit.karate.Suite - waiting for 2 features to complete
16:27:53.234 [pool-2-thread-1] INFO  com.intuit.karate - karate.env system property was: null 
16:27:53.234 [pool-2-thread-2] INFO  com.intuit.karate - karate.env system property was: null 
16:27:53.286 [pool-2-thread-1] ERROR com.intuit.karate - classpath:examples/features/Signup.feature:6
Given url https://conduit-api.bondaracademy.com/api/users
js failed:
>>>>
01: https://conduit-api.bondaracademy.com/api/users
<<<<
org.graalvm.polyglot.PolyglotException: SyntaxError: Unnamed:1:47 Expected ; but found eof
https://conduit-api.bondaracademy.com/api/users
                                               ^

- org.graalvm.polyglot.Context.eval(Context.java:428)
- com.intuit.karate.graal.JsEngine.evalForValue(JsEngine.java:169)
- com.intuit.karate.graal.JsEngine.eval(JsEngine.java:165)
- com.intuit.karate.core.ScenarioEngine.evalJs(ScenarioEngine.java:1252)
- com.intuit.karate.core.ScenarioEngine.evalKarateExpression(ScenarioEngine.java:2204)
- com.intuit.karate.core.ScenarioEngine.evalKarateExpression(ScenarioEngine.java:2123)
- com.intuit.karate.core.ScenarioEngine.url(ScenarioEngine.java:364)

classpath:examples/features/Signup.feature:6
16:27:53.286 [pool-2-thread-2] ERROR com.intuit.karate - classpath:examples/features/Signup.feature:6
Given url https://conduit-api.bondaracademy.com/api/users
js failed:
>>>>
01: https://conduit-api.bondaracademy.com/api/users
<<<<
org.graalvm.polyglot.PolyglotException: SyntaxError: Unnamed:1:47 Expected ; but found eof
https://conduit-api.bondaracademy.com/api/users
                                               ^

- org.graalvm.polyglot.Context.eval(Context.java:428)
- com.intuit.karate.graal.JsEngine.evalForValue(JsEngine.java:169)
- com.intuit.karate.graal.JsEngine.eval(JsEngine.java:165)
- com.intuit.karate.core.ScenarioEngine.evalJs(ScenarioEngine.java:1252)
- com.intuit.karate.core.ScenarioEngine.evalKarateExpression(ScenarioEngine.java:2204)
- com.intuit.karate.core.ScenarioEngine.evalKarateExpression(ScenarioEngine.java:2123)
- com.intuit.karate.core.ScenarioEngine.url(ScenarioEngine.java:364)

classpath:examples/features/Signup.feature:6
16:27:53.906 [pool-3-thread-1] INFO  com.intuit.karate.Suite - <<fail>> feature 2 of 2 (0 remaining) classpath:examples/features/Signup.feature
16:28:35.011 [main] INFO  com.intuit.karate.Runner - using system property 'karate.options': --tags @signup
16:28:35.948 [main] DEBUG com.intuit.karate.Suite - [config] classpath:karate-config.js
16:28:35.951 [main] INFO  com.intuit.karate.Suite - backed up existing 'target\karate-reports' dir to: target\karate-reports_1788046115949
16:28:35.955 [main] DEBUG com.intuit.karate.Suite - waiting for 2 features to complete
16:28:37.088 [pool-2-thread-2] INFO  com.intuit.karate - karate.env system property was: null 
16:28:37.088 [pool-2-thread-1] INFO  com.intuit.karate - karate.env system property was: null 
16:28:37.417 [pool-2-thread-2] DEBUG com.intuit.karate - request:
1 > POST https://conduit-api.bondaracademy.com/api/users
1 > Content-Type: application/json; charset=UTF-8
1 > Content-Length: 63
1 > Host: conduit-api.bondaracademy.com
1 > Connection: Keep-Alive
1 > User-Agent: Apache-HttpClient/4.5.14 (Java/25.0.4)
1 > Accept-Encoding: gzip,deflate
{"user":{"email":"hv@t.com","password":"hb","username":"tftf"}}

16:28:37.417 [pool-2-thread-1] DEBUG com.intuit.karate - request:
1 > POST https://conduit-api.bondaracademy.com/api/users
1 > Content-Type: application/json; charset=UTF-8
1 > Content-Length: 57
1 > Host: conduit-api.bondaracademy.com
1 > Connection: Keep-Alive
1 > User-Agent: Apache-HttpClient/4.5.14 (Java/25.0.4)
1 > Accept-Encoding: gzip,deflate
{"user":{"email":"hv","password":"hb","username":"tftf"}}

16:28:37.836 [pool-2-thread-1] DEBUG com.intuit.karate - response time in milliseconds: 415
1 < 422
1 < x-powered-by: Express
1 < vary: Origin
1 < content-type: application/json; charset=utf-8
1 < etag: W/"59-g1h5q8UyP6j/oSGpN82i2Zi+tV0"
1 < x-cloud-trace-context: 63ecf1c96610929680381bcb68b71cf1;o=1
1 < date: Sat, 29 Aug 2026 23:28:37 GMT
1 < server: Google Frontend
1 < Content-Length: 89
{"errors":{"email":["is invalid"],"password":["is too short (minimum is 8 characters)"]}}

16:28:37.836 [pool-2-thread-2] DEBUG com.intuit.karate - response time in milliseconds: 415
1 < 422
1 < x-powered-by: Express
1 < vary: Origin
1 < content-type: application/json; charset=utf-8
1 < etag: W/"42-UacmJpJtrjcDwm4VS9rFYwj6xG4"
1 < x-cloud-trace-context: 0c072d13f6377d24a89d073c7e982662
1 < date: Sat, 29 Aug 2026 23:28:37 GMT
1 < server: Google Frontend
1 < Content-Length: 66
{"errors":{"password":["is too short (minimum is 8 characters)"]}}

16:28:38.475 [pool-3-thread-1] INFO  com.intuit.karate.Suite - <<pass>> feature 2 of 2 (0 remaining) classpath:examples/features/Signup.feature
16:29:12.325 [main] INFO  com.intuit.karate.Runner - using system property 'karate.options': --tags @signup
16:29:13.451 [main] DEBUG com.intuit.karate.Suite - [config] classpath:karate-config.js
16:29:13.456 [main] INFO  com.intuit.karate.Suite - backed up existing 'target\karate-reports' dir to: target\karate-reports_1788046153452
16:29:13.462 [main] DEBUG com.intuit.karate.Suite - waiting for 2 features to complete
16:29:14.684 [pool-2-thread-2] INFO  com.intuit.karate - karate.env system property was: null 
16:29:14.684 [pool-2-thread-1] INFO  com.intuit.karate - karate.env system property was: null 
16:29:15.036 [pool-2-thread-1] DEBUG com.intuit.karate - request:
1 > POST https://conduit-api.bondaracademy.com/api/users
1 > Content-Type: application/json; charset=UTF-8
1 > Content-Length: 57
1 > Host: conduit-api.bondaracademy.com
1 > Connection: Keep-Alive
1 > User-Agent: Apache-HttpClient/4.5.14 (Java/25.0.4)
1 > Accept-Encoding: gzip,deflate
{"user":{"email":"hv","password":"hb","username":"tftf"}}

16:29:15.036 [pool-2-thread-2] DEBUG com.intuit.karate - request:
1 > POST https://conduit-api.bondaracademy.com/api/users
1 > Content-Type: application/json; charset=UTF-8
1 > Content-Length: 63
1 > Host: conduit-api.bondaracademy.com
1 > Connection: Keep-Alive
1 > User-Agent: Apache-HttpClient/4.5.14 (Java/25.0.4)
1 > Accept-Encoding: gzip,deflate
{"user":{"email":"hv@t.com","password":"hb","username":"tftf"}}

16:29:15.419 [pool-2-thread-1] DEBUG com.intuit.karate - response time in milliseconds: 379
1 < 422
1 < x-powered-by: Express
1 < vary: Origin
1 < content-type: application/json; charset=utf-8
1 < etag: W/"59-g1h5q8UyP6j/oSGpN82i2Zi+tV0"
1 < x-cloud-trace-context: 87567e5933d93831ead7bc8d5512ae1b;o=1
1 < date: Sat, 29 Aug 2026 23:29:15 GMT
1 < server: Google Frontend
1 < Content-Length: 89
{"errors":{"email":["is invalid"],"password":["is too short (minimum is 8 characters)"]}}

16:29:15.419 [pool-2-thread-2] DEBUG com.intuit.karate - response time in milliseconds: 379
1 < 422
1 < x-powered-by: Express
1 < vary: Origin
1 < content-type: application/json; charset=utf-8
1 < etag: W/"42-UacmJpJtrjcDwm4VS9rFYwj6xG4"
1 < x-cloud-trace-context: 8bcb640ecbd006ce83ab3f6cc7454450
1 < date: Sat, 29 Aug 2026 23:29:15 GMT
1 < server: Google Frontend
1 < Content-Length: 66
{"errors":{"password":["is too short (minimum is 8 characters)"]}}

16:29:16.373 [pool-3-thread-1] INFO  com.intuit.karate.Suite - <<pass>> feature 2 of 2 (0 remaining) classpath:examples/features/Signup.feature
16:34:51.306 [main] INFO  com.intuit.karate.Runner - using system property 'karate.options': --tags @articlelist
16:34:52.292 [main] DEBUG com.intuit.karate.Suite - [config] classpath:karate-config.js
16:34:52.297 [main] INFO  com.intuit.karate.Suite - backed up existing 'target\karate-reports' dir to: target\karate-reports_1788046492293
16:34:52.302 [main] DEBUG com.intuit.karate.Suite - waiting for 3 features to complete
16:34:53.542 [pool-2-thread-1] INFO  com.intuit.karate - karate.env system property was: null 
16:34:53.773 [pool-2-thread-1] DEBUG com.intuit.karate - request:
1 > GET https://conduit-api.bondaracademy.com/api/articles%3Flimit=10&offset=0
1 > Host: conduit-api.bondaracademy.com
1 > Connection: Keep-Alive
1 > User-Agent: Apache-HttpClient/4.5.14 (Java/25.0.4)
1 > Accept-Encoding: gzip,deflate


16:34:54.202 [pool-2-thread-1] DEBUG com.intuit.karate - response time in milliseconds: 419
1 < 404
1 < x-powered-by: Express
1 < vary: Origin
1 < content-security-policy: default-src 'none'
1 < x-content-type-options: nosniff
1 < content-type: text/html; charset=utf-8
1 < x-cloud-trace-context: 1fca9622d624edf21a8fc8d2cd94d7da;o=1
1 < date: Sat, 29 Aug 2026 23:34:53 GMT
1 < server: Google Frontend
1 < Content-Length: 175
<!DOCTYPE html>
<html lang="en">
<head>
<meta charset="utf-8">
<title>Error</title>
</head>
<body>
<pre>Cannot GET /api/articles%3Flimit=10&amp;offset=0</pre>
</body>
</html>


16:34:54.237 [pool-2-thread-1] ERROR com.intuit.karate - classpath:examples/features/ArticleList.feature:12
Then status 200
status code was: 404, expected: 200, response time in milliseconds: 419, url: https://conduit-api.bondaracademy.com/api/articles%3Flimit=10&offset=0, response: 
<!DOCTYPE html>
<html lang="en">
<head>
<meta charset="utf-8">
<title>Error</title>
</head>
<body>
<pre>Cannot GET /api/articles%3Flimit=10&amp;offset=0</pre>
</body>
</html>

classpath:examples/features/ArticleList.feature:12
16:34:54.848 [pool-3-thread-1] INFO  com.intuit.karate.Suite - <<fail>> feature 1 of 3 (2 remaining) classpath:examples/features/ArticleList.feature
16:37:38.058 [main] INFO  com.intuit.karate.Runner - using system property 'karate.options': --tags @articlelist
16:37:38.986 [main] DEBUG com.intuit.karate.Suite - [config] classpath:karate-config.js
16:37:38.989 [main] INFO  com.intuit.karate.Suite - backed up existing 'target\karate-reports' dir to: target\karate-reports_1788046658987
16:37:38.994 [main] DEBUG com.intuit.karate.Suite - waiting for 3 features to complete
16:37:40.227 [pool-2-thread-1] INFO  com.intuit.karate - karate.env system property was: null 
16:37:40.501 [pool-2-thread-1] DEBUG com.intuit.karate - request:
1 > GET https://conduit-api.bondaracademy.com/api/articles?limit=10&offset=0
1 > Host: conduit-api.bondaracademy.com
1 > Connection: Keep-Alive
1 > User-Agent: Apache-HttpClient/4.5.14 (Java/25.0.4)
1 > Accept-Encoding: gzip,deflate


16:37:42.074 [pool-2-thread-1] DEBUG com.intuit.karate - response time in milliseconds: 1569
1 < 200
1 < x-powered-by: Express
1 < vary: Origin
1 < content-type: application/json; charset=utf-8
1 < etag: W/"43a9-46vzj+oI8pt/OwQfezo2HqTiwpI"
1 < x-cloud-trace-context: cafc0ea019e07c80e74073319acfe432;o=1
1 < date: Sat, 29 Aug 2026 23:37:41 GMT
1 < server: Google Frontend
1 < Content-Length: 17321
{"articles":[{"slug":"Discover-Bondar-Academy:-Your-Gateway-to-Efficient-Learning-1","title":"Discover Bondar Academy: Your Gateway to Efficient Learning","description":"Discover Bondar Academy's unique place in the educational landscape, where value-focused and efficient learning approaches converge. Our goal is to rapidly enhance your professional technical skills, boosting your market competitiveness and paving the way for higher-paying job opportunities. The speed of your progress is in your hands – you set the pace, and we provide the solutions and support to help you achieve your desired outcomes.","body":"Bondar Academy is a leading platform for efficient education, designed to boost your technical skills and advance your career in Quality Assurance (QA). Our program features a balanced mix of pre-recorded lectures and live sessions, allowing each student to study at their own pace and at a time that suits them. \n\nOur instructors are readily available on our Slack Workspace for support. Whether it's a quick question or a more complex issue requiring a Zoom call or Slack Huddle for screen sharing and live discussion, we're here to assist. Additionally, each class comes with a comprehensive question bank for self-assessment. Following each lecture, you have the opportunity to validate your understanding and readiness to progress to the next topic. You set the pace, and we provide the solutions to ensure you achieve your desired outcomes.\n\nSignUp today: https://www.bondaracademy.com","tagList":["qa career","Bondar Academy","QA Skills","Value-Focused"],"createdAt":"2024-01-27T21:52:32.682Z","updatedAt":"2024-01-27T21:52:32.682Z","favorited":false,"favoritesCount":2217,"author":{"username":"Artem Bondar","bio":null,"image":"https://storage.googleapis.com/bondar-academy-visuals/Android.png","following":false}},{"slug":"The-value-of-pre-recorded-video-classes.-The-most-efficient-approach-to-tranfer-the-knowledge-1","title":"The value of pre-recorded video classes. The most efficient approach to tranfer the knowledge","description":"As educational practices evolve, video tutorials have emerged as the most efficient method for imparting theoretical knowledge. At Bondar Academy, we prioritize expertly structured and crafted video tutorials, ensuring you learn quickly and effectively and advance your skills.","body":"At Bondar Academy, we prioritize the value of your time and the efficiency of your education, distinguishing our approach from traditional colleges and live boot camps. Forget long, tedious live lectures on a fixed schedule. With us, you learn at your convenience and pace through optimized, structured video lectures. \n\nWe understand your goal is rapid knowledge acquisition. Our pre-recorded and well-organized lectures are designed precisely for this, ensuring no slowdowns from group dynamics or unrelated instructor anecdotes. \n\nDive straight into the subject matter, learn efficiently, and if questions arise, our immediate support on the Slack Workspace is there to streamline your learning process and swiftly remove any roadblocks.","tagList":["Bondar Academy","Video Lectures","Tutorials"],"createdAt":"2024-01-27T21:50:38.825Z","updatedAt":"2024-01-27T21:50:38.825Z","favorited":false,"favoritesCount":483,"author":{"username":"Artem Bondar","bio":null,"image":"https://storage.googleapis.com/bondar-academy-visuals/Android.png","following":false}},{"slug":"Mastering-Knowledge-with-Self-Assessments:-Identifying-and-Bridging-Learning-Gaps-in-Education-1","title":"Mastering Knowledge with Self-Assessments: Identifying and Bridging Learning Gaps in Education","description":"Self-assessment is an essential tool for gauging your understanding of lecture material. It answers critical questions: Have you grasped everything correctly? Is there anything you've missed? Are you prepared for the next lesson? These assessments ensure that you build a solid foundation of knowledge, confidently and efficiently paving the way for swift progress and effective learning outcomes.","body":"Traditional educational institutions, such as colleges and universities, commonly use tests and assessments to measure knowledge. This approach is effective for gauging student performance, but it's not without drawbacks. In these settings, assessments after every lecture aren't feasible due to the time required for teachers to evaluate them. This often leads to students having a false sense of understanding, believing they've comprehended all aspects of a lecture when, in reality, small but crucial details might be missed. These 'knowledge gaps' can accumulate, making more complex topics difficult to grasp later on.\n\nAt Bondar Academy, we address this challenge by implementing self-assessments after every lecture. These are designed to cover key questions that ensure a thorough understanding of the material, essential for comfort and success in future lectures. The number of questions varies, ranging from 3-4 to 15-20, depending on the lecture's significance and the volume of critical information. With these self-assessments, students receive immediate feedback, helping them determine if they've fully understood the lecture or if they need to revisit certain parts or seek assistance from our instructors in the Slack Workspace.","tagList":["Self-Assessment","Test","Exam"],"createdAt":"2024-01-27T21:48:36.340Z","updatedAt":"2024-01-27T21:48:36.340Z","favorited":false,"favoritesCount":247,"author":{"username":"Artem Bondar","bio":null,"image":"https://storage.googleapis.com/bondar-academy-visuals/Android.png","following":false}},{"slug":"Practical-Implementation-of-Skills:-Homework-Assignments-with-Instructor-Supervision-1","title":"Practical Implementation of Skills: Homework Assignments with Instructor Supervision","description":"Knowledge or skills not reinforced through practical exercises can quickly fade, often faster than anticipated. Homework, particularly in tasks like writing your own code, is crucial for honing these skills and cementing your understanding. At Bondar Academy, we ensure this vital step by assigning homework, rigorously evaluating the outcomes, and providing valuable feedback to guide your learning journey.","body":"Homework assignments are a fundamental component of the educational methodology at Bondar Academy, especially in technical education where learning a new programming language or framework is involved. The key to mastering these skills lies in writing code; the more you write, the better you become. However, merely replicating code seen in lectures leads to minimal learning. Often, this approach leaves students unclear about why their code works the way it does, as they focus on copying rather than understanding.\n\nA homework assignment at Bondar Academy starts with a blank page, challenging students to apply all their knowledge to write the first line of code. This process is more demanding than it appears. As you write each line, understanding and reasoning grow, making your code meaningful and comprehensible. You learn to write code that makes sense to you, enhancing your understanding.\n\nIn completing these assignments, you engage the 'thinking' part of your brain, transforming theoretical knowledge into practical skills. Recognizing the crucial role of homework in learning, our instructors at Bondar Academy are always available to assist with any challenges. Just reach out on Slack, and you'll receive the guidance and support needed for successful completion. At Bondar Academy, we fully understand the importance of homework assignments for the best outcome, so our instructors are always here to assist if you have any difficulties with completing them. Just ask in Slack and you'll be guided and assisted.","tagList":["Homework","Assignments","Practice","Coding"],"createdAt":"2024-01-27T21:46:09.512Z","updatedAt":"2024-01-27T21:46:09.512Z","favorited":false,"favoritesCount":115,"author":{"username":"Artem Bondar","bio":null,"image":"https://storage.googleapis.com/bondar-academy-visuals/Android.png","following":false}},{"slug":"Embracing-Daily-Git-Routines:-Real-Code-Reviews-on-GitHub-for-Effective-Coding-Practice.-1","title":"Embracing Daily Git Routines: Real Code Reviews on GitHub for Effective Coding Practice.","description":"Learning to code is just one part of a larger skill set; effectively managing and organizing code is equally crucial. At Bondar Academy, we integrate Git and platforms like GitHub into the core learning cycle. With us, using Git becomes a regular routine, where organizing code in branches, storing it in remote repositories, and collaborating with others through strategies like branching, merging, pull requests, and code reviews are standard practice.","body":"At Bondar Academy, mastering Git and GitHub is a fundamental step before delving into frameworks or programming languages. Effective code management, organization, and storage are crucial skills, and Git is the premier tool for this purpose. However, many learners initially find Git challenging due to its complexity and non-intuitive nature. To address this, our instructors have developed structured lectures on Git and GitHub, ensuring an efficient and thorough understanding of these essential tools. Git lessons are a mandatory prerequisite in every class. For a glimpse into our teaching approach, visit our YouTube channel: https://www.youtube.com/@BondarAcademy/playlists.\n\nIn our courses, all homework assignments are reviewed using GitHub pull requests, mirroring the workflow in real-world software development environments. Students submit their code to their working branch for review. Our instructors then provide feedback, suggesting modifications or adjustments for pull request approval. This iterative process is repeated throughout the course, establishing Git usage as a natural and routine part of your coding practice.","tagList":["YouTube","Git","GitHub"],"createdAt":"2024-01-27T21:42:31.491Z","updatedAt":"2024-01-27T21:42:31.491Z","favorited":false,"favoritesCount":104,"author":{"username":"Artem Bondar","bio":null,"image":"https://storage.googleapis.com/bondar-academy-visuals/Android.png","following":false}},{"slug":"Engaging-in-Live-Zoom-Sessions:-Interact-with-Instructors-and-Peers-Ask-Questions-in-Real-Time-1","title":"Engaging in Live Zoom Sessions: Interact with Instructors and Peers, Ask Questions in Real-Time","description":"In our increasingly online world, personal engagement remains a crucial element of effective learning. At Bondar Academy, we address this by hosting live Zoom sessions. These sessions provide a platform for live interaction between instructors and students, and among students themselves. Complementing our Slack channel, these live sessions offer an additional avenue for asking questions and engaging in meaningful discussions.","body":"In our increasingly online world, personal engagement remains a crucial element of effective learning. \nAt Bondar Academy, we address this by hosting live Zoom sessions. These sessions provide a platform for live interaction between instructors and students and among students themselves. Complementing our Slack channel, these live sessions offer an additional avenue for asking questions and engaging in meaningful discussions.","tagList":["Zoom","Live Sessions"],"createdAt":"2024-01-27T21:39:50.587Z","updatedAt":"2024-01-27T21:39:50.587Z","favorited":false,"favoritesCount":76,"author":{"username":"Artem Bondar","bio":null,"image":"https://storage.googleapis.com/bondar-academy-visuals/Android.png","following":false}},{"slug":"Utilizing-Slack-for-Continuous-Engagement:-Connect-with-Instructors-Share-Insights-and-Collaborate-1","title":"Utilizing Slack for Continuous Engagement: Connect with Instructors, Share Insights, and Collaborate","description":"Slack stands out as a widely-used messaging and collaboration platform, celebrated for its convenience and versatility. It enables simultaneous participation in multiple conversations, supports comments and emoji reactions, and allows users to share screenshots, videos, and code snippets. Its functionality extends to making calls in huddle sessions. Given these robust features, Bondar Academy has chosen Slack as our primary communication platform, facilitating seamless interaction and collaboration.","body":"As a new member of Bondar Academy, one of your initial steps should be registering for the Bondar Academy Slack Workspace. Upon registration at Bondar Academy, you'll receive a welcome email containing the URL to join. This Workspace serves as a central hub for communication with instructors and fellow students. Whether you have a question, need to share code, or want to upload screenshots, Slack makes it easy and efficient. Moreover, its compatibility with both desktop and mobile devices, by downloading and installing the app, ensures you can stay connected with your instructors and the community wherever you go.","tagList":["Slack","Community","Collaboration"],"createdAt":"2024-01-27T21:38:27.992Z","updatedAt":"2024-01-27T21:38:27.992Z","favorited":false,"favoritesCount":72,"author":{"username":"Artem Bondar","bio":null,"image":"https://storage.googleapis.com/bondar-academy-visuals/Android.png","following":false}},{"slug":"Stay-Ahead-with-Bondar-Academy:-Subscribe-to-Our-YouTube-channel-for-Latest-Tech-and-Education-Updates-1","title":"Stay Ahead with Bondar Academy: Subscribe to Our YouTube channel for Latest Tech and Education Updates","description":"Who doesn't appreciate high-quality free resources? YouTube serves as an ideal platform for sharing the latest news, updates, and a wealth of tips and tricks in test automation and technology. Keep abreast of these invaluable insights by subscribing to the @bondaracademy YouTube channel.","body":"Who doesn't appreciate high-quality free resources? \n\nYouTube serves as an ideal platform for sharing the latest news, updates, and a wealth of tips and tricks in test automation and technology. \n\nKeep abreast of these invaluable insights by subscribing to our YouTube channel: https://www.youtube.com/@bondaracademy","tagList":["YouTube"],"createdAt":"2024-01-27T21:36:32.360Z","updatedAt":"2024-01-27T21:36:32.360Z","favorited":false,"favoritesCount":67,"author":{"username":"Artem Bondar","bio":null,"image":"https://storage.googleapis.com/bondar-academy-visuals/Android.png","following":false}},{"slug":"Explore-the-Latest-in-Learning:-Bondar-Academy-Blog's-Educational-Insights-from-Our-Experts-1","title":"Explore the Latest in Learning: Bondar Academy Blog's Educational Insights from Our Experts","description":"Discover a treasure trove of knowledge on the Bondar Academy blog. Here, we share an array of tips, techniques, and valuable educational materials, all designed to keep you abreast of the latest technological trends and best practices. For easy access and continual learning, consider bookmarking our blog in your browser.","body":"On the Bondar Academy blog, we consistently provide insightful and pertinent updates on the latest in technology, test automation, and industry best practices. For your convenience, we recommend adding our blog to your browser's bookmarks. Our commitment to keeping you informed is reflected in our weekly posts, each focusing on a significant topic of the week.\n\nWe value your input and invite you to contribute to our ever-evolving content. If you have any suggestions or specific topics you'd like us to explore, please feel free to share your ideas in the Bondar Academy Slack workspace. \n\nDiscover our blog here: https://www.bondaracademy.com/blog\n","tagList":["Blog"],"createdAt":"2024-01-27T21:34:04.531Z","updatedAt":"2024-01-27T21:34:04.531Z","favorited":false,"favoritesCount":67,"author":{"username":"Artem Bondar","bio":null,"image":"https://storage.googleapis.com/bondar-academy-visuals/Android.png","following":false}},{"slug":"Take-the-Next-Step:-Join-Bondar-Academy-Today-and-Enroll-into-the-class-1","title":"Take the Next Step: Join Bondar Academy Today and Enroll into the class","description":"Are you prepared to transform your educational journey? Begin by signing up at Bondar Academy, then register for our Slack Workspace to start exploring. We offer a range of classes, with some being completely free and others featuring free previews of the initial sections. This allows you to experience our content and teaching approach firsthand, helping you make an informed decision before enrolling in a class.","body":"Are you prepared to transform your educational journey? \n\nBegin by signing up at Bondar Academy, then register for our Slack Workspace to start exploring. We offer a range of classes, with some being completely free and others featuring free previews of the initial sections. This allows you to experience our content and teaching approach firsthand, helping you make an informed decision before enrolling in a class.\n\nClick here to enroll: https://www.bondaracademy.com","tagList":["Enroll","Start for Free"],"createdAt":"2024-01-27T21:32:21.056Z","updatedAt":"2024-01-27T21:32:21.056Z","favorited":false,"favoritesCount":75,"author":{"username":"Artem Bondar","bio":null,"image":"https://storage.googleapis.com/bondar-academy-visuals/Android.png","following":false}}],"articlesCount":10}

16:37:42.687 [pool-3-thread-1] INFO  com.intuit.karate.Suite - <<pass>> feature 1 of 3 (2 remaining) classpath:examples/features/ArticleList.feature
16:39:09.830 [main] INFO  com.intuit.karate.Runner - using system property 'karate.options': --tags @articlelist
16:39:11.493 [main] DEBUG com.intuit.karate.Suite - [config] classpath:karate-config.js
16:39:11.500 [main] INFO  com.intuit.karate.Suite - backed up existing 'target\karate-reports' dir to: target\karate-reports_1788046751494
16:39:11.512 [main] DEBUG com.intuit.karate.Suite - waiting for 3 features to complete
16:39:12.723 [pool-2-thread-1] INFO  com.intuit.karate - karate.env system property was: null 
16:39:12.985 [pool-2-thread-1] DEBUG com.intuit.karate - request:
1 > GET https://conduit-api.bondaracademy.com/api/articles?limit=10&offset=0
1 > Host: conduit-api.bondaracademy.com
1 > Connection: Keep-Alive
1 > User-Agent: Apache-HttpClient/4.5.14 (Java/25.0.4)
1 > Accept-Encoding: gzip,deflate


16:39:13.804 [pool-2-thread-1] DEBUG com.intuit.karate - response time in milliseconds: 807
1 < 200
1 < x-powered-by: Express
1 < vary: Origin
1 < content-type: application/json; charset=utf-8
1 < etag: W/"43a9-46vzj+oI8pt/OwQfezo2HqTiwpI"
1 < x-cloud-trace-context: cf0d58c858388803b7d96854d81f7312;o=1
1 < date: Sat, 29 Aug 2026 23:39:13 GMT
1 < server: Google Frontend
1 < Content-Length: 17321
{"articles":[{"slug":"Discover-Bondar-Academy:-Your-Gateway-to-Efficient-Learning-1","title":"Discover Bondar Academy: Your Gateway to Efficient Learning","description":"Discover Bondar Academy's unique place in the educational landscape, where value-focused and efficient learning approaches converge. Our goal is to rapidly enhance your professional technical skills, boosting your market competitiveness and paving the way for higher-paying job opportunities. The speed of your progress is in your hands – you set the pace, and we provide the solutions and support to help you achieve your desired outcomes.","body":"Bondar Academy is a leading platform for efficient education, designed to boost your technical skills and advance your career in Quality Assurance (QA). Our program features a balanced mix of pre-recorded lectures and live sessions, allowing each student to study at their own pace and at a time that suits them. \n\nOur instructors are readily available on our Slack Workspace for support. Whether it's a quick question or a more complex issue requiring a Zoom call or Slack Huddle for screen sharing and live discussion, we're here to assist. Additionally, each class comes with a comprehensive question bank for self-assessment. Following each lecture, you have the opportunity to validate your understanding and readiness to progress to the next topic. You set the pace, and we provide the solutions to ensure you achieve your desired outcomes.\n\nSignUp today: https://www.bondaracademy.com","tagList":["qa career","Bondar Academy","QA Skills","Value-Focused"],"createdAt":"2024-01-27T21:52:32.682Z","updatedAt":"2024-01-27T21:52:32.682Z","favorited":false,"favoritesCount":2217,"author":{"username":"Artem Bondar","bio":null,"image":"https://storage.googleapis.com/bondar-academy-visuals/Android.png","following":false}},{"slug":"The-value-of-pre-recorded-video-classes.-The-most-efficient-approach-to-tranfer-the-knowledge-1","title":"The value of pre-recorded video classes. The most efficient approach to tranfer the knowledge","description":"As educational practices evolve, video tutorials have emerged as the most efficient method for imparting theoretical knowledge. At Bondar Academy, we prioritize expertly structured and crafted video tutorials, ensuring you learn quickly and effectively and advance your skills.","body":"At Bondar Academy, we prioritize the value of your time and the efficiency of your education, distinguishing our approach from traditional colleges and live boot camps. Forget long, tedious live lectures on a fixed schedule. With us, you learn at your convenience and pace through optimized, structured video lectures. \n\nWe understand your goal is rapid knowledge acquisition. Our pre-recorded and well-organized lectures are designed precisely for this, ensuring no slowdowns from group dynamics or unrelated instructor anecdotes. \n\nDive straight into the subject matter, learn efficiently, and if questions arise, our immediate support on the Slack Workspace is there to streamline your learning process and swiftly remove any roadblocks.","tagList":["Bondar Academy","Video Lectures","Tutorials"],"createdAt":"2024-01-27T21:50:38.825Z","updatedAt":"2024-01-27T21:50:38.825Z","favorited":false,"favoritesCount":483,"author":{"username":"Artem Bondar","bio":null,"image":"https://storage.googleapis.com/bondar-academy-visuals/Android.png","following":false}},{"slug":"Mastering-Knowledge-with-Self-Assessments:-Identifying-and-Bridging-Learning-Gaps-in-Education-1","title":"Mastering Knowledge with Self-Assessments: Identifying and Bridging Learning Gaps in Education","description":"Self-assessment is an essential tool for gauging your understanding of lecture material. It answers critical questions: Have you grasped everything correctly? Is there anything you've missed? Are you prepared for the next lesson? These assessments ensure that you build a solid foundation of knowledge, confidently and efficiently paving the way for swift progress and effective learning outcomes.","body":"Traditional educational institutions, such as colleges and universities, commonly use tests and assessments to measure knowledge. This approach is effective for gauging student performance, but it's not without drawbacks. In these settings, assessments after every lecture aren't feasible due to the time required for teachers to evaluate them. This often leads to students having a false sense of understanding, believing they've comprehended all aspects of a lecture when, in reality, small but crucial details might be missed. These 'knowledge gaps' can accumulate, making more complex topics difficult to grasp later on.\n\nAt Bondar Academy, we address this challenge by implementing self-assessments after every lecture. These are designed to cover key questions that ensure a thorough understanding of the material, essential for comfort and success in future lectures. The number of questions varies, ranging from 3-4 to 15-20, depending on the lecture's significance and the volume of critical information. With these self-assessments, students receive immediate feedback, helping them determine if they've fully understood the lecture or if they need to revisit certain parts or seek assistance from our instructors in the Slack Workspace.","tagList":["Self-Assessment","Test","Exam"],"createdAt":"2024-01-27T21:48:36.340Z","updatedAt":"2024-01-27T21:48:36.340Z","favorited":false,"favoritesCount":247,"author":{"username":"Artem Bondar","bio":null,"image":"https://storage.googleapis.com/bondar-academy-visuals/Android.png","following":false}},{"slug":"Practical-Implementation-of-Skills:-Homework-Assignments-with-Instructor-Supervision-1","title":"Practical Implementation of Skills: Homework Assignments with Instructor Supervision","description":"Knowledge or skills not reinforced through practical exercises can quickly fade, often faster than anticipated. Homework, particularly in tasks like writing your own code, is crucial for honing these skills and cementing your understanding. At Bondar Academy, we ensure this vital step by assigning homework, rigorously evaluating the outcomes, and providing valuable feedback to guide your learning journey.","body":"Homework assignments are a fundamental component of the educational methodology at Bondar Academy, especially in technical education where learning a new programming language or framework is involved. The key to mastering these skills lies in writing code; the more you write, the better you become. However, merely replicating code seen in lectures leads to minimal learning. Often, this approach leaves students unclear about why their code works the way it does, as they focus on copying rather than understanding.\n\nA homework assignment at Bondar Academy starts with a blank page, challenging students to apply all their knowledge to write the first line of code. This process is more demanding than it appears. As you write each line, understanding and reasoning grow, making your code meaningful and comprehensible. You learn to write code that makes sense to you, enhancing your understanding.\n\nIn completing these assignments, you engage the 'thinking' part of your brain, transforming theoretical knowledge into practical skills. Recognizing the crucial role of homework in learning, our instructors at Bondar Academy are always available to assist with any challenges. Just reach out on Slack, and you'll receive the guidance and support needed for successful completion. At Bondar Academy, we fully understand the importance of homework assignments for the best outcome, so our instructors are always here to assist if you have any difficulties with completing them. Just ask in Slack and you'll be guided and assisted.","tagList":["Homework","Assignments","Practice","Coding"],"createdAt":"2024-01-27T21:46:09.512Z","updatedAt":"2024-01-27T21:46:09.512Z","favorited":false,"favoritesCount":115,"author":{"username":"Artem Bondar","bio":null,"image":"https://storage.googleapis.com/bondar-academy-visuals/Android.png","following":false}},{"slug":"Embracing-Daily-Git-Routines:-Real-Code-Reviews-on-GitHub-for-Effective-Coding-Practice.-1","title":"Embracing Daily Git Routines: Real Code Reviews on GitHub for Effective Coding Practice.","description":"Learning to code is just one part of a larger skill set; effectively managing and organizing code is equally crucial. At Bondar Academy, we integrate Git and platforms like GitHub into the core learning cycle. With us, using Git becomes a regular routine, where organizing code in branches, storing it in remote repositories, and collaborating with others through strategies like branching, merging, pull requests, and code reviews are standard practice.","body":"At Bondar Academy, mastering Git and GitHub is a fundamental step before delving into frameworks or programming languages. Effective code management, organization, and storage are crucial skills, and Git is the premier tool for this purpose. However, many learners initially find Git challenging due to its complexity and non-intuitive nature. To address this, our instructors have developed structured lectures on Git and GitHub, ensuring an efficient and thorough understanding of these essential tools. Git lessons are a mandatory prerequisite in every class. For a glimpse into our teaching approach, visit our YouTube channel: https://www.youtube.com/@BondarAcademy/playlists.\n\nIn our courses, all homework assignments are reviewed using GitHub pull requests, mirroring the workflow in real-world software development environments. Students submit their code to their working branch for review. Our instructors then provide feedback, suggesting modifications or adjustments for pull request approval. This iterative process is repeated throughout the course, establishing Git usage as a natural and routine part of your coding practice.","tagList":["YouTube","Git","GitHub"],"createdAt":"2024-01-27T21:42:31.491Z","updatedAt":"2024-01-27T21:42:31.491Z","favorited":false,"favoritesCount":104,"author":{"username":"Artem Bondar","bio":null,"image":"https://storage.googleapis.com/bondar-academy-visuals/Android.png","following":false}},{"slug":"Engaging-in-Live-Zoom-Sessions:-Interact-with-Instructors-and-Peers-Ask-Questions-in-Real-Time-1","title":"Engaging in Live Zoom Sessions: Interact with Instructors and Peers, Ask Questions in Real-Time","description":"In our increasingly online world, personal engagement remains a crucial element of effective learning. At Bondar Academy, we address this by hosting live Zoom sessions. These sessions provide a platform for live interaction between instructors and students, and among students themselves. Complementing our Slack channel, these live sessions offer an additional avenue for asking questions and engaging in meaningful discussions.","body":"In our increasingly online world, personal engagement remains a crucial element of effective learning. \nAt Bondar Academy, we address this by hosting live Zoom sessions. These sessions provide a platform for live interaction between instructors and students and among students themselves. Complementing our Slack channel, these live sessions offer an additional avenue for asking questions and engaging in meaningful discussions.","tagList":["Zoom","Live Sessions"],"createdAt":"2024-01-27T21:39:50.587Z","updatedAt":"2024-01-27T21:39:50.587Z","favorited":false,"favoritesCount":76,"author":{"username":"Artem Bondar","bio":null,"image":"https://storage.googleapis.com/bondar-academy-visuals/Android.png","following":false}},{"slug":"Utilizing-Slack-for-Continuous-Engagement:-Connect-with-Instructors-Share-Insights-and-Collaborate-1","title":"Utilizing Slack for Continuous Engagement: Connect with Instructors, Share Insights, and Collaborate","description":"Slack stands out as a widely-used messaging and collaboration platform, celebrated for its convenience and versatility. It enables simultaneous participation in multiple conversations, supports comments and emoji reactions, and allows users to share screenshots, videos, and code snippets. Its functionality extends to making calls in huddle sessions. Given these robust features, Bondar Academy has chosen Slack as our primary communication platform, facilitating seamless interaction and collaboration.","body":"As a new member of Bondar Academy, one of your initial steps should be registering for the Bondar Academy Slack Workspace. Upon registration at Bondar Academy, you'll receive a welcome email containing the URL to join. This Workspace serves as a central hub for communication with instructors and fellow students. Whether you have a question, need to share code, or want to upload screenshots, Slack makes it easy and efficient. Moreover, its compatibility with both desktop and mobile devices, by downloading and installing the app, ensures you can stay connected with your instructors and the community wherever you go.","tagList":["Slack","Community","Collaboration"],"createdAt":"2024-01-27T21:38:27.992Z","updatedAt":"2024-01-27T21:38:27.992Z","favorited":false,"favoritesCount":72,"author":{"username":"Artem Bondar","bio":null,"image":"https://storage.googleapis.com/bondar-academy-visuals/Android.png","following":false}},{"slug":"Stay-Ahead-with-Bondar-Academy:-Subscribe-to-Our-YouTube-channel-for-Latest-Tech-and-Education-Updates-1","title":"Stay Ahead with Bondar Academy: Subscribe to Our YouTube channel for Latest Tech and Education Updates","description":"Who doesn't appreciate high-quality free resources? YouTube serves as an ideal platform for sharing the latest news, updates, and a wealth of tips and tricks in test automation and technology. Keep abreast of these invaluable insights by subscribing to the @bondaracademy YouTube channel.","body":"Who doesn't appreciate high-quality free resources? \n\nYouTube serves as an ideal platform for sharing the latest news, updates, and a wealth of tips and tricks in test automation and technology. \n\nKeep abreast of these invaluable insights by subscribing to our YouTube channel: https://www.youtube.com/@bondaracademy","tagList":["YouTube"],"createdAt":"2024-01-27T21:36:32.360Z","updatedAt":"2024-01-27T21:36:32.360Z","favorited":false,"favoritesCount":67,"author":{"username":"Artem Bondar","bio":null,"image":"https://storage.googleapis.com/bondar-academy-visuals/Android.png","following":false}},{"slug":"Explore-the-Latest-in-Learning:-Bondar-Academy-Blog's-Educational-Insights-from-Our-Experts-1","title":"Explore the Latest in Learning: Bondar Academy Blog's Educational Insights from Our Experts","description":"Discover a treasure trove of knowledge on the Bondar Academy blog. Here, we share an array of tips, techniques, and valuable educational materials, all designed to keep you abreast of the latest technological trends and best practices. For easy access and continual learning, consider bookmarking our blog in your browser.","body":"On the Bondar Academy blog, we consistently provide insightful and pertinent updates on the latest in technology, test automation, and industry best practices. For your convenience, we recommend adding our blog to your browser's bookmarks. Our commitment to keeping you informed is reflected in our weekly posts, each focusing on a significant topic of the week.\n\nWe value your input and invite you to contribute to our ever-evolving content. If you have any suggestions or specific topics you'd like us to explore, please feel free to share your ideas in the Bondar Academy Slack workspace. \n\nDiscover our blog here: https://www.bondaracademy.com/blog\n","tagList":["Blog"],"createdAt":"2024-01-27T21:34:04.531Z","updatedAt":"2024-01-27T21:34:04.531Z","favorited":false,"favoritesCount":67,"author":{"username":"Artem Bondar","bio":null,"image":"https://storage.googleapis.com/bondar-academy-visuals/Android.png","following":false}},{"slug":"Take-the-Next-Step:-Join-Bondar-Academy-Today-and-Enroll-into-the-class-1","title":"Take the Next Step: Join Bondar Academy Today and Enroll into the class","description":"Are you prepared to transform your educational journey? Begin by signing up at Bondar Academy, then register for our Slack Workspace to start exploring. We offer a range of classes, with some being completely free and others featuring free previews of the initial sections. This allows you to experience our content and teaching approach firsthand, helping you make an informed decision before enrolling in a class.","body":"Are you prepared to transform your educational journey? \n\nBegin by signing up at Bondar Academy, then register for our Slack Workspace to start exploring. We offer a range of classes, with some being completely free and others featuring free previews of the initial sections. This allows you to experience our content and teaching approach firsthand, helping you make an informed decision before enrolling in a class.\n\nClick here to enroll: https://www.bondaracademy.com","tagList":["Enroll","Start for Free"],"createdAt":"2024-01-27T21:32:21.056Z","updatedAt":"2024-01-27T21:32:21.056Z","favorited":false,"favoritesCount":75,"author":{"username":"Artem Bondar","bio":null,"image":"https://storage.googleapis.com/bondar-academy-visuals/Android.png","following":false}}],"articlesCount":10}

16:39:14.402 [pool-3-thread-1] INFO  com.intuit.karate.Suite - <<pass>> feature 1 of 3 (2 remaining) classpath:examples/features/ArticleList.feature
16:42:33.092 [main] INFO  com.intuit.karate.Runner - using system property 'karate.options': --tags @articlelist
16:42:33.940 [main] DEBUG com.intuit.karate.Suite - [config] classpath:karate-config.js
16:42:33.944 [main] INFO  com.intuit.karate.Suite - backed up existing 'target\karate-reports' dir to: target\karate-reports_1788046953941
16:42:33.950 [main] DEBUG com.intuit.karate.Suite - waiting for 3 features to complete
16:42:35.080 [pool-2-thread-1] INFO  com.intuit.karate - karate.env system property was: null 
16:42:35.343 [pool-2-thread-1] DEBUG com.intuit.karate - request:
1 > GET https://conduit-api.bondaracademy.com/api/articles?limit=10&offset=0
1 > Host: conduit-api.bondaracademy.com
1 > Connection: Keep-Alive
1 > User-Agent: Apache-HttpClient/4.5.14 (Java/25.0.4)
1 > Accept-Encoding: gzip,deflate


16:42:36.523 [pool-2-thread-1] DEBUG com.intuit.karate - response time in milliseconds: 1175
1 < 200
1 < x-powered-by: Express
1 < vary: Origin
1 < content-type: application/json; charset=utf-8
1 < etag: W/"43a9-46vzj+oI8pt/OwQfezo2HqTiwpI"
1 < x-cloud-trace-context: ceb579fafdb305fdbb6d585268a0b68d;o=1
1 < date: Sat, 29 Aug 2026 23:42:36 GMT
1 < server: Google Frontend
1 < Content-Length: 17321
{"articles":[{"slug":"Discover-Bondar-Academy:-Your-Gateway-to-Efficient-Learning-1","title":"Discover Bondar Academy: Your Gateway to Efficient Learning","description":"Discover Bondar Academy's unique place in the educational landscape, where value-focused and efficient learning approaches converge. Our goal is to rapidly enhance your professional technical skills, boosting your market competitiveness and paving the way for higher-paying job opportunities. The speed of your progress is in your hands – you set the pace, and we provide the solutions and support to help you achieve your desired outcomes.","body":"Bondar Academy is a leading platform for efficient education, designed to boost your technical skills and advance your career in Quality Assurance (QA). Our program features a balanced mix of pre-recorded lectures and live sessions, allowing each student to study at their own pace and at a time that suits them. \n\nOur instructors are readily available on our Slack Workspace for support. Whether it's a quick question or a more complex issue requiring a Zoom call or Slack Huddle for screen sharing and live discussion, we're here to assist. Additionally, each class comes with a comprehensive question bank for self-assessment. Following each lecture, you have the opportunity to validate your understanding and readiness to progress to the next topic. You set the pace, and we provide the solutions to ensure you achieve your desired outcomes.\n\nSignUp today: https://www.bondaracademy.com","tagList":["qa career","Bondar Academy","QA Skills","Value-Focused"],"createdAt":"2024-01-27T21:52:32.682Z","updatedAt":"2024-01-27T21:52:32.682Z","favorited":false,"favoritesCount":2217,"author":{"username":"Artem Bondar","bio":null,"image":"https://storage.googleapis.com/bondar-academy-visuals/Android.png","following":false}},{"slug":"The-value-of-pre-recorded-video-classes.-The-most-efficient-approach-to-tranfer-the-knowledge-1","title":"The value of pre-recorded video classes. The most efficient approach to tranfer the knowledge","description":"As educational practices evolve, video tutorials have emerged as the most efficient method for imparting theoretical knowledge. At Bondar Academy, we prioritize expertly structured and crafted video tutorials, ensuring you learn quickly and effectively and advance your skills.","body":"At Bondar Academy, we prioritize the value of your time and the efficiency of your education, distinguishing our approach from traditional colleges and live boot camps. Forget long, tedious live lectures on a fixed schedule. With us, you learn at your convenience and pace through optimized, structured video lectures. \n\nWe understand your goal is rapid knowledge acquisition. Our pre-recorded and well-organized lectures are designed precisely for this, ensuring no slowdowns from group dynamics or unrelated instructor anecdotes. \n\nDive straight into the subject matter, learn efficiently, and if questions arise, our immediate support on the Slack Workspace is there to streamline your learning process and swiftly remove any roadblocks.","tagList":["Bondar Academy","Video Lectures","Tutorials"],"createdAt":"2024-01-27T21:50:38.825Z","updatedAt":"2024-01-27T21:50:38.825Z","favorited":false,"favoritesCount":483,"author":{"username":"Artem Bondar","bio":null,"image":"https://storage.googleapis.com/bondar-academy-visuals/Android.png","following":false}},{"slug":"Mastering-Knowledge-with-Self-Assessments:-Identifying-and-Bridging-Learning-Gaps-in-Education-1","title":"Mastering Knowledge with Self-Assessments: Identifying and Bridging Learning Gaps in Education","description":"Self-assessment is an essential tool for gauging your understanding of lecture material. It answers critical questions: Have you grasped everything correctly? Is there anything you've missed? Are you prepared for the next lesson? These assessments ensure that you build a solid foundation of knowledge, confidently and efficiently paving the way for swift progress and effective learning outcomes.","body":"Traditional educational institutions, such as colleges and universities, commonly use tests and assessments to measure knowledge. This approach is effective for gauging student performance, but it's not without drawbacks. In these settings, assessments after every lecture aren't feasible due to the time required for teachers to evaluate them. This often leads to students having a false sense of understanding, believing they've comprehended all aspects of a lecture when, in reality, small but crucial details might be missed. These 'knowledge gaps' can accumulate, making more complex topics difficult to grasp later on.\n\nAt Bondar Academy, we address this challenge by implementing self-assessments after every lecture. These are designed to cover key questions that ensure a thorough understanding of the material, essential for comfort and success in future lectures. The number of questions varies, ranging from 3-4 to 15-20, depending on the lecture's significance and the volume of critical information. With these self-assessments, students receive immediate feedback, helping them determine if they've fully understood the lecture or if they need to revisit certain parts or seek assistance from our instructors in the Slack Workspace.","tagList":["Self-Assessment","Test","Exam"],"createdAt":"2024-01-27T21:48:36.340Z","updatedAt":"2024-01-27T21:48:36.340Z","favorited":false,"favoritesCount":247,"author":{"username":"Artem Bondar","bio":null,"image":"https://storage.googleapis.com/bondar-academy-visuals/Android.png","following":false}},{"slug":"Practical-Implementation-of-Skills:-Homework-Assignments-with-Instructor-Supervision-1","title":"Practical Implementation of Skills: Homework Assignments with Instructor Supervision","description":"Knowledge or skills not reinforced through practical exercises can quickly fade, often faster than anticipated. Homework, particularly in tasks like writing your own code, is crucial for honing these skills and cementing your understanding. At Bondar Academy, we ensure this vital step by assigning homework, rigorously evaluating the outcomes, and providing valuable feedback to guide your learning journey.","body":"Homework assignments are a fundamental component of the educational methodology at Bondar Academy, especially in technical education where learning a new programming language or framework is involved. The key to mastering these skills lies in writing code; the more you write, the better you become. However, merely replicating code seen in lectures leads to minimal learning. Often, this approach leaves students unclear about why their code works the way it does, as they focus on copying rather than understanding.\n\nA homework assignment at Bondar Academy starts with a blank page, challenging students to apply all their knowledge to write the first line of code. This process is more demanding than it appears. As you write each line, understanding and reasoning grow, making your code meaningful and comprehensible. You learn to write code that makes sense to you, enhancing your understanding.\n\nIn completing these assignments, you engage the 'thinking' part of your brain, transforming theoretical knowledge into practical skills. Recognizing the crucial role of homework in learning, our instructors at Bondar Academy are always available to assist with any challenges. Just reach out on Slack, and you'll receive the guidance and support needed for successful completion. At Bondar Academy, we fully understand the importance of homework assignments for the best outcome, so our instructors are always here to assist if you have any difficulties with completing them. Just ask in Slack and you'll be guided and assisted.","tagList":["Homework","Assignments","Practice","Coding"],"createdAt":"2024-01-27T21:46:09.512Z","updatedAt":"2024-01-27T21:46:09.512Z","favorited":false,"favoritesCount":115,"author":{"username":"Artem Bondar","bio":null,"image":"https://storage.googleapis.com/bondar-academy-visuals/Android.png","following":false}},{"slug":"Embracing-Daily-Git-Routines:-Real-Code-Reviews-on-GitHub-for-Effective-Coding-Practice.-1","title":"Embracing Daily Git Routines: Real Code Reviews on GitHub for Effective Coding Practice.","description":"Learning to code is just one part of a larger skill set; effectively managing and organizing code is equally crucial. At Bondar Academy, we integrate Git and platforms like GitHub into the core learning cycle. With us, using Git becomes a regular routine, where organizing code in branches, storing it in remote repositories, and collaborating with others through strategies like branching, merging, pull requests, and code reviews are standard practice.","body":"At Bondar Academy, mastering Git and GitHub is a fundamental step before delving into frameworks or programming languages. Effective code management, organization, and storage are crucial skills, and Git is the premier tool for this purpose. However, many learners initially find Git challenging due to its complexity and non-intuitive nature. To address this, our instructors have developed structured lectures on Git and GitHub, ensuring an efficient and thorough understanding of these essential tools. Git lessons are a mandatory prerequisite in every class. For a glimpse into our teaching approach, visit our YouTube channel: https://www.youtube.com/@BondarAcademy/playlists.\n\nIn our courses, all homework assignments are reviewed using GitHub pull requests, mirroring the workflow in real-world software development environments. Students submit their code to their working branch for review. Our instructors then provide feedback, suggesting modifications or adjustments for pull request approval. This iterative process is repeated throughout the course, establishing Git usage as a natural and routine part of your coding practice.","tagList":["YouTube","Git","GitHub"],"createdAt":"2024-01-27T21:42:31.491Z","updatedAt":"2024-01-27T21:42:31.491Z","favorited":false,"favoritesCount":104,"author":{"username":"Artem Bondar","bio":null,"image":"https://storage.googleapis.com/bondar-academy-visuals/Android.png","following":false}},{"slug":"Engaging-in-Live-Zoom-Sessions:-Interact-with-Instructors-and-Peers-Ask-Questions-in-Real-Time-1","title":"Engaging in Live Zoom Sessions: Interact with Instructors and Peers, Ask Questions in Real-Time","description":"In our increasingly online world, personal engagement remains a crucial element of effective learning. At Bondar Academy, we address this by hosting live Zoom sessions. These sessions provide a platform for live interaction between instructors and students, and among students themselves. Complementing our Slack channel, these live sessions offer an additional avenue for asking questions and engaging in meaningful discussions.","body":"In our increasingly online world, personal engagement remains a crucial element of effective learning. \nAt Bondar Academy, we address this by hosting live Zoom sessions. These sessions provide a platform for live interaction between instructors and students and among students themselves. Complementing our Slack channel, these live sessions offer an additional avenue for asking questions and engaging in meaningful discussions.","tagList":["Zoom","Live Sessions"],"createdAt":"2024-01-27T21:39:50.587Z","updatedAt":"2024-01-27T21:39:50.587Z","favorited":false,"favoritesCount":76,"author":{"username":"Artem Bondar","bio":null,"image":"https://storage.googleapis.com/bondar-academy-visuals/Android.png","following":false}},{"slug":"Utilizing-Slack-for-Continuous-Engagement:-Connect-with-Instructors-Share-Insights-and-Collaborate-1","title":"Utilizing Slack for Continuous Engagement: Connect with Instructors, Share Insights, and Collaborate","description":"Slack stands out as a widely-used messaging and collaboration platform, celebrated for its convenience and versatility. It enables simultaneous participation in multiple conversations, supports comments and emoji reactions, and allows users to share screenshots, videos, and code snippets. Its functionality extends to making calls in huddle sessions. Given these robust features, Bondar Academy has chosen Slack as our primary communication platform, facilitating seamless interaction and collaboration.","body":"As a new member of Bondar Academy, one of your initial steps should be registering for the Bondar Academy Slack Workspace. Upon registration at Bondar Academy, you'll receive a welcome email containing the URL to join. This Workspace serves as a central hub for communication with instructors and fellow students. Whether you have a question, need to share code, or want to upload screenshots, Slack makes it easy and efficient. Moreover, its compatibility with both desktop and mobile devices, by downloading and installing the app, ensures you can stay connected with your instructors and the community wherever you go.","tagList":["Slack","Community","Collaboration"],"createdAt":"2024-01-27T21:38:27.992Z","updatedAt":"2024-01-27T21:38:27.992Z","favorited":false,"favoritesCount":72,"author":{"username":"Artem Bondar","bio":null,"image":"https://storage.googleapis.com/bondar-academy-visuals/Android.png","following":false}},{"slug":"Stay-Ahead-with-Bondar-Academy:-Subscribe-to-Our-YouTube-channel-for-Latest-Tech-and-Education-Updates-1","title":"Stay Ahead with Bondar Academy: Subscribe to Our YouTube channel for Latest Tech and Education Updates","description":"Who doesn't appreciate high-quality free resources? YouTube serves as an ideal platform for sharing the latest news, updates, and a wealth of tips and tricks in test automation and technology. Keep abreast of these invaluable insights by subscribing to the @bondaracademy YouTube channel.","body":"Who doesn't appreciate high-quality free resources? \n\nYouTube serves as an ideal platform for sharing the latest news, updates, and a wealth of tips and tricks in test automation and technology. \n\nKeep abreast of these invaluable insights by subscribing to our YouTube channel: https://www.youtube.com/@bondaracademy","tagList":["YouTube"],"createdAt":"2024-01-27T21:36:32.360Z","updatedAt":"2024-01-27T21:36:32.360Z","favorited":false,"favoritesCount":67,"author":{"username":"Artem Bondar","bio":null,"image":"https://storage.googleapis.com/bondar-academy-visuals/Android.png","following":false}},{"slug":"Explore-the-Latest-in-Learning:-Bondar-Academy-Blog's-Educational-Insights-from-Our-Experts-1","title":"Explore the Latest in Learning: Bondar Academy Blog's Educational Insights from Our Experts","description":"Discover a treasure trove of knowledge on the Bondar Academy blog. Here, we share an array of tips, techniques, and valuable educational materials, all designed to keep you abreast of the latest technological trends and best practices. For easy access and continual learning, consider bookmarking our blog in your browser.","body":"On the Bondar Academy blog, we consistently provide insightful and pertinent updates on the latest in technology, test automation, and industry best practices. For your convenience, we recommend adding our blog to your browser's bookmarks. Our commitment to keeping you informed is reflected in our weekly posts, each focusing on a significant topic of the week.\n\nWe value your input and invite you to contribute to our ever-evolving content. If you have any suggestions or specific topics you'd like us to explore, please feel free to share your ideas in the Bondar Academy Slack workspace. \n\nDiscover our blog here: https://www.bondaracademy.com/blog\n","tagList":["Blog"],"createdAt":"2024-01-27T21:34:04.531Z","updatedAt":"2024-01-27T21:34:04.531Z","favorited":false,"favoritesCount":67,"author":{"username":"Artem Bondar","bio":null,"image":"https://storage.googleapis.com/bondar-academy-visuals/Android.png","following":false}},{"slug":"Take-the-Next-Step:-Join-Bondar-Academy-Today-and-Enroll-into-the-class-1","title":"Take the Next Step: Join Bondar Academy Today and Enroll into the class","description":"Are you prepared to transform your educational journey? Begin by signing up at Bondar Academy, then register for our Slack Workspace to start exploring. We offer a range of classes, with some being completely free and others featuring free previews of the initial sections. This allows you to experience our content and teaching approach firsthand, helping you make an informed decision before enrolling in a class.","body":"Are you prepared to transform your educational journey? \n\nBegin by signing up at Bondar Academy, then register for our Slack Workspace to start exploring. We offer a range of classes, with some being completely free and others featuring free previews of the initial sections. This allows you to experience our content and teaching approach firsthand, helping you make an informed decision before enrolling in a class.\n\nClick here to enroll: https://www.bondaracademy.com","tagList":["Enroll","Start for Free"],"createdAt":"2024-01-27T21:32:21.056Z","updatedAt":"2024-01-27T21:32:21.056Z","favorited":false,"favoritesCount":75,"author":{"username":"Artem Bondar","bio":null,"image":"https://storage.googleapis.com/bondar-academy-visuals/Android.png","following":false}}],"articlesCount":10}

16:42:36.552 [pool-2-thread-1] ERROR com.intuit.karate - classpath:examples/features/ArticleList.feature:13
And match response ==
"""
{
            "slug": "#string",
            "title": "#string",
            "description": "#string",
            "body": "#string",
            "tagList": [
                "#string"
            ],
            "createdAt": "#ignore",
            "updatedAt": "#ignore",
            "favorited": #boolean,
            "favoritesCount": #number,
            "author": {
                "username": "#string",
                "bio": ##string,
                "image": "#string",
                "following": #boolean
            }
        }
"""
match failed: EQUALS
  $ | not equal | actual does not contain key - 'slug' (MAP:MAP)
  {"articles":[{"slug":"Discover-Bondar-Academy:-Your-Gateway-to-Efficient-Learning-1","title":"Discover Bondar Academy: Your Gateway to Efficient Learning","description":"Discover Bondar Academy's unique place in the educational landscape, where value-focused and efficient learning approaches converge. Our goal is to rapidly enhance your professional technical skills, boosting your market competitiveness and paving the way for higher-paying job opportunities. The speed of your progress is in your hands \u2013 you set the pace, and we provide the solutions and support to help you achieve your desired outcomes.","body":"Bondar Academy is a leading platform for efficient education, designed to boost your technical skills and advance your career in Quality Assurance (QA). Our program features a balanced mix of pre-recorded lectures and live sessions, allowing each student to study at their own pace and at a time that suits them. \n\nOur instructors are readily available on our Slack Workspace for support. Whether it's a quick question or a more complex issue requiring a Zoom call or Slack Huddle for screen sharing and live discussion, we're here to assist. Additionally, each class comes with a comprehensive question bank for self-assessment. Following each lecture, you have the opportunity to validate your understanding and readiness to progress to the next topic. You set the pace, and we provide the solutions to ensure you achieve your desired outcomes.\n\nSignUp today: https://www.bondaracademy.com","tagList":["qa career","Bondar Academy","QA Skills","Value-Focused"],"createdAt":"2024-01-27T21:52:32.682Z","updatedAt":"2024-01-27T21:52:32.682Z","favorited":false,"favoritesCount":2217,"author":{"username":"Artem Bondar","bio":null,"image":"https://storage.googleapis.com/bondar-academy-visuals/Android.png","following":false}},{"slug":"The-value-of-pre-recorded-video-classes.-The-most-efficient-approach-to-tranfer-the-knowledge-1","title":"The value of pre-recorded video classes. The most efficient approach to tranfer the knowledge","description":"As educational practices evolve, video tutorials have emerged as the most efficient method for imparting theoretical knowledge. At Bondar Academy, we prioritize expertly structured and crafted video tutorials, ensuring you learn quickly and effectively and advance your skills.","body":"At Bondar Academy, we prioritize the value of your time and the efficiency of your education, distinguishing our approach from traditional colleges and live boot camps. Forget long, tedious live lectures on a fixed schedule. With us, you learn at your convenience and pace through optimized, structured video lectures. \n\nWe understand your goal is rapid knowledge acquisition. Our pre-recorded and well-organized lectures are designed precisely for this, ensuring no slowdowns from group dynamics or unrelated instructor anecdotes. \n\nDive straight into the subject matter, learn efficiently, and if questions arise, our immediate support on the Slack Workspace is there to streamline your learning process and swiftly remove any roadblocks.","tagList":["Bondar Academy","Video Lectures","Tutorials"],"createdAt":"2024-01-27T21:50:38.825Z","updatedAt":"2024-01-27T21:50:38.825Z","favorited":false,"favoritesCount":483,"author":{"username":"Artem Bondar","bio":null,"image":"https://storage.googleapis.com/bondar-academy-visuals/Android.png","following":false}},{"slug":"Mastering-Knowledge-with-Self-Assessments:-Identifying-and-Bridging-Learning-Gaps-in-Education-1","title":"Mastering Knowledge with Self-Assessments: Identifying and Bridging Learning Gaps in Education","description":"Self-assessment is an essential tool for gauging your understanding of lecture material. It answers critical questions: Have you grasped everything correctly? Is there anything you've missed? Are you prepared for the next lesson? These assessments ensure that you build a solid foundation of knowledge, confidently and efficiently paving the way for swift progress and effective learning outcomes.","body":"Traditional educational institutions, such as colleges and universities, commonly use tests and assessments to measure knowledge. This approach is effective for gauging student performance, but it's not without drawbacks. In these settings, assessments after every lecture aren't feasible due to the time required for teachers to evaluate them. This often leads to students having a false sense of understanding, believing they've comprehended all aspects of a lecture when, in reality, small but crucial details might be missed. These 'knowledge gaps' can accumulate, making more complex topics difficult to grasp later on.\n\nAt Bondar Academy, we address this challenge by implementing self-assessments after every lecture. These are designed to cover key questions that ensure a thorough understanding of the material, essential for comfort and success in future lectures. The number of questions varies, ranging from 3-4 to 15-20, depending on the lecture's significance and the volume of critical information. With these self-assessments, students receive immediate feedback, helping them determine if they've fully understood the lecture or if they need to revisit certain parts or seek assistance from our instructors in the Slack Workspace.","tagList":["Self-Assessment","Test","Exam"],"createdAt":"2024-01-27T21:48:36.340Z","updatedAt":"2024-01-27T21:48:36.340Z","favorited":false,"favoritesCount":247,"author":{"username":"Artem Bondar","bio":null,"image":"https://storage.googleapis.com/bondar-academy-visuals/Android.png","following":false}},{"slug":"Practical-Implementation-of-Skills:-Homework-Assignments-with-Instructor-Supervision-1","title":"Practical Implementation of Skills: Homework Assignments with Instructor Supervision","description":"Knowledge or skills not reinforced through practical exercises can quickly fade, often faster than anticipated. Homework, particularly in tasks like writing your own code, is crucial for honing these skills and cementing your understanding. At Bondar Academy, we ensure this vital step by assigning homework, rigorously evaluating the outcomes, and providing valuable feedback to guide your learning journey.","body":"Homework assignments are a fundamental component of the educational methodology at Bondar Academy, especially in technical education where learning a new programming language or framework is involved. The key to mastering these skills lies in writing code; the more you write, the better you become. However, merely replicating code seen in lectures leads to minimal learning. Often, this approach leaves students unclear about why their code works the way it does, as they focus on copying rather than understanding.\n\nA homework assignment at Bondar Academy starts with a blank page, challenging students to apply all their knowledge to write the first line of code. This process is more demanding than it appears. As you write each line, understanding and reasoning grow, making your code meaningful and comprehensible. You learn to write code that makes sense to you, enhancing your understanding.\n\nIn completing these assignments, you engage the 'thinking' part of your brain, transforming theoretical knowledge into practical skills. Recognizing the crucial role of homework in learning, our instructors at Bondar Academy are always available to assist with any challenges. Just reach out on Slack, and you'll receive the guidance and support needed for successful completion. At Bondar Academy, we fully understand the importance of homework assignments for the best outcome, so our instructors are always here to assist if you have any difficulties with completing them. Just ask in Slack and you'll be guided and assisted.","tagList":["Homework","Assignments","Practice","Coding"],"createdAt":"2024-01-27T21:46:09.512Z","updatedAt":"2024-01-27T21:46:09.512Z","favorited":false,"favoritesCount":115,"author":{"username":"Artem Bondar","bio":null,"image":"https://storage.googleapis.com/bondar-academy-visuals/Android.png","following":false}},{"slug":"Embracing-Daily-Git-Routines:-Real-Code-Reviews-on-GitHub-for-Effective-Coding-Practice.-1","title":"Embracing Daily Git Routines: Real Code Reviews on GitHub for Effective Coding Practice.","description":"Learning to code is just one part of a larger skill set; effectively managing and organizing code is equally crucial. At Bondar Academy, we integrate Git and platforms like GitHub into the core learning cycle. With us, using Git becomes a regular routine, where organizing code in branches, storing it in remote repositories, and collaborating with others through strategies like branching, merging, pull requests, and code reviews are standard practice.","body":"At Bondar Academy, mastering Git and GitHub is a fundamental step before delving into frameworks or programming languages. Effective code management, organization, and storage are crucial skills, and Git is the premier tool for this purpose. However, many learners initially find Git challenging due to its complexity and non-intuitive nature. To address this, our instructors have developed structured lectures on Git and GitHub, ensuring an efficient and thorough understanding of these essential tools. Git lessons are a mandatory prerequisite in every class. For a glimpse into our teaching approach, visit our YouTube channel: https://www.youtube.com/@BondarAcademy/playlists.\n\nIn our courses, all homework assignments are reviewed using GitHub pull requests, mirroring the workflow in real-world software development environments. Students submit their code to their working branch for review. Our instructors then provide feedback, suggesting modifications or adjustments for pull request approval. This iterative process is repeated throughout the course, establishing Git usage as a natural and routine part of your coding practice.","tagList":["YouTube","Git","GitHub"],"createdAt":"2024-01-27T21:42:31.491Z","updatedAt":"2024-01-27T21:42:31.491Z","favorited":false,"favoritesCount":104,"author":{"username":"Artem Bondar","bio":null,"image":"https://storage.googleapis.com/bondar-academy-visuals/Android.png","following":false}},{"slug":"Engaging-in-Live-Zoom-Sessions:-Interact-with-Instructors-and-Peers-Ask-Questions-in-Real-Time-1","title":"Engaging in Live Zoom Sessions: Interact with Instructors and Peers, Ask Questions in Real-Time","description":"In our increasingly online world, personal engagement remains a crucial element of effective learning. At Bondar Academy, we address this by hosting live Zoom sessions. These sessions provide a platform for live interaction between instructors and students, and among students themselves. Complementing our Slack channel, these live sessions offer an additional avenue for asking questions and engaging in meaningful discussions.","body":"In our increasingly online world, personal engagement remains a crucial element of effective learning. \nAt Bondar Academy, we address this by hosting live Zoom sessions. These sessions provide a platform for live interaction between instructors and students and among students themselves. Complementing our Slack channel, these live sessions offer an additional avenue for asking questions and engaging in meaningful discussions.","tagList":["Zoom","Live Sessions"],"createdAt":"2024-01-27T21:39:50.587Z","updatedAt":"2024-01-27T21:39:50.587Z","favorited":false,"favoritesCount":76,"author":{"username":"Artem Bondar","bio":null,"image":"https://storage.googleapis.com/bondar-academy-visuals/Android.png","following":false}},{"slug":"Utilizing-Slack-for-Continuous-Engagement:-Connect-with-Instructors-Share-Insights-and-Collaborate-1","title":"Utilizing Slack for Continuous Engagement: Connect with Instructors, Share Insights, and Collaborate","description":"Slack stands out as a widely-used messaging and collaboration platform, celebrated for its convenience and versatility. It enables simultaneous participation in multiple conversations, supports comments and emoji reactions, and allows users to share screenshots, videos, and code snippets. Its functionality extends to making calls in huddle sessions. Given these robust features, Bondar Academy has chosen Slack as our primary communication platform, facilitating seamless interaction and collaboration.","body":"As a new member of Bondar Academy, one of your initial steps should be registering for the Bondar Academy Slack Workspace. Upon registration at Bondar Academy, you'll receive a welcome email containing the URL to join. This Workspace serves as a central hub for communication with instructors and fellow students. Whether you have a question, need to share code, or want to upload screenshots, Slack makes it easy and efficient. Moreover, its compatibility with both desktop and mobile devices, by downloading and installing the app, ensures you can stay connected with your instructors and the community wherever you go.","tagList":["Slack","Community","Collaboration"],"createdAt":"2024-01-27T21:38:27.992Z","updatedAt":"2024-01-27T21:38:27.992Z","favorited":false,"favoritesCount":72,"author":{"username":"Artem Bondar","bio":null,"image":"https://storage.googleapis.com/bondar-academy-visuals/Android.png","following":false}},{"slug":"Stay-Ahead-with-Bondar-Academy:-Subscribe-to-Our-YouTube-channel-for-Latest-Tech-and-Education-Updates-1","title":"Stay Ahead with Bondar Academy: Subscribe to Our YouTube channel for Latest Tech and Education Updates","description":"Who doesn't appreciate high-quality free resources? YouTube serves as an ideal platform for sharing the latest news, updates, and a wealth of tips and tricks in test automation and technology. Keep abreast of these invaluable insights by subscribing to the @bondaracademy YouTube channel.","body":"Who doesn't appreciate high-quality free resources? \n\nYouTube serves as an ideal platform for sharing the latest news, updates, and a wealth of tips and tricks in test automation and technology. \n\nKeep abreast of these invaluable insights by subscribing to our YouTube channel: https://www.youtube.com/@bondaracademy","tagList":["YouTube"],"createdAt":"2024-01-27T21:36:32.360Z","updatedAt":"2024-01-27T21:36:32.360Z","favorited":false,"favoritesCount":67,"author":{"username":"Artem Bondar","bio":null,"image":"https://storage.googleapis.com/bondar-academy-visuals/Android.png","following":false}},{"slug":"Explore-the-Latest-in-Learning:-Bondar-Academy-Blog's-Educational-Insights-from-Our-Experts-1","title":"Explore the Latest in Learning: Bondar Academy Blog's Educational Insights from Our Experts","description":"Discover a treasure trove of knowledge on the Bondar Academy blog. Here, we share an array of tips, techniques, and valuable educational materials, all designed to keep you abreast of the latest technological trends and best practices. For easy access and continual learning, consider bookmarking our blog in your browser.","body":"On the Bondar Academy blog, we consistently provide insightful and pertinent updates on the latest in technology, test automation, and industry best practices. For your convenience, we recommend adding our blog to your browser's bookmarks. Our commitment to keeping you informed is reflected in our weekly posts, each focusing on a significant topic of the week.\n\nWe value your input and invite you to contribute to our ever-evolving content. If you have any suggestions or specific topics you'd like us to explore, please feel free to share your ideas in the Bondar Academy Slack workspace. \n\nDiscover our blog here: https://www.bondaracademy.com/blog\n","tagList":["Blog"],"createdAt":"2024-01-27T21:34:04.531Z","updatedAt":"2024-01-27T21:34:04.531Z","favorited":false,"favoritesCount":67,"author":{"username":"Artem Bondar","bio":null,"image":"https://storage.googleapis.com/bondar-academy-visuals/Android.png","following":false}},{"slug":"Take-the-Next-Step:-Join-Bondar-Academy-Today-and-Enroll-into-the-class-1","title":"Take the Next Step: Join Bondar Academy Today and Enroll into the class","description":"Are you prepared to transform your educational journey? Begin by signing up at Bondar Academy, then register for our Slack Workspace to start exploring. We offer a range of classes, with some being completely free and others featuring free previews of the initial sections. This allows you to experience our content and teaching approach firsthand, helping you make an informed decision before enrolling in a class.","body":"Are you prepared to transform your educational journey? \n\nBegin by signing up at Bondar Academy, then register for our Slack Workspace to start exploring. We offer a range of classes, with some being completely free and others featuring free previews of the initial sections. This allows you to experience our content and teaching approach firsthand, helping you make an informed decision before enrolling in a class.\n\nClick here to enroll: https://www.bondaracademy.com","tagList":["Enroll","Start for Free"],"createdAt":"2024-01-27T21:32:21.056Z","updatedAt":"2024-01-27T21:32:21.056Z","favorited":false,"favoritesCount":75,"author":{"username":"Artem Bondar","bio":null,"image":"https://storage.googleapis.com/bondar-academy-visuals/Android.png","following":false}}],"articlesCount":10}
  {"slug":"#string","title":"#string","description":"#string","body":"#string","tagList":["#string"],"createdAt":"#ignore","updatedAt":"#ignore","favorited":"#boolean","favoritesCount":"#number","author":{"username":"#string","bio":"##string","image":"#string","following":"#boolean"}}


classpath:examples/features/ArticleList.feature:13
16:42:37.259 [pool-3-thread-1] INFO  com.intuit.karate.Suite - <<fail>> feature 1 of 3 (2 remaining) classpath:examples/features/ArticleList.feature
16:43:37.382 [main] INFO  com.intuit.karate.Runner - using system property 'karate.options': --tags @articlelist
16:43:38.301 [main] DEBUG com.intuit.karate.Suite - [config] classpath:karate-config.js
16:43:38.304 [main] INFO  com.intuit.karate.Suite - backed up existing 'target\karate-reports' dir to: target\karate-reports_1788047018302
16:43:38.309 [main] DEBUG com.intuit.karate.Suite - waiting for 3 features to complete
16:43:39.458 [pool-2-thread-1] INFO  com.intuit.karate - karate.env system property was: null 
16:43:39.718 [pool-2-thread-1] DEBUG com.intuit.karate - request:
1 > GET https://conduit-api.bondaracademy.com/api/articles?limit=10&offset=0
1 > Host: conduit-api.bondaracademy.com
1 > Connection: Keep-Alive
1 > User-Agent: Apache-HttpClient/4.5.14 (Java/25.0.4)
1 > Accept-Encoding: gzip,deflate


16:43:40.525 [pool-2-thread-1] DEBUG com.intuit.karate - response time in milliseconds: 802
1 < 200
1 < x-powered-by: Express
1 < vary: Origin
1 < content-type: application/json; charset=utf-8
1 < etag: W/"43a9-46vzj+oI8pt/OwQfezo2HqTiwpI"
1 < x-cloud-trace-context: 541044661636476bd6c5b0c3c603b2bb;o=1
1 < date: Sat, 29 Aug 2026 23:43:40 GMT
1 < server: Google Frontend
1 < Content-Length: 17321
{"articles":[{"slug":"Discover-Bondar-Academy:-Your-Gateway-to-Efficient-Learning-1","title":"Discover Bondar Academy: Your Gateway to Efficient Learning","description":"Discover Bondar Academy's unique place in the educational landscape, where value-focused and efficient learning approaches converge. Our goal is to rapidly enhance your professional technical skills, boosting your market competitiveness and paving the way for higher-paying job opportunities. The speed of your progress is in your hands – you set the pace, and we provide the solutions and support to help you achieve your desired outcomes.","body":"Bondar Academy is a leading platform for efficient education, designed to boost your technical skills and advance your career in Quality Assurance (QA). Our program features a balanced mix of pre-recorded lectures and live sessions, allowing each student to study at their own pace and at a time that suits them. \n\nOur instructors are readily available on our Slack Workspace for support. Whether it's a quick question or a more complex issue requiring a Zoom call or Slack Huddle for screen sharing and live discussion, we're here to assist. Additionally, each class comes with a comprehensive question bank for self-assessment. Following each lecture, you have the opportunity to validate your understanding and readiness to progress to the next topic. You set the pace, and we provide the solutions to ensure you achieve your desired outcomes.\n\nSignUp today: https://www.bondaracademy.com","tagList":["qa career","Bondar Academy","QA Skills","Value-Focused"],"createdAt":"2024-01-27T21:52:32.682Z","updatedAt":"2024-01-27T21:52:32.682Z","favorited":false,"favoritesCount":2217,"author":{"username":"Artem Bondar","bio":null,"image":"https://storage.googleapis.com/bondar-academy-visuals/Android.png","following":false}},{"slug":"The-value-of-pre-recorded-video-classes.-The-most-efficient-approach-to-tranfer-the-knowledge-1","title":"The value of pre-recorded video classes. The most efficient approach to tranfer the knowledge","description":"As educational practices evolve, video tutorials have emerged as the most efficient method for imparting theoretical knowledge. At Bondar Academy, we prioritize expertly structured and crafted video tutorials, ensuring you learn quickly and effectively and advance your skills.","body":"At Bondar Academy, we prioritize the value of your time and the efficiency of your education, distinguishing our approach from traditional colleges and live boot camps. Forget long, tedious live lectures on a fixed schedule. With us, you learn at your convenience and pace through optimized, structured video lectures. \n\nWe understand your goal is rapid knowledge acquisition. Our pre-recorded and well-organized lectures are designed precisely for this, ensuring no slowdowns from group dynamics or unrelated instructor anecdotes. \n\nDive straight into the subject matter, learn efficiently, and if questions arise, our immediate support on the Slack Workspace is there to streamline your learning process and swiftly remove any roadblocks.","tagList":["Bondar Academy","Video Lectures","Tutorials"],"createdAt":"2024-01-27T21:50:38.825Z","updatedAt":"2024-01-27T21:50:38.825Z","favorited":false,"favoritesCount":483,"author":{"username":"Artem Bondar","bio":null,"image":"https://storage.googleapis.com/bondar-academy-visuals/Android.png","following":false}},{"slug":"Mastering-Knowledge-with-Self-Assessments:-Identifying-and-Bridging-Learning-Gaps-in-Education-1","title":"Mastering Knowledge with Self-Assessments: Identifying and Bridging Learning Gaps in Education","description":"Self-assessment is an essential tool for gauging your understanding of lecture material. It answers critical questions: Have you grasped everything correctly? Is there anything you've missed? Are you prepared for the next lesson? These assessments ensure that you build a solid foundation of knowledge, confidently and efficiently paving the way for swift progress and effective learning outcomes.","body":"Traditional educational institutions, such as colleges and universities, commonly use tests and assessments to measure knowledge. This approach is effective for gauging student performance, but it's not without drawbacks. In these settings, assessments after every lecture aren't feasible due to the time required for teachers to evaluate them. This often leads to students having a false sense of understanding, believing they've comprehended all aspects of a lecture when, in reality, small but crucial details might be missed. These 'knowledge gaps' can accumulate, making more complex topics difficult to grasp later on.\n\nAt Bondar Academy, we address this challenge by implementing self-assessments after every lecture. These are designed to cover key questions that ensure a thorough understanding of the material, essential for comfort and success in future lectures. The number of questions varies, ranging from 3-4 to 15-20, depending on the lecture's significance and the volume of critical information. With these self-assessments, students receive immediate feedback, helping them determine if they've fully understood the lecture or if they need to revisit certain parts or seek assistance from our instructors in the Slack Workspace.","tagList":["Self-Assessment","Test","Exam"],"createdAt":"2024-01-27T21:48:36.340Z","updatedAt":"2024-01-27T21:48:36.340Z","favorited":false,"favoritesCount":247,"author":{"username":"Artem Bondar","bio":null,"image":"https://storage.googleapis.com/bondar-academy-visuals/Android.png","following":false}},{"slug":"Practical-Implementation-of-Skills:-Homework-Assignments-with-Instructor-Supervision-1","title":"Practical Implementation of Skills: Homework Assignments with Instructor Supervision","description":"Knowledge or skills not reinforced through practical exercises can quickly fade, often faster than anticipated. Homework, particularly in tasks like writing your own code, is crucial for honing these skills and cementing your understanding. At Bondar Academy, we ensure this vital step by assigning homework, rigorously evaluating the outcomes, and providing valuable feedback to guide your learning journey.","body":"Homework assignments are a fundamental component of the educational methodology at Bondar Academy, especially in technical education where learning a new programming language or framework is involved. The key to mastering these skills lies in writing code; the more you write, the better you become. However, merely replicating code seen in lectures leads to minimal learning. Often, this approach leaves students unclear about why their code works the way it does, as they focus on copying rather than understanding.\n\nA homework assignment at Bondar Academy starts with a blank page, challenging students to apply all their knowledge to write the first line of code. This process is more demanding than it appears. As you write each line, understanding and reasoning grow, making your code meaningful and comprehensible. You learn to write code that makes sense to you, enhancing your understanding.\n\nIn completing these assignments, you engage the 'thinking' part of your brain, transforming theoretical knowledge into practical skills. Recognizing the crucial role of homework in learning, our instructors at Bondar Academy are always available to assist with any challenges. Just reach out on Slack, and you'll receive the guidance and support needed for successful completion. At Bondar Academy, we fully understand the importance of homework assignments for the best outcome, so our instructors are always here to assist if you have any difficulties with completing them. Just ask in Slack and you'll be guided and assisted.","tagList":["Homework","Assignments","Practice","Coding"],"createdAt":"2024-01-27T21:46:09.512Z","updatedAt":"2024-01-27T21:46:09.512Z","favorited":false,"favoritesCount":115,"author":{"username":"Artem Bondar","bio":null,"image":"https://storage.googleapis.com/bondar-academy-visuals/Android.png","following":false}},{"slug":"Embracing-Daily-Git-Routines:-Real-Code-Reviews-on-GitHub-for-Effective-Coding-Practice.-1","title":"Embracing Daily Git Routines: Real Code Reviews on GitHub for Effective Coding Practice.","description":"Learning to code is just one part of a larger skill set; effectively managing and organizing code is equally crucial. At Bondar Academy, we integrate Git and platforms like GitHub into the core learning cycle. With us, using Git becomes a regular routine, where organizing code in branches, storing it in remote repositories, and collaborating with others through strategies like branching, merging, pull requests, and code reviews are standard practice.","body":"At Bondar Academy, mastering Git and GitHub is a fundamental step before delving into frameworks or programming languages. Effective code management, organization, and storage are crucial skills, and Git is the premier tool for this purpose. However, many learners initially find Git challenging due to its complexity and non-intuitive nature. To address this, our instructors have developed structured lectures on Git and GitHub, ensuring an efficient and thorough understanding of these essential tools. Git lessons are a mandatory prerequisite in every class. For a glimpse into our teaching approach, visit our YouTube channel: https://www.youtube.com/@BondarAcademy/playlists.\n\nIn our courses, all homework assignments are reviewed using GitHub pull requests, mirroring the workflow in real-world software development environments. Students submit their code to their working branch for review. Our instructors then provide feedback, suggesting modifications or adjustments for pull request approval. This iterative process is repeated throughout the course, establishing Git usage as a natural and routine part of your coding practice.","tagList":["YouTube","Git","GitHub"],"createdAt":"2024-01-27T21:42:31.491Z","updatedAt":"2024-01-27T21:42:31.491Z","favorited":false,"favoritesCount":104,"author":{"username":"Artem Bondar","bio":null,"image":"https://storage.googleapis.com/bondar-academy-visuals/Android.png","following":false}},{"slug":"Engaging-in-Live-Zoom-Sessions:-Interact-with-Instructors-and-Peers-Ask-Questions-in-Real-Time-1","title":"Engaging in Live Zoom Sessions: Interact with Instructors and Peers, Ask Questions in Real-Time","description":"In our increasingly online world, personal engagement remains a crucial element of effective learning. At Bondar Academy, we address this by hosting live Zoom sessions. These sessions provide a platform for live interaction between instructors and students, and among students themselves. Complementing our Slack channel, these live sessions offer an additional avenue for asking questions and engaging in meaningful discussions.","body":"In our increasingly online world, personal engagement remains a crucial element of effective learning. \nAt Bondar Academy, we address this by hosting live Zoom sessions. These sessions provide a platform for live interaction between instructors and students and among students themselves. Complementing our Slack channel, these live sessions offer an additional avenue for asking questions and engaging in meaningful discussions.","tagList":["Zoom","Live Sessions"],"createdAt":"2024-01-27T21:39:50.587Z","updatedAt":"2024-01-27T21:39:50.587Z","favorited":false,"favoritesCount":76,"author":{"username":"Artem Bondar","bio":null,"image":"https://storage.googleapis.com/bondar-academy-visuals/Android.png","following":false}},{"slug":"Utilizing-Slack-for-Continuous-Engagement:-Connect-with-Instructors-Share-Insights-and-Collaborate-1","title":"Utilizing Slack for Continuous Engagement: Connect with Instructors, Share Insights, and Collaborate","description":"Slack stands out as a widely-used messaging and collaboration platform, celebrated for its convenience and versatility. It enables simultaneous participation in multiple conversations, supports comments and emoji reactions, and allows users to share screenshots, videos, and code snippets. Its functionality extends to making calls in huddle sessions. Given these robust features, Bondar Academy has chosen Slack as our primary communication platform, facilitating seamless interaction and collaboration.","body":"As a new member of Bondar Academy, one of your initial steps should be registering for the Bondar Academy Slack Workspace. Upon registration at Bondar Academy, you'll receive a welcome email containing the URL to join. This Workspace serves as a central hub for communication with instructors and fellow students. Whether you have a question, need to share code, or want to upload screenshots, Slack makes it easy and efficient. Moreover, its compatibility with both desktop and mobile devices, by downloading and installing the app, ensures you can stay connected with your instructors and the community wherever you go.","tagList":["Slack","Community","Collaboration"],"createdAt":"2024-01-27T21:38:27.992Z","updatedAt":"2024-01-27T21:38:27.992Z","favorited":false,"favoritesCount":72,"author":{"username":"Artem Bondar","bio":null,"image":"https://storage.googleapis.com/bondar-academy-visuals/Android.png","following":false}},{"slug":"Stay-Ahead-with-Bondar-Academy:-Subscribe-to-Our-YouTube-channel-for-Latest-Tech-and-Education-Updates-1","title":"Stay Ahead with Bondar Academy: Subscribe to Our YouTube channel for Latest Tech and Education Updates","description":"Who doesn't appreciate high-quality free resources? YouTube serves as an ideal platform for sharing the latest news, updates, and a wealth of tips and tricks in test automation and technology. Keep abreast of these invaluable insights by subscribing to the @bondaracademy YouTube channel.","body":"Who doesn't appreciate high-quality free resources? \n\nYouTube serves as an ideal platform for sharing the latest news, updates, and a wealth of tips and tricks in test automation and technology. \n\nKeep abreast of these invaluable insights by subscribing to our YouTube channel: https://www.youtube.com/@bondaracademy","tagList":["YouTube"],"createdAt":"2024-01-27T21:36:32.360Z","updatedAt":"2024-01-27T21:36:32.360Z","favorited":false,"favoritesCount":67,"author":{"username":"Artem Bondar","bio":null,"image":"https://storage.googleapis.com/bondar-academy-visuals/Android.png","following":false}},{"slug":"Explore-the-Latest-in-Learning:-Bondar-Academy-Blog's-Educational-Insights-from-Our-Experts-1","title":"Explore the Latest in Learning: Bondar Academy Blog's Educational Insights from Our Experts","description":"Discover a treasure trove of knowledge on the Bondar Academy blog. Here, we share an array of tips, techniques, and valuable educational materials, all designed to keep you abreast of the latest technological trends and best practices. For easy access and continual learning, consider bookmarking our blog in your browser.","body":"On the Bondar Academy blog, we consistently provide insightful and pertinent updates on the latest in technology, test automation, and industry best practices. For your convenience, we recommend adding our blog to your browser's bookmarks. Our commitment to keeping you informed is reflected in our weekly posts, each focusing on a significant topic of the week.\n\nWe value your input and invite you to contribute to our ever-evolving content. If you have any suggestions or specific topics you'd like us to explore, please feel free to share your ideas in the Bondar Academy Slack workspace. \n\nDiscover our blog here: https://www.bondaracademy.com/blog\n","tagList":["Blog"],"createdAt":"2024-01-27T21:34:04.531Z","updatedAt":"2024-01-27T21:34:04.531Z","favorited":false,"favoritesCount":67,"author":{"username":"Artem Bondar","bio":null,"image":"https://storage.googleapis.com/bondar-academy-visuals/Android.png","following":false}},{"slug":"Take-the-Next-Step:-Join-Bondar-Academy-Today-and-Enroll-into-the-class-1","title":"Take the Next Step: Join Bondar Academy Today and Enroll into the class","description":"Are you prepared to transform your educational journey? Begin by signing up at Bondar Academy, then register for our Slack Workspace to start exploring. We offer a range of classes, with some being completely free and others featuring free previews of the initial sections. This allows you to experience our content and teaching approach firsthand, helping you make an informed decision before enrolling in a class.","body":"Are you prepared to transform your educational journey? \n\nBegin by signing up at Bondar Academy, then register for our Slack Workspace to start exploring. We offer a range of classes, with some being completely free and others featuring free previews of the initial sections. This allows you to experience our content and teaching approach firsthand, helping you make an informed decision before enrolling in a class.\n\nClick here to enroll: https://www.bondaracademy.com","tagList":["Enroll","Start for Free"],"createdAt":"2024-01-27T21:32:21.056Z","updatedAt":"2024-01-27T21:32:21.056Z","favorited":false,"favoritesCount":75,"author":{"username":"Artem Bondar","bio":null,"image":"https://storage.googleapis.com/bondar-academy-visuals/Android.png","following":false}}],"articlesCount":10}

16:43:40.556 [pool-2-thread-1] ERROR com.intuit.karate - classpath:examples/features/ArticleList.feature:13
And match response.articles[0] ==
"""
{
            "slug": "#string",
            "title": "#string",
            "description": "#string",
            "body": "#string",
            "tagList": [
                "#string"
            ],
            "createdAt": "#ignore",
            "updatedAt": "#ignore",
            "favorited": #boolean,
            "favoritesCount": #number,
            "author": {
                "username": "#string",
                "bio": ##string,
                "image": "#string",
                "following": #boolean
            }
        }
"""
match failed: EQUALS
  $ | not equal | match failed for name: 'tagList' (MAP:MAP)
  {"slug":"Discover-Bondar-Academy:-Your-Gateway-to-Efficient-Learning-1","title":"Discover Bondar Academy: Your Gateway to Efficient Learning","description":"Discover Bondar Academy's unique place in the educational landscape, where value-focused and efficient learning approaches converge. Our goal is to rapidly enhance your professional technical skills, boosting your market competitiveness and paving the way for higher-paying job opportunities. The speed of your progress is in your hands \u2013 you set the pace, and we provide the solutions and support to help you achieve your desired outcomes.","body":"Bondar Academy is a leading platform for efficient education, designed to boost your technical skills and advance your career in Quality Assurance (QA). Our program features a balanced mix of pre-recorded lectures and live sessions, allowing each student to study at their own pace and at a time that suits them. \n\nOur instructors are readily available on our Slack Workspace for support. Whether it's a quick question or a more complex issue requiring a Zoom call or Slack Huddle for screen sharing and live discussion, we're here to assist. Additionally, each class comes with a comprehensive question bank for self-assessment. Following each lecture, you have the opportunity to validate your understanding and readiness to progress to the next topic. You set the pace, and we provide the solutions to ensure you achieve your desired outcomes.\n\nSignUp today: https://www.bondaracademy.com","tagList":["qa career","Bondar Academy","QA Skills","Value-Focused"],"createdAt":"2024-01-27T21:52:32.682Z","updatedAt":"2024-01-27T21:52:32.682Z","favorited":false,"favoritesCount":2217,"author":{"username":"Artem Bondar","bio":null,"image":"https://storage.googleapis.com/bondar-academy-visuals/Android.png","following":false}}
  {"slug":"#string","title":"#string","description":"#string","body":"#string","tagList":["#string"],"createdAt":"#ignore","updatedAt":"#ignore","favorited":"#boolean","favoritesCount":"#number","author":{"username":"#string","bio":"##string","image":"#string","following":"#boolean"}}

    $.tagList | not equal | actual array length is not equal to expected - 4:1 (LIST:LIST)
    ["qa career","Bondar Academy","QA Skills","Value-Focused"]
    ["#string"]


classpath:examples/features/ArticleList.feature:13
16:43:41.228 [pool-3-thread-1] INFO  com.intuit.karate.Suite - <<fail>> feature 1 of 3 (2 remaining) classpath:examples/features/ArticleList.feature
16:45:10.918 [main] INFO  com.intuit.karate.Runner - using system property 'karate.options': --tags @articlelist
16:45:11.866 [main] DEBUG com.intuit.karate.Suite - [config] classpath:karate-config.js
16:45:11.869 [main] INFO  com.intuit.karate.Suite - backed up existing 'target\karate-reports' dir to: target\karate-reports_1788047111867
16:45:11.875 [main] DEBUG com.intuit.karate.Suite - waiting for 3 features to complete
16:45:13.142 [pool-2-thread-1] INFO  com.intuit.karate - karate.env system property was: null 
16:45:13.401 [pool-2-thread-1] DEBUG com.intuit.karate - request:
1 > GET https://conduit-api.bondaracademy.com/api/articles?limit=10&offset=0
1 > Host: conduit-api.bondaracademy.com
1 > Connection: Keep-Alive
1 > User-Agent: Apache-HttpClient/4.5.14 (Java/25.0.4)
1 > Accept-Encoding: gzip,deflate


16:45:14.028 [pool-2-thread-1] DEBUG com.intuit.karate - response time in milliseconds: 621
1 < 200
1 < x-powered-by: Express
1 < vary: Origin
1 < content-type: application/json; charset=utf-8
1 < etag: W/"43a9-46vzj+oI8pt/OwQfezo2HqTiwpI"
1 < x-cloud-trace-context: b245ff1d284ae38863c02513d7abfa47;o=1
1 < date: Sat, 29 Aug 2026 23:45:13 GMT
1 < server: Google Frontend
1 < Content-Length: 17321
{"articles":[{"slug":"Discover-Bondar-Academy:-Your-Gateway-to-Efficient-Learning-1","title":"Discover Bondar Academy: Your Gateway to Efficient Learning","description":"Discover Bondar Academy's unique place in the educational landscape, where value-focused and efficient learning approaches converge. Our goal is to rapidly enhance your professional technical skills, boosting your market competitiveness and paving the way for higher-paying job opportunities. The speed of your progress is in your hands – you set the pace, and we provide the solutions and support to help you achieve your desired outcomes.","body":"Bondar Academy is a leading platform for efficient education, designed to boost your technical skills and advance your career in Quality Assurance (QA). Our program features a balanced mix of pre-recorded lectures and live sessions, allowing each student to study at their own pace and at a time that suits them. \n\nOur instructors are readily available on our Slack Workspace for support. Whether it's a quick question or a more complex issue requiring a Zoom call or Slack Huddle for screen sharing and live discussion, we're here to assist. Additionally, each class comes with a comprehensive question bank for self-assessment. Following each lecture, you have the opportunity to validate your understanding and readiness to progress to the next topic. You set the pace, and we provide the solutions to ensure you achieve your desired outcomes.\n\nSignUp today: https://www.bondaracademy.com","tagList":["qa career","Bondar Academy","QA Skills","Value-Focused"],"createdAt":"2024-01-27T21:52:32.682Z","updatedAt":"2024-01-27T21:52:32.682Z","favorited":false,"favoritesCount":2217,"author":{"username":"Artem Bondar","bio":null,"image":"https://storage.googleapis.com/bondar-academy-visuals/Android.png","following":false}},{"slug":"The-value-of-pre-recorded-video-classes.-The-most-efficient-approach-to-tranfer-the-knowledge-1","title":"The value of pre-recorded video classes. The most efficient approach to tranfer the knowledge","description":"As educational practices evolve, video tutorials have emerged as the most efficient method for imparting theoretical knowledge. At Bondar Academy, we prioritize expertly structured and crafted video tutorials, ensuring you learn quickly and effectively and advance your skills.","body":"At Bondar Academy, we prioritize the value of your time and the efficiency of your education, distinguishing our approach from traditional colleges and live boot camps. Forget long, tedious live lectures on a fixed schedule. With us, you learn at your convenience and pace through optimized, structured video lectures. \n\nWe understand your goal is rapid knowledge acquisition. Our pre-recorded and well-organized lectures are designed precisely for this, ensuring no slowdowns from group dynamics or unrelated instructor anecdotes. \n\nDive straight into the subject matter, learn efficiently, and if questions arise, our immediate support on the Slack Workspace is there to streamline your learning process and swiftly remove any roadblocks.","tagList":["Bondar Academy","Video Lectures","Tutorials"],"createdAt":"2024-01-27T21:50:38.825Z","updatedAt":"2024-01-27T21:50:38.825Z","favorited":false,"favoritesCount":483,"author":{"username":"Artem Bondar","bio":null,"image":"https://storage.googleapis.com/bondar-academy-visuals/Android.png","following":false}},{"slug":"Mastering-Knowledge-with-Self-Assessments:-Identifying-and-Bridging-Learning-Gaps-in-Education-1","title":"Mastering Knowledge with Self-Assessments: Identifying and Bridging Learning Gaps in Education","description":"Self-assessment is an essential tool for gauging your understanding of lecture material. It answers critical questions: Have you grasped everything correctly? Is there anything you've missed? Are you prepared for the next lesson? These assessments ensure that you build a solid foundation of knowledge, confidently and efficiently paving the way for swift progress and effective learning outcomes.","body":"Traditional educational institutions, such as colleges and universities, commonly use tests and assessments to measure knowledge. This approach is effective for gauging student performance, but it's not without drawbacks. In these settings, assessments after every lecture aren't feasible due to the time required for teachers to evaluate them. This often leads to students having a false sense of understanding, believing they've comprehended all aspects of a lecture when, in reality, small but crucial details might be missed. These 'knowledge gaps' can accumulate, making more complex topics difficult to grasp later on.\n\nAt Bondar Academy, we address this challenge by implementing self-assessments after every lecture. These are designed to cover key questions that ensure a thorough understanding of the material, essential for comfort and success in future lectures. The number of questions varies, ranging from 3-4 to 15-20, depending on the lecture's significance and the volume of critical information. With these self-assessments, students receive immediate feedback, helping them determine if they've fully understood the lecture or if they need to revisit certain parts or seek assistance from our instructors in the Slack Workspace.","tagList":["Self-Assessment","Test","Exam"],"createdAt":"2024-01-27T21:48:36.340Z","updatedAt":"2024-01-27T21:48:36.340Z","favorited":false,"favoritesCount":247,"author":{"username":"Artem Bondar","bio":null,"image":"https://storage.googleapis.com/bondar-academy-visuals/Android.png","following":false}},{"slug":"Practical-Implementation-of-Skills:-Homework-Assignments-with-Instructor-Supervision-1","title":"Practical Implementation of Skills: Homework Assignments with Instructor Supervision","description":"Knowledge or skills not reinforced through practical exercises can quickly fade, often faster than anticipated. Homework, particularly in tasks like writing your own code, is crucial for honing these skills and cementing your understanding. At Bondar Academy, we ensure this vital step by assigning homework, rigorously evaluating the outcomes, and providing valuable feedback to guide your learning journey.","body":"Homework assignments are a fundamental component of the educational methodology at Bondar Academy, especially in technical education where learning a new programming language or framework is involved. The key to mastering these skills lies in writing code; the more you write, the better you become. However, merely replicating code seen in lectures leads to minimal learning. Often, this approach leaves students unclear about why their code works the way it does, as they focus on copying rather than understanding.\n\nA homework assignment at Bondar Academy starts with a blank page, challenging students to apply all their knowledge to write the first line of code. This process is more demanding than it appears. As you write each line, understanding and reasoning grow, making your code meaningful and comprehensible. You learn to write code that makes sense to you, enhancing your understanding.\n\nIn completing these assignments, you engage the 'thinking' part of your brain, transforming theoretical knowledge into practical skills. Recognizing the crucial role of homework in learning, our instructors at Bondar Academy are always available to assist with any challenges. Just reach out on Slack, and you'll receive the guidance and support needed for successful completion. At Bondar Academy, we fully understand the importance of homework assignments for the best outcome, so our instructors are always here to assist if you have any difficulties with completing them. Just ask in Slack and you'll be guided and assisted.","tagList":["Homework","Assignments","Practice","Coding"],"createdAt":"2024-01-27T21:46:09.512Z","updatedAt":"2024-01-27T21:46:09.512Z","favorited":false,"favoritesCount":115,"author":{"username":"Artem Bondar","bio":null,"image":"https://storage.googleapis.com/bondar-academy-visuals/Android.png","following":false}},{"slug":"Embracing-Daily-Git-Routines:-Real-Code-Reviews-on-GitHub-for-Effective-Coding-Practice.-1","title":"Embracing Daily Git Routines: Real Code Reviews on GitHub for Effective Coding Practice.","description":"Learning to code is just one part of a larger skill set; effectively managing and organizing code is equally crucial. At Bondar Academy, we integrate Git and platforms like GitHub into the core learning cycle. With us, using Git becomes a regular routine, where organizing code in branches, storing it in remote repositories, and collaborating with others through strategies like branching, merging, pull requests, and code reviews are standard practice.","body":"At Bondar Academy, mastering Git and GitHub is a fundamental step before delving into frameworks or programming languages. Effective code management, organization, and storage are crucial skills, and Git is the premier tool for this purpose. However, many learners initially find Git challenging due to its complexity and non-intuitive nature. To address this, our instructors have developed structured lectures on Git and GitHub, ensuring an efficient and thorough understanding of these essential tools. Git lessons are a mandatory prerequisite in every class. For a glimpse into our teaching approach, visit our YouTube channel: https://www.youtube.com/@BondarAcademy/playlists.\n\nIn our courses, all homework assignments are reviewed using GitHub pull requests, mirroring the workflow in real-world software development environments. Students submit their code to their working branch for review. Our instructors then provide feedback, suggesting modifications or adjustments for pull request approval. This iterative process is repeated throughout the course, establishing Git usage as a natural and routine part of your coding practice.","tagList":["YouTube","Git","GitHub"],"createdAt":"2024-01-27T21:42:31.491Z","updatedAt":"2024-01-27T21:42:31.491Z","favorited":false,"favoritesCount":104,"author":{"username":"Artem Bondar","bio":null,"image":"https://storage.googleapis.com/bondar-academy-visuals/Android.png","following":false}},{"slug":"Engaging-in-Live-Zoom-Sessions:-Interact-with-Instructors-and-Peers-Ask-Questions-in-Real-Time-1","title":"Engaging in Live Zoom Sessions: Interact with Instructors and Peers, Ask Questions in Real-Time","description":"In our increasingly online world, personal engagement remains a crucial element of effective learning. At Bondar Academy, we address this by hosting live Zoom sessions. These sessions provide a platform for live interaction between instructors and students, and among students themselves. Complementing our Slack channel, these live sessions offer an additional avenue for asking questions and engaging in meaningful discussions.","body":"In our increasingly online world, personal engagement remains a crucial element of effective learning. \nAt Bondar Academy, we address this by hosting live Zoom sessions. These sessions provide a platform for live interaction between instructors and students and among students themselves. Complementing our Slack channel, these live sessions offer an additional avenue for asking questions and engaging in meaningful discussions.","tagList":["Zoom","Live Sessions"],"createdAt":"2024-01-27T21:39:50.587Z","updatedAt":"2024-01-27T21:39:50.587Z","favorited":false,"favoritesCount":76,"author":{"username":"Artem Bondar","bio":null,"image":"https://storage.googleapis.com/bondar-academy-visuals/Android.png","following":false}},{"slug":"Utilizing-Slack-for-Continuous-Engagement:-Connect-with-Instructors-Share-Insights-and-Collaborate-1","title":"Utilizing Slack for Continuous Engagement: Connect with Instructors, Share Insights, and Collaborate","description":"Slack stands out as a widely-used messaging and collaboration platform, celebrated for its convenience and versatility. It enables simultaneous participation in multiple conversations, supports comments and emoji reactions, and allows users to share screenshots, videos, and code snippets. Its functionality extends to making calls in huddle sessions. Given these robust features, Bondar Academy has chosen Slack as our primary communication platform, facilitating seamless interaction and collaboration.","body":"As a new member of Bondar Academy, one of your initial steps should be registering for the Bondar Academy Slack Workspace. Upon registration at Bondar Academy, you'll receive a welcome email containing the URL to join. This Workspace serves as a central hub for communication with instructors and fellow students. Whether you have a question, need to share code, or want to upload screenshots, Slack makes it easy and efficient. Moreover, its compatibility with both desktop and mobile devices, by downloading and installing the app, ensures you can stay connected with your instructors and the community wherever you go.","tagList":["Slack","Community","Collaboration"],"createdAt":"2024-01-27T21:38:27.992Z","updatedAt":"2024-01-27T21:38:27.992Z","favorited":false,"favoritesCount":72,"author":{"username":"Artem Bondar","bio":null,"image":"https://storage.googleapis.com/bondar-academy-visuals/Android.png","following":false}},{"slug":"Stay-Ahead-with-Bondar-Academy:-Subscribe-to-Our-YouTube-channel-for-Latest-Tech-and-Education-Updates-1","title":"Stay Ahead with Bondar Academy: Subscribe to Our YouTube channel for Latest Tech and Education Updates","description":"Who doesn't appreciate high-quality free resources? YouTube serves as an ideal platform for sharing the latest news, updates, and a wealth of tips and tricks in test automation and technology. Keep abreast of these invaluable insights by subscribing to the @bondaracademy YouTube channel.","body":"Who doesn't appreciate high-quality free resources? \n\nYouTube serves as an ideal platform for sharing the latest news, updates, and a wealth of tips and tricks in test automation and technology. \n\nKeep abreast of these invaluable insights by subscribing to our YouTube channel: https://www.youtube.com/@bondaracademy","tagList":["YouTube"],"createdAt":"2024-01-27T21:36:32.360Z","updatedAt":"2024-01-27T21:36:32.360Z","favorited":false,"favoritesCount":67,"author":{"username":"Artem Bondar","bio":null,"image":"https://storage.googleapis.com/bondar-academy-visuals/Android.png","following":false}},{"slug":"Explore-the-Latest-in-Learning:-Bondar-Academy-Blog's-Educational-Insights-from-Our-Experts-1","title":"Explore the Latest in Learning: Bondar Academy Blog's Educational Insights from Our Experts","description":"Discover a treasure trove of knowledge on the Bondar Academy blog. Here, we share an array of tips, techniques, and valuable educational materials, all designed to keep you abreast of the latest technological trends and best practices. For easy access and continual learning, consider bookmarking our blog in your browser.","body":"On the Bondar Academy blog, we consistently provide insightful and pertinent updates on the latest in technology, test automation, and industry best practices. For your convenience, we recommend adding our blog to your browser's bookmarks. Our commitment to keeping you informed is reflected in our weekly posts, each focusing on a significant topic of the week.\n\nWe value your input and invite you to contribute to our ever-evolving content. If you have any suggestions or specific topics you'd like us to explore, please feel free to share your ideas in the Bondar Academy Slack workspace. \n\nDiscover our blog here: https://www.bondaracademy.com/blog\n","tagList":["Blog"],"createdAt":"2024-01-27T21:34:04.531Z","updatedAt":"2024-01-27T21:34:04.531Z","favorited":false,"favoritesCount":67,"author":{"username":"Artem Bondar","bio":null,"image":"https://storage.googleapis.com/bondar-academy-visuals/Android.png","following":false}},{"slug":"Take-the-Next-Step:-Join-Bondar-Academy-Today-and-Enroll-into-the-class-1","title":"Take the Next Step: Join Bondar Academy Today and Enroll into the class","description":"Are you prepared to transform your educational journey? Begin by signing up at Bondar Academy, then register for our Slack Workspace to start exploring. We offer a range of classes, with some being completely free and others featuring free previews of the initial sections. This allows you to experience our content and teaching approach firsthand, helping you make an informed decision before enrolling in a class.","body":"Are you prepared to transform your educational journey? \n\nBegin by signing up at Bondar Academy, then register for our Slack Workspace to start exploring. We offer a range of classes, with some being completely free and others featuring free previews of the initial sections. This allows you to experience our content and teaching approach firsthand, helping you make an informed decision before enrolling in a class.\n\nClick here to enroll: https://www.bondaracademy.com","tagList":["Enroll","Start for Free"],"createdAt":"2024-01-27T21:32:21.056Z","updatedAt":"2024-01-27T21:32:21.056Z","favorited":false,"favoritesCount":75,"author":{"username":"Artem Bondar","bio":null,"image":"https://storage.googleapis.com/bondar-academy-visuals/Android.png","following":false}}],"articlesCount":10}

16:45:14.064 [pool-2-thread-1] ERROR com.intuit.karate - classpath:examples/features/ArticleList.feature:13
And match response.articles[0] ==
"""
{
            "slug": "#string",
            "title": "#string",
            "description": "#string",
            "body": "#string",
            "tagList": [
                "#array"
            ],
            "createdAt": "#ignore",
            "updatedAt": "#ignore",
            "favorited": #boolean,
            "favoritesCount": #number,
            "author": {
                "username": "#string",
                "bio": ##string,
                "image": "#string",
                "following": #boolean
            }
        }
"""
match failed: EQUALS
  $ | not equal | match failed for name: 'tagList' (MAP:MAP)
  {"slug":"Discover-Bondar-Academy:-Your-Gateway-to-Efficient-Learning-1","title":"Discover Bondar Academy: Your Gateway to Efficient Learning","description":"Discover Bondar Academy's unique place in the educational landscape, where value-focused and efficient learning approaches converge. Our goal is to rapidly enhance your professional technical skills, boosting your market competitiveness and paving the way for higher-paying job opportunities. The speed of your progress is in your hands \u2013 you set the pace, and we provide the solutions and support to help you achieve your desired outcomes.","body":"Bondar Academy is a leading platform for efficient education, designed to boost your technical skills and advance your career in Quality Assurance (QA). Our program features a balanced mix of pre-recorded lectures and live sessions, allowing each student to study at their own pace and at a time that suits them. \n\nOur instructors are readily available on our Slack Workspace for support. Whether it's a quick question or a more complex issue requiring a Zoom call or Slack Huddle for screen sharing and live discussion, we're here to assist. Additionally, each class comes with a comprehensive question bank for self-assessment. Following each lecture, you have the opportunity to validate your understanding and readiness to progress to the next topic. You set the pace, and we provide the solutions to ensure you achieve your desired outcomes.\n\nSignUp today: https://www.bondaracademy.com","tagList":["qa career","Bondar Academy","QA Skills","Value-Focused"],"createdAt":"2024-01-27T21:52:32.682Z","updatedAt":"2024-01-27T21:52:32.682Z","favorited":false,"favoritesCount":2217,"author":{"username":"Artem Bondar","bio":null,"image":"https://storage.googleapis.com/bondar-academy-visuals/Android.png","following":false}}
  {"slug":"#string","title":"#string","description":"#string","body":"#string","tagList":["#array"],"createdAt":"#ignore","updatedAt":"#ignore","favorited":"#boolean","favoritesCount":"#number","author":{"username":"#string","bio":"##string","image":"#string","following":"#boolean"}}

    $.tagList | not equal | actual array length is not equal to expected - 4:1 (LIST:LIST)
    ["qa career","Bondar Academy","QA Skills","Value-Focused"]
    ["#array"]


classpath:examples/features/ArticleList.feature:13
16:45:14.695 [pool-3-thread-1] INFO  com.intuit.karate.Suite - <<fail>> feature 1 of 3 (2 remaining) classpath:examples/features/ArticleList.feature
16:47:13.728 [main] INFO  com.intuit.karate.Runner - using system property 'karate.options': --tags @articlelist
16:47:14.608 [main] DEBUG com.intuit.karate.Suite - [config] classpath:karate-config.js
16:47:14.618 [main] INFO  com.intuit.karate.Suite - backed up existing 'target\karate-reports' dir to: target\karate-reports_1788047234610
16:47:14.627 [main] DEBUG com.intuit.karate.Suite - waiting for 3 features to complete
16:47:15.825 [pool-2-thread-1] INFO  com.intuit.karate - karate.env system property was: null 
16:47:16.074 [pool-2-thread-1] DEBUG com.intuit.karate - request:
1 > GET https://conduit-api.bondaracademy.com/api/articles?limit=10&offset=0
1 > Host: conduit-api.bondaracademy.com
1 > Connection: Keep-Alive
1 > User-Agent: Apache-HttpClient/4.5.14 (Java/25.0.4)
1 > Accept-Encoding: gzip,deflate


16:47:16.583 [pool-2-thread-1] DEBUG com.intuit.karate - response time in milliseconds: 503
1 < 200
1 < x-powered-by: Express
1 < vary: Origin
1 < content-type: application/json; charset=utf-8
1 < etag: W/"43a9-46vzj+oI8pt/OwQfezo2HqTiwpI"
1 < x-cloud-trace-context: ca81c704323a453758bc8f243d4bce43;o=1
1 < date: Sat, 29 Aug 2026 23:47:16 GMT
1 < server: Google Frontend
1 < Content-Length: 17321
{"articles":[{"slug":"Discover-Bondar-Academy:-Your-Gateway-to-Efficient-Learning-1","title":"Discover Bondar Academy: Your Gateway to Efficient Learning","description":"Discover Bondar Academy's unique place in the educational landscape, where value-focused and efficient learning approaches converge. Our goal is to rapidly enhance your professional technical skills, boosting your market competitiveness and paving the way for higher-paying job opportunities. The speed of your progress is in your hands – you set the pace, and we provide the solutions and support to help you achieve your desired outcomes.","body":"Bondar Academy is a leading platform for efficient education, designed to boost your technical skills and advance your career in Quality Assurance (QA). Our program features a balanced mix of pre-recorded lectures and live sessions, allowing each student to study at their own pace and at a time that suits them. \n\nOur instructors are readily available on our Slack Workspace for support. Whether it's a quick question or a more complex issue requiring a Zoom call or Slack Huddle for screen sharing and live discussion, we're here to assist. Additionally, each class comes with a comprehensive question bank for self-assessment. Following each lecture, you have the opportunity to validate your understanding and readiness to progress to the next topic. You set the pace, and we provide the solutions to ensure you achieve your desired outcomes.\n\nSignUp today: https://www.bondaracademy.com","tagList":["qa career","Bondar Academy","QA Skills","Value-Focused"],"createdAt":"2024-01-27T21:52:32.682Z","updatedAt":"2024-01-27T21:52:32.682Z","favorited":false,"favoritesCount":2217,"author":{"username":"Artem Bondar","bio":null,"image":"https://storage.googleapis.com/bondar-academy-visuals/Android.png","following":false}},{"slug":"The-value-of-pre-recorded-video-classes.-The-most-efficient-approach-to-tranfer-the-knowledge-1","title":"The value of pre-recorded video classes. The most efficient approach to tranfer the knowledge","description":"As educational practices evolve, video tutorials have emerged as the most efficient method for imparting theoretical knowledge. At Bondar Academy, we prioritize expertly structured and crafted video tutorials, ensuring you learn quickly and effectively and advance your skills.","body":"At Bondar Academy, we prioritize the value of your time and the efficiency of your education, distinguishing our approach from traditional colleges and live boot camps. Forget long, tedious live lectures on a fixed schedule. With us, you learn at your convenience and pace through optimized, structured video lectures. \n\nWe understand your goal is rapid knowledge acquisition. Our pre-recorded and well-organized lectures are designed precisely for this, ensuring no slowdowns from group dynamics or unrelated instructor anecdotes. \n\nDive straight into the subject matter, learn efficiently, and if questions arise, our immediate support on the Slack Workspace is there to streamline your learning process and swiftly remove any roadblocks.","tagList":["Bondar Academy","Video Lectures","Tutorials"],"createdAt":"2024-01-27T21:50:38.825Z","updatedAt":"2024-01-27T21:50:38.825Z","favorited":false,"favoritesCount":483,"author":{"username":"Artem Bondar","bio":null,"image":"https://storage.googleapis.com/bondar-academy-visuals/Android.png","following":false}},{"slug":"Mastering-Knowledge-with-Self-Assessments:-Identifying-and-Bridging-Learning-Gaps-in-Education-1","title":"Mastering Knowledge with Self-Assessments: Identifying and Bridging Learning Gaps in Education","description":"Self-assessment is an essential tool for gauging your understanding of lecture material. It answers critical questions: Have you grasped everything correctly? Is there anything you've missed? Are you prepared for the next lesson? These assessments ensure that you build a solid foundation of knowledge, confidently and efficiently paving the way for swift progress and effective learning outcomes.","body":"Traditional educational institutions, such as colleges and universities, commonly use tests and assessments to measure knowledge. This approach is effective for gauging student performance, but it's not without drawbacks. In these settings, assessments after every lecture aren't feasible due to the time required for teachers to evaluate them. This often leads to students having a false sense of understanding, believing they've comprehended all aspects of a lecture when, in reality, small but crucial details might be missed. These 'knowledge gaps' can accumulate, making more complex topics difficult to grasp later on.\n\nAt Bondar Academy, we address this challenge by implementing self-assessments after every lecture. These are designed to cover key questions that ensure a thorough understanding of the material, essential for comfort and success in future lectures. The number of questions varies, ranging from 3-4 to 15-20, depending on the lecture's significance and the volume of critical information. With these self-assessments, students receive immediate feedback, helping them determine if they've fully understood the lecture or if they need to revisit certain parts or seek assistance from our instructors in the Slack Workspace.","tagList":["Self-Assessment","Test","Exam"],"createdAt":"2024-01-27T21:48:36.340Z","updatedAt":"2024-01-27T21:48:36.340Z","favorited":false,"favoritesCount":247,"author":{"username":"Artem Bondar","bio":null,"image":"https://storage.googleapis.com/bondar-academy-visuals/Android.png","following":false}},{"slug":"Practical-Implementation-of-Skills:-Homework-Assignments-with-Instructor-Supervision-1","title":"Practical Implementation of Skills: Homework Assignments with Instructor Supervision","description":"Knowledge or skills not reinforced through practical exercises can quickly fade, often faster than anticipated. Homework, particularly in tasks like writing your own code, is crucial for honing these skills and cementing your understanding. At Bondar Academy, we ensure this vital step by assigning homework, rigorously evaluating the outcomes, and providing valuable feedback to guide your learning journey.","body":"Homework assignments are a fundamental component of the educational methodology at Bondar Academy, especially in technical education where learning a new programming language or framework is involved. The key to mastering these skills lies in writing code; the more you write, the better you become. However, merely replicating code seen in lectures leads to minimal learning. Often, this approach leaves students unclear about why their code works the way it does, as they focus on copying rather than understanding.\n\nA homework assignment at Bondar Academy starts with a blank page, challenging students to apply all their knowledge to write the first line of code. This process is more demanding than it appears. As you write each line, understanding and reasoning grow, making your code meaningful and comprehensible. You learn to write code that makes sense to you, enhancing your understanding.\n\nIn completing these assignments, you engage the 'thinking' part of your brain, transforming theoretical knowledge into practical skills. Recognizing the crucial role of homework in learning, our instructors at Bondar Academy are always available to assist with any challenges. Just reach out on Slack, and you'll receive the guidance and support needed for successful completion. At Bondar Academy, we fully understand the importance of homework assignments for the best outcome, so our instructors are always here to assist if you have any difficulties with completing them. Just ask in Slack and you'll be guided and assisted.","tagList":["Homework","Assignments","Practice","Coding"],"createdAt":"2024-01-27T21:46:09.512Z","updatedAt":"2024-01-27T21:46:09.512Z","favorited":false,"favoritesCount":115,"author":{"username":"Artem Bondar","bio":null,"image":"https://storage.googleapis.com/bondar-academy-visuals/Android.png","following":false}},{"slug":"Embracing-Daily-Git-Routines:-Real-Code-Reviews-on-GitHub-for-Effective-Coding-Practice.-1","title":"Embracing Daily Git Routines: Real Code Reviews on GitHub for Effective Coding Practice.","description":"Learning to code is just one part of a larger skill set; effectively managing and organizing code is equally crucial. At Bondar Academy, we integrate Git and platforms like GitHub into the core learning cycle. With us, using Git becomes a regular routine, where organizing code in branches, storing it in remote repositories, and collaborating with others through strategies like branching, merging, pull requests, and code reviews are standard practice.","body":"At Bondar Academy, mastering Git and GitHub is a fundamental step before delving into frameworks or programming languages. Effective code management, organization, and storage are crucial skills, and Git is the premier tool for this purpose. However, many learners initially find Git challenging due to its complexity and non-intuitive nature. To address this, our instructors have developed structured lectures on Git and GitHub, ensuring an efficient and thorough understanding of these essential tools. Git lessons are a mandatory prerequisite in every class. For a glimpse into our teaching approach, visit our YouTube channel: https://www.youtube.com/@BondarAcademy/playlists.\n\nIn our courses, all homework assignments are reviewed using GitHub pull requests, mirroring the workflow in real-world software development environments. Students submit their code to their working branch for review. Our instructors then provide feedback, suggesting modifications or adjustments for pull request approval. This iterative process is repeated throughout the course, establishing Git usage as a natural and routine part of your coding practice.","tagList":["YouTube","Git","GitHub"],"createdAt":"2024-01-27T21:42:31.491Z","updatedAt":"2024-01-27T21:42:31.491Z","favorited":false,"favoritesCount":104,"author":{"username":"Artem Bondar","bio":null,"image":"https://storage.googleapis.com/bondar-academy-visuals/Android.png","following":false}},{"slug":"Engaging-in-Live-Zoom-Sessions:-Interact-with-Instructors-and-Peers-Ask-Questions-in-Real-Time-1","title":"Engaging in Live Zoom Sessions: Interact with Instructors and Peers, Ask Questions in Real-Time","description":"In our increasingly online world, personal engagement remains a crucial element of effective learning. At Bondar Academy, we address this by hosting live Zoom sessions. These sessions provide a platform for live interaction between instructors and students, and among students themselves. Complementing our Slack channel, these live sessions offer an additional avenue for asking questions and engaging in meaningful discussions.","body":"In our increasingly online world, personal engagement remains a crucial element of effective learning. \nAt Bondar Academy, we address this by hosting live Zoom sessions. These sessions provide a platform for live interaction between instructors and students and among students themselves. Complementing our Slack channel, these live sessions offer an additional avenue for asking questions and engaging in meaningful discussions.","tagList":["Zoom","Live Sessions"],"createdAt":"2024-01-27T21:39:50.587Z","updatedAt":"2024-01-27T21:39:50.587Z","favorited":false,"favoritesCount":76,"author":{"username":"Artem Bondar","bio":null,"image":"https://storage.googleapis.com/bondar-academy-visuals/Android.png","following":false}},{"slug":"Utilizing-Slack-for-Continuous-Engagement:-Connect-with-Instructors-Share-Insights-and-Collaborate-1","title":"Utilizing Slack for Continuous Engagement: Connect with Instructors, Share Insights, and Collaborate","description":"Slack stands out as a widely-used messaging and collaboration platform, celebrated for its convenience and versatility. It enables simultaneous participation in multiple conversations, supports comments and emoji reactions, and allows users to share screenshots, videos, and code snippets. Its functionality extends to making calls in huddle sessions. Given these robust features, Bondar Academy has chosen Slack as our primary communication platform, facilitating seamless interaction and collaboration.","body":"As a new member of Bondar Academy, one of your initial steps should be registering for the Bondar Academy Slack Workspace. Upon registration at Bondar Academy, you'll receive a welcome email containing the URL to join. This Workspace serves as a central hub for communication with instructors and fellow students. Whether you have a question, need to share code, or want to upload screenshots, Slack makes it easy and efficient. Moreover, its compatibility with both desktop and mobile devices, by downloading and installing the app, ensures you can stay connected with your instructors and the community wherever you go.","tagList":["Slack","Community","Collaboration"],"createdAt":"2024-01-27T21:38:27.992Z","updatedAt":"2024-01-27T21:38:27.992Z","favorited":false,"favoritesCount":72,"author":{"username":"Artem Bondar","bio":null,"image":"https://storage.googleapis.com/bondar-academy-visuals/Android.png","following":false}},{"slug":"Stay-Ahead-with-Bondar-Academy:-Subscribe-to-Our-YouTube-channel-for-Latest-Tech-and-Education-Updates-1","title":"Stay Ahead with Bondar Academy: Subscribe to Our YouTube channel for Latest Tech and Education Updates","description":"Who doesn't appreciate high-quality free resources? YouTube serves as an ideal platform for sharing the latest news, updates, and a wealth of tips and tricks in test automation and technology. Keep abreast of these invaluable insights by subscribing to the @bondaracademy YouTube channel.","body":"Who doesn't appreciate high-quality free resources? \n\nYouTube serves as an ideal platform for sharing the latest news, updates, and a wealth of tips and tricks in test automation and technology. \n\nKeep abreast of these invaluable insights by subscribing to our YouTube channel: https://www.youtube.com/@bondaracademy","tagList":["YouTube"],"createdAt":"2024-01-27T21:36:32.360Z","updatedAt":"2024-01-27T21:36:32.360Z","favorited":false,"favoritesCount":67,"author":{"username":"Artem Bondar","bio":null,"image":"https://storage.googleapis.com/bondar-academy-visuals/Android.png","following":false}},{"slug":"Explore-the-Latest-in-Learning:-Bondar-Academy-Blog's-Educational-Insights-from-Our-Experts-1","title":"Explore the Latest in Learning: Bondar Academy Blog's Educational Insights from Our Experts","description":"Discover a treasure trove of knowledge on the Bondar Academy blog. Here, we share an array of tips, techniques, and valuable educational materials, all designed to keep you abreast of the latest technological trends and best practices. For easy access and continual learning, consider bookmarking our blog in your browser.","body":"On the Bondar Academy blog, we consistently provide insightful and pertinent updates on the latest in technology, test automation, and industry best practices. For your convenience, we recommend adding our blog to your browser's bookmarks. Our commitment to keeping you informed is reflected in our weekly posts, each focusing on a significant topic of the week.\n\nWe value your input and invite you to contribute to our ever-evolving content. If you have any suggestions or specific topics you'd like us to explore, please feel free to share your ideas in the Bondar Academy Slack workspace. \n\nDiscover our blog here: https://www.bondaracademy.com/blog\n","tagList":["Blog"],"createdAt":"2024-01-27T21:34:04.531Z","updatedAt":"2024-01-27T21:34:04.531Z","favorited":false,"favoritesCount":67,"author":{"username":"Artem Bondar","bio":null,"image":"https://storage.googleapis.com/bondar-academy-visuals/Android.png","following":false}},{"slug":"Take-the-Next-Step:-Join-Bondar-Academy-Today-and-Enroll-into-the-class-1","title":"Take the Next Step: Join Bondar Academy Today and Enroll into the class","description":"Are you prepared to transform your educational journey? Begin by signing up at Bondar Academy, then register for our Slack Workspace to start exploring. We offer a range of classes, with some being completely free and others featuring free previews of the initial sections. This allows you to experience our content and teaching approach firsthand, helping you make an informed decision before enrolling in a class.","body":"Are you prepared to transform your educational journey? \n\nBegin by signing up at Bondar Academy, then register for our Slack Workspace to start exploring. We offer a range of classes, with some being completely free and others featuring free previews of the initial sections. This allows you to experience our content and teaching approach firsthand, helping you make an informed decision before enrolling in a class.\n\nClick here to enroll: https://www.bondaracademy.com","tagList":["Enroll","Start for Free"],"createdAt":"2024-01-27T21:32:21.056Z","updatedAt":"2024-01-27T21:32:21.056Z","favorited":false,"favoritesCount":75,"author":{"username":"Artem Bondar","bio":null,"image":"https://storage.googleapis.com/bondar-academy-visuals/Android.png","following":false}}],"articlesCount":10}

16:47:17.281 [pool-3-thread-1] INFO  com.intuit.karate.Suite - <<pass>> feature 1 of 3 (2 remaining) classpath:examples/features/ArticleList.feature
16:50:48.245 [main] INFO  com.intuit.karate.Runner - using system property 'karate.options': --tags @articlelist
16:50:49.080 [main] DEBUG com.intuit.karate.Suite - [config] classpath:karate-config.js
16:50:49.090 [main] INFO  com.intuit.karate.Suite - backed up existing 'target\karate-reports' dir to: target\karate-reports_1788047449088
16:50:49.096 [main] DEBUG com.intuit.karate.Suite - waiting for 3 features to complete
16:50:50.285 [pool-2-thread-1] INFO  com.intuit.karate - karate.env system property was: null 
16:50:50.544 [pool-2-thread-1] DEBUG com.intuit.karate - request:
1 > GET https://conduit-api.bondaracademy.com/api/articles?limit=10&offset=0
1 > Host: conduit-api.bondaracademy.com
1 > Connection: Keep-Alive
1 > User-Agent: Apache-HttpClient/4.5.14 (Java/25.0.4)
1 > Accept-Encoding: gzip,deflate


16:50:51.120 [pool-2-thread-1] DEBUG com.intuit.karate - response time in milliseconds: 570
1 < 200
1 < x-powered-by: Express
1 < vary: Origin
1 < content-type: application/json; charset=utf-8
1 < etag: W/"43a9-46vzj+oI8pt/OwQfezo2HqTiwpI"
1 < x-cloud-trace-context: bd99d73b0f735264debc3fd5be299611;o=1
1 < date: Sat, 29 Aug 2026 23:50:50 GMT
1 < server: Google Frontend
1 < Content-Length: 17321
{"articles":[{"slug":"Discover-Bondar-Academy:-Your-Gateway-to-Efficient-Learning-1","title":"Discover Bondar Academy: Your Gateway to Efficient Learning","description":"Discover Bondar Academy's unique place in the educational landscape, where value-focused and efficient learning approaches converge. Our goal is to rapidly enhance your professional technical skills, boosting your market competitiveness and paving the way for higher-paying job opportunities. The speed of your progress is in your hands – you set the pace, and we provide the solutions and support to help you achieve your desired outcomes.","body":"Bondar Academy is a leading platform for efficient education, designed to boost your technical skills and advance your career in Quality Assurance (QA). Our program features a balanced mix of pre-recorded lectures and live sessions, allowing each student to study at their own pace and at a time that suits them. \n\nOur instructors are readily available on our Slack Workspace for support. Whether it's a quick question or a more complex issue requiring a Zoom call or Slack Huddle for screen sharing and live discussion, we're here to assist. Additionally, each class comes with a comprehensive question bank for self-assessment. Following each lecture, you have the opportunity to validate your understanding and readiness to progress to the next topic. You set the pace, and we provide the solutions to ensure you achieve your desired outcomes.\n\nSignUp today: https://www.bondaracademy.com","tagList":["qa career","Bondar Academy","QA Skills","Value-Focused"],"createdAt":"2024-01-27T21:52:32.682Z","updatedAt":"2024-01-27T21:52:32.682Z","favorited":false,"favoritesCount":2217,"author":{"username":"Artem Bondar","bio":null,"image":"https://storage.googleapis.com/bondar-academy-visuals/Android.png","following":false}},{"slug":"The-value-of-pre-recorded-video-classes.-The-most-efficient-approach-to-tranfer-the-knowledge-1","title":"The value of pre-recorded video classes. The most efficient approach to tranfer the knowledge","description":"As educational practices evolve, video tutorials have emerged as the most efficient method for imparting theoretical knowledge. At Bondar Academy, we prioritize expertly structured and crafted video tutorials, ensuring you learn quickly and effectively and advance your skills.","body":"At Bondar Academy, we prioritize the value of your time and the efficiency of your education, distinguishing our approach from traditional colleges and live boot camps. Forget long, tedious live lectures on a fixed schedule. With us, you learn at your convenience and pace through optimized, structured video lectures. \n\nWe understand your goal is rapid knowledge acquisition. Our pre-recorded and well-organized lectures are designed precisely for this, ensuring no slowdowns from group dynamics or unrelated instructor anecdotes. \n\nDive straight into the subject matter, learn efficiently, and if questions arise, our immediate support on the Slack Workspace is there to streamline your learning process and swiftly remove any roadblocks.","tagList":["Bondar Academy","Video Lectures","Tutorials"],"createdAt":"2024-01-27T21:50:38.825Z","updatedAt":"2024-01-27T21:50:38.825Z","favorited":false,"favoritesCount":483,"author":{"username":"Artem Bondar","bio":null,"image":"https://storage.googleapis.com/bondar-academy-visuals/Android.png","following":false}},{"slug":"Mastering-Knowledge-with-Self-Assessments:-Identifying-and-Bridging-Learning-Gaps-in-Education-1","title":"Mastering Knowledge with Self-Assessments: Identifying and Bridging Learning Gaps in Education","description":"Self-assessment is an essential tool for gauging your understanding of lecture material. It answers critical questions: Have you grasped everything correctly? Is there anything you've missed? Are you prepared for the next lesson? These assessments ensure that you build a solid foundation of knowledge, confidently and efficiently paving the way for swift progress and effective learning outcomes.","body":"Traditional educational institutions, such as colleges and universities, commonly use tests and assessments to measure knowledge. This approach is effective for gauging student performance, but it's not without drawbacks. In these settings, assessments after every lecture aren't feasible due to the time required for teachers to evaluate them. This often leads to students having a false sense of understanding, believing they've comprehended all aspects of a lecture when, in reality, small but crucial details might be missed. These 'knowledge gaps' can accumulate, making more complex topics difficult to grasp later on.\n\nAt Bondar Academy, we address this challenge by implementing self-assessments after every lecture. These are designed to cover key questions that ensure a thorough understanding of the material, essential for comfort and success in future lectures. The number of questions varies, ranging from 3-4 to 15-20, depending on the lecture's significance and the volume of critical information. With these self-assessments, students receive immediate feedback, helping them determine if they've fully understood the lecture or if they need to revisit certain parts or seek assistance from our instructors in the Slack Workspace.","tagList":["Self-Assessment","Test","Exam"],"createdAt":"2024-01-27T21:48:36.340Z","updatedAt":"2024-01-27T21:48:36.340Z","favorited":false,"favoritesCount":247,"author":{"username":"Artem Bondar","bio":null,"image":"https://storage.googleapis.com/bondar-academy-visuals/Android.png","following":false}},{"slug":"Practical-Implementation-of-Skills:-Homework-Assignments-with-Instructor-Supervision-1","title":"Practical Implementation of Skills: Homework Assignments with Instructor Supervision","description":"Knowledge or skills not reinforced through practical exercises can quickly fade, often faster than anticipated. Homework, particularly in tasks like writing your own code, is crucial for honing these skills and cementing your understanding. At Bondar Academy, we ensure this vital step by assigning homework, rigorously evaluating the outcomes, and providing valuable feedback to guide your learning journey.","body":"Homework assignments are a fundamental component of the educational methodology at Bondar Academy, especially in technical education where learning a new programming language or framework is involved. The key to mastering these skills lies in writing code; the more you write, the better you become. However, merely replicating code seen in lectures leads to minimal learning. Often, this approach leaves students unclear about why their code works the way it does, as they focus on copying rather than understanding.\n\nA homework assignment at Bondar Academy starts with a blank page, challenging students to apply all their knowledge to write the first line of code. This process is more demanding than it appears. As you write each line, understanding and reasoning grow, making your code meaningful and comprehensible. You learn to write code that makes sense to you, enhancing your understanding.\n\nIn completing these assignments, you engage the 'thinking' part of your brain, transforming theoretical knowledge into practical skills. Recognizing the crucial role of homework in learning, our instructors at Bondar Academy are always available to assist with any challenges. Just reach out on Slack, and you'll receive the guidance and support needed for successful completion. At Bondar Academy, we fully understand the importance of homework assignments for the best outcome, so our instructors are always here to assist if you have any difficulties with completing them. Just ask in Slack and you'll be guided and assisted.","tagList":["Homework","Assignments","Practice","Coding"],"createdAt":"2024-01-27T21:46:09.512Z","updatedAt":"2024-01-27T21:46:09.512Z","favorited":false,"favoritesCount":115,"author":{"username":"Artem Bondar","bio":null,"image":"https://storage.googleapis.com/bondar-academy-visuals/Android.png","following":false}},{"slug":"Embracing-Daily-Git-Routines:-Real-Code-Reviews-on-GitHub-for-Effective-Coding-Practice.-1","title":"Embracing Daily Git Routines: Real Code Reviews on GitHub for Effective Coding Practice.","description":"Learning to code is just one part of a larger skill set; effectively managing and organizing code is equally crucial. At Bondar Academy, we integrate Git and platforms like GitHub into the core learning cycle. With us, using Git becomes a regular routine, where organizing code in branches, storing it in remote repositories, and collaborating with others through strategies like branching, merging, pull requests, and code reviews are standard practice.","body":"At Bondar Academy, mastering Git and GitHub is a fundamental step before delving into frameworks or programming languages. Effective code management, organization, and storage are crucial skills, and Git is the premier tool for this purpose. However, many learners initially find Git challenging due to its complexity and non-intuitive nature. To address this, our instructors have developed structured lectures on Git and GitHub, ensuring an efficient and thorough understanding of these essential tools. Git lessons are a mandatory prerequisite in every class. For a glimpse into our teaching approach, visit our YouTube channel: https://www.youtube.com/@BondarAcademy/playlists.\n\nIn our courses, all homework assignments are reviewed using GitHub pull requests, mirroring the workflow in real-world software development environments. Students submit their code to their working branch for review. Our instructors then provide feedback, suggesting modifications or adjustments for pull request approval. This iterative process is repeated throughout the course, establishing Git usage as a natural and routine part of your coding practice.","tagList":["YouTube","Git","GitHub"],"createdAt":"2024-01-27T21:42:31.491Z","updatedAt":"2024-01-27T21:42:31.491Z","favorited":false,"favoritesCount":104,"author":{"username":"Artem Bondar","bio":null,"image":"https://storage.googleapis.com/bondar-academy-visuals/Android.png","following":false}},{"slug":"Engaging-in-Live-Zoom-Sessions:-Interact-with-Instructors-and-Peers-Ask-Questions-in-Real-Time-1","title":"Engaging in Live Zoom Sessions: Interact with Instructors and Peers, Ask Questions in Real-Time","description":"In our increasingly online world, personal engagement remains a crucial element of effective learning. At Bondar Academy, we address this by hosting live Zoom sessions. These sessions provide a platform for live interaction between instructors and students, and among students themselves. Complementing our Slack channel, these live sessions offer an additional avenue for asking questions and engaging in meaningful discussions.","body":"In our increasingly online world, personal engagement remains a crucial element of effective learning. \nAt Bondar Academy, we address this by hosting live Zoom sessions. These sessions provide a platform for live interaction between instructors and students and among students themselves. Complementing our Slack channel, these live sessions offer an additional avenue for asking questions and engaging in meaningful discussions.","tagList":["Zoom","Live Sessions"],"createdAt":"2024-01-27T21:39:50.587Z","updatedAt":"2024-01-27T21:39:50.587Z","favorited":false,"favoritesCount":76,"author":{"username":"Artem Bondar","bio":null,"image":"https://storage.googleapis.com/bondar-academy-visuals/Android.png","following":false}},{"slug":"Utilizing-Slack-for-Continuous-Engagement:-Connect-with-Instructors-Share-Insights-and-Collaborate-1","title":"Utilizing Slack for Continuous Engagement: Connect with Instructors, Share Insights, and Collaborate","description":"Slack stands out as a widely-used messaging and collaboration platform, celebrated for its convenience and versatility. It enables simultaneous participation in multiple conversations, supports comments and emoji reactions, and allows users to share screenshots, videos, and code snippets. Its functionality extends to making calls in huddle sessions. Given these robust features, Bondar Academy has chosen Slack as our primary communication platform, facilitating seamless interaction and collaboration.","body":"As a new member of Bondar Academy, one of your initial steps should be registering for the Bondar Academy Slack Workspace. Upon registration at Bondar Academy, you'll receive a welcome email containing the URL to join. This Workspace serves as a central hub for communication with instructors and fellow students. Whether you have a question, need to share code, or want to upload screenshots, Slack makes it easy and efficient. Moreover, its compatibility with both desktop and mobile devices, by downloading and installing the app, ensures you can stay connected with your instructors and the community wherever you go.","tagList":["Slack","Community","Collaboration"],"createdAt":"2024-01-27T21:38:27.992Z","updatedAt":"2024-01-27T21:38:27.992Z","favorited":false,"favoritesCount":72,"author":{"username":"Artem Bondar","bio":null,"image":"https://storage.googleapis.com/bondar-academy-visuals/Android.png","following":false}},{"slug":"Stay-Ahead-with-Bondar-Academy:-Subscribe-to-Our-YouTube-channel-for-Latest-Tech-and-Education-Updates-1","title":"Stay Ahead with Bondar Academy: Subscribe to Our YouTube channel for Latest Tech and Education Updates","description":"Who doesn't appreciate high-quality free resources? YouTube serves as an ideal platform for sharing the latest news, updates, and a wealth of tips and tricks in test automation and technology. Keep abreast of these invaluable insights by subscribing to the @bondaracademy YouTube channel.","body":"Who doesn't appreciate high-quality free resources? \n\nYouTube serves as an ideal platform for sharing the latest news, updates, and a wealth of tips and tricks in test automation and technology. \n\nKeep abreast of these invaluable insights by subscribing to our YouTube channel: https://www.youtube.com/@bondaracademy","tagList":["YouTube"],"createdAt":"2024-01-27T21:36:32.360Z","updatedAt":"2024-01-27T21:36:32.360Z","favorited":false,"favoritesCount":67,"author":{"username":"Artem Bondar","bio":null,"image":"https://storage.googleapis.com/bondar-academy-visuals/Android.png","following":false}},{"slug":"Explore-the-Latest-in-Learning:-Bondar-Academy-Blog's-Educational-Insights-from-Our-Experts-1","title":"Explore the Latest in Learning: Bondar Academy Blog's Educational Insights from Our Experts","description":"Discover a treasure trove of knowledge on the Bondar Academy blog. Here, we share an array of tips, techniques, and valuable educational materials, all designed to keep you abreast of the latest technological trends and best practices. For easy access and continual learning, consider bookmarking our blog in your browser.","body":"On the Bondar Academy blog, we consistently provide insightful and pertinent updates on the latest in technology, test automation, and industry best practices. For your convenience, we recommend adding our blog to your browser's bookmarks. Our commitment to keeping you informed is reflected in our weekly posts, each focusing on a significant topic of the week.\n\nWe value your input and invite you to contribute to our ever-evolving content. If you have any suggestions or specific topics you'd like us to explore, please feel free to share your ideas in the Bondar Academy Slack workspace. \n\nDiscover our blog here: https://www.bondaracademy.com/blog\n","tagList":["Blog"],"createdAt":"2024-01-27T21:34:04.531Z","updatedAt":"2024-01-27T21:34:04.531Z","favorited":false,"favoritesCount":67,"author":{"username":"Artem Bondar","bio":null,"image":"https://storage.googleapis.com/bondar-academy-visuals/Android.png","following":false}},{"slug":"Take-the-Next-Step:-Join-Bondar-Academy-Today-and-Enroll-into-the-class-1","title":"Take the Next Step: Join Bondar Academy Today and Enroll into the class","description":"Are you prepared to transform your educational journey? Begin by signing up at Bondar Academy, then register for our Slack Workspace to start exploring. We offer a range of classes, with some being completely free and others featuring free previews of the initial sections. This allows you to experience our content and teaching approach firsthand, helping you make an informed decision before enrolling in a class.","body":"Are you prepared to transform your educational journey? \n\nBegin by signing up at Bondar Academy, then register for our Slack Workspace to start exploring. We offer a range of classes, with some being completely free and others featuring free previews of the initial sections. This allows you to experience our content and teaching approach firsthand, helping you make an informed decision before enrolling in a class.\n\nClick here to enroll: https://www.bondaracademy.com","tagList":["Enroll","Start for Free"],"createdAt":"2024-01-27T21:32:21.056Z","updatedAt":"2024-01-27T21:32:21.056Z","favorited":false,"favoritesCount":75,"author":{"username":"Artem Bondar","bio":null,"image":"https://storage.googleapis.com/bondar-academy-visuals/Android.png","following":false}}],"articlesCount":10}

16:50:51.156 [pool-2-thread-1] ERROR com.intuit.karate - classpath:examples/features/ArticleList.feature:13
And match response.articles[0] ==
"""
{
            "slug": "#string",
            "title": "#string",
            "description": "#string",
            "body": "#string",
            "tagList": 
                "#array"
            ,
            "createdAt": "^\\d{4}-\\d{2}-\\d{2}T\\d{2}:\\d{2}:\\d{2}\\.\\d{3}Z$",
            "updatedAt": "^\\d{4}-\\d{2}-\\d{2}T\\d{2}:\\d{2}:\\d{2}\\.\\d{3}Z$",
            "favorited": #boolean,
            "favoritesCount": #number,
            "author": {
                "username": "#string",
                "bio": ##string,
                "image": "#string",
                "following": #boolean
            }
        }
"""
match failed: EQUALS
  $ | not equal | match failed for name: 'createdAt' (MAP:MAP)
  {"slug":"Discover-Bondar-Academy:-Your-Gateway-to-Efficient-Learning-1","title":"Discover Bondar Academy: Your Gateway to Efficient Learning","description":"Discover Bondar Academy's unique place in the educational landscape, where value-focused and efficient learning approaches converge. Our goal is to rapidly enhance your professional technical skills, boosting your market competitiveness and paving the way for higher-paying job opportunities. The speed of your progress is in your hands \u2013 you set the pace, and we provide the solutions and support to help you achieve your desired outcomes.","body":"Bondar Academy is a leading platform for efficient education, designed to boost your technical skills and advance your career in Quality Assurance (QA). Our program features a balanced mix of pre-recorded lectures and live sessions, allowing each student to study at their own pace and at a time that suits them. \n\nOur instructors are readily available on our Slack Workspace for support. Whether it's a quick question or a more complex issue requiring a Zoom call or Slack Huddle for screen sharing and live discussion, we're here to assist. Additionally, each class comes with a comprehensive question bank for self-assessment. Following each lecture, you have the opportunity to validate your understanding and readiness to progress to the next topic. You set the pace, and we provide the solutions to ensure you achieve your desired outcomes.\n\nSignUp today: https://www.bondaracademy.com","tagList":["qa career","Bondar Academy","QA Skills","Value-Focused"],"createdAt":"2024-01-27T21:52:32.682Z","updatedAt":"2024-01-27T21:52:32.682Z","favorited":false,"favoritesCount":2217,"author":{"username":"Artem Bondar","bio":null,"image":"https://storage.googleapis.com/bondar-academy-visuals/Android.png","following":false}}
  {"slug":"#string","title":"#string","description":"#string","body":"#string","tagList":"#array","createdAt":"^\\d{4}-\\d{2}-\\d{2}T\\d{2}:\\d{2}:\\d{2}\\.\\d{3}Z$","updatedAt":"^\\d{4}-\\d{2}-\\d{2}T\\d{2}:\\d{2}:\\d{2}\\.\\d{3}Z$","favorited":"#boolean","favoritesCount":"#number","author":{"username":"#string","bio":"##string","image":"#string","following":"#boolean"}}

    $.createdAt | not equal (STRING:STRING)
    '2024-01-27T21:52:32.682Z'
    '^\d{4}-\d{2}-\d{2}T\d{2}:\d{2}:\d{2}\.\d{3}Z$'

classpath:examples/features/ArticleList.feature:13
16:50:51.824 [pool-3-thread-1] INFO  com.intuit.karate.Suite - <<fail>> feature 1 of 3 (2 remaining) classpath:examples/features/ArticleList.feature
16:52:48.987 [main] INFO  com.intuit.karate.Runner - using system property 'karate.options': --tags @articlelist
16:52:49.845 [main] DEBUG com.intuit.karate.Suite - [config] classpath:karate-config.js
16:52:49.849 [main] INFO  com.intuit.karate.Suite - backed up existing 'target\karate-reports' dir to: target\karate-reports_1788047569847
16:52:49.854 [main] DEBUG com.intuit.karate.Suite - waiting for 3 features to complete
16:52:51.031 [pool-2-thread-1] INFO  com.intuit.karate - karate.env system property was: null 
16:52:51.288 [pool-2-thread-1] DEBUG com.intuit.karate - request:
1 > GET https://conduit-api.bondaracademy.com/api/articles?limit=10&offset=0
1 > Host: conduit-api.bondaracademy.com
1 > Connection: Keep-Alive
1 > User-Agent: Apache-HttpClient/4.5.14 (Java/25.0.4)
1 > Accept-Encoding: gzip,deflate


16:52:52.497 [pool-2-thread-1] DEBUG com.intuit.karate - response time in milliseconds: 1200
1 < 200
1 < x-powered-by: Express
1 < vary: Origin
1 < content-type: application/json; charset=utf-8
1 < etag: W/"43a9-46vzj+oI8pt/OwQfezo2HqTiwpI"
1 < x-cloud-trace-context: c9f4cd97a36f97063e111b8b61d8a128;o=1
1 < date: Sat, 29 Aug 2026 23:52:52 GMT
1 < server: Google Frontend
1 < Content-Length: 17321
{"articles":[{"slug":"Discover-Bondar-Academy:-Your-Gateway-to-Efficient-Learning-1","title":"Discover Bondar Academy: Your Gateway to Efficient Learning","description":"Discover Bondar Academy's unique place in the educational landscape, where value-focused and efficient learning approaches converge. Our goal is to rapidly enhance your professional technical skills, boosting your market competitiveness and paving the way for higher-paying job opportunities. The speed of your progress is in your hands – you set the pace, and we provide the solutions and support to help you achieve your desired outcomes.","body":"Bondar Academy is a leading platform for efficient education, designed to boost your technical skills and advance your career in Quality Assurance (QA). Our program features a balanced mix of pre-recorded lectures and live sessions, allowing each student to study at their own pace and at a time that suits them. \n\nOur instructors are readily available on our Slack Workspace for support. Whether it's a quick question or a more complex issue requiring a Zoom call or Slack Huddle for screen sharing and live discussion, we're here to assist. Additionally, each class comes with a comprehensive question bank for self-assessment. Following each lecture, you have the opportunity to validate your understanding and readiness to progress to the next topic. You set the pace, and we provide the solutions to ensure you achieve your desired outcomes.\n\nSignUp today: https://www.bondaracademy.com","tagList":["qa career","Bondar Academy","QA Skills","Value-Focused"],"createdAt":"2024-01-27T21:52:32.682Z","updatedAt":"2024-01-27T21:52:32.682Z","favorited":false,"favoritesCount":2217,"author":{"username":"Artem Bondar","bio":null,"image":"https://storage.googleapis.com/bondar-academy-visuals/Android.png","following":false}},{"slug":"The-value-of-pre-recorded-video-classes.-The-most-efficient-approach-to-tranfer-the-knowledge-1","title":"The value of pre-recorded video classes. The most efficient approach to tranfer the knowledge","description":"As educational practices evolve, video tutorials have emerged as the most efficient method for imparting theoretical knowledge. At Bondar Academy, we prioritize expertly structured and crafted video tutorials, ensuring you learn quickly and effectively and advance your skills.","body":"At Bondar Academy, we prioritize the value of your time and the efficiency of your education, distinguishing our approach from traditional colleges and live boot camps. Forget long, tedious live lectures on a fixed schedule. With us, you learn at your convenience and pace through optimized, structured video lectures. \n\nWe understand your goal is rapid knowledge acquisition. Our pre-recorded and well-organized lectures are designed precisely for this, ensuring no slowdowns from group dynamics or unrelated instructor anecdotes. \n\nDive straight into the subject matter, learn efficiently, and if questions arise, our immediate support on the Slack Workspace is there to streamline your learning process and swiftly remove any roadblocks.","tagList":["Bondar Academy","Video Lectures","Tutorials"],"createdAt":"2024-01-27T21:50:38.825Z","updatedAt":"2024-01-27T21:50:38.825Z","favorited":false,"favoritesCount":483,"author":{"username":"Artem Bondar","bio":null,"image":"https://storage.googleapis.com/bondar-academy-visuals/Android.png","following":false}},{"slug":"Mastering-Knowledge-with-Self-Assessments:-Identifying-and-Bridging-Learning-Gaps-in-Education-1","title":"Mastering Knowledge with Self-Assessments: Identifying and Bridging Learning Gaps in Education","description":"Self-assessment is an essential tool for gauging your understanding of lecture material. It answers critical questions: Have you grasped everything correctly? Is there anything you've missed? Are you prepared for the next lesson? These assessments ensure that you build a solid foundation of knowledge, confidently and efficiently paving the way for swift progress and effective learning outcomes.","body":"Traditional educational institutions, such as colleges and universities, commonly use tests and assessments to measure knowledge. This approach is effective for gauging student performance, but it's not without drawbacks. In these settings, assessments after every lecture aren't feasible due to the time required for teachers to evaluate them. This often leads to students having a false sense of understanding, believing they've comprehended all aspects of a lecture when, in reality, small but crucial details might be missed. These 'knowledge gaps' can accumulate, making more complex topics difficult to grasp later on.\n\nAt Bondar Academy, we address this challenge by implementing self-assessments after every lecture. These are designed to cover key questions that ensure a thorough understanding of the material, essential for comfort and success in future lectures. The number of questions varies, ranging from 3-4 to 15-20, depending on the lecture's significance and the volume of critical information. With these self-assessments, students receive immediate feedback, helping them determine if they've fully understood the lecture or if they need to revisit certain parts or seek assistance from our instructors in the Slack Workspace.","tagList":["Self-Assessment","Test","Exam"],"createdAt":"2024-01-27T21:48:36.340Z","updatedAt":"2024-01-27T21:48:36.340Z","favorited":false,"favoritesCount":247,"author":{"username":"Artem Bondar","bio":null,"image":"https://storage.googleapis.com/bondar-academy-visuals/Android.png","following":false}},{"slug":"Practical-Implementation-of-Skills:-Homework-Assignments-with-Instructor-Supervision-1","title":"Practical Implementation of Skills: Homework Assignments with Instructor Supervision","description":"Knowledge or skills not reinforced through practical exercises can quickly fade, often faster than anticipated. Homework, particularly in tasks like writing your own code, is crucial for honing these skills and cementing your understanding. At Bondar Academy, we ensure this vital step by assigning homework, rigorously evaluating the outcomes, and providing valuable feedback to guide your learning journey.","body":"Homework assignments are a fundamental component of the educational methodology at Bondar Academy, especially in technical education where learning a new programming language or framework is involved. The key to mastering these skills lies in writing code; the more you write, the better you become. However, merely replicating code seen in lectures leads to minimal learning. Often, this approach leaves students unclear about why their code works the way it does, as they focus on copying rather than understanding.\n\nA homework assignment at Bondar Academy starts with a blank page, challenging students to apply all their knowledge to write the first line of code. This process is more demanding than it appears. As you write each line, understanding and reasoning grow, making your code meaningful and comprehensible. You learn to write code that makes sense to you, enhancing your understanding.\n\nIn completing these assignments, you engage the 'thinking' part of your brain, transforming theoretical knowledge into practical skills. Recognizing the crucial role of homework in learning, our instructors at Bondar Academy are always available to assist with any challenges. Just reach out on Slack, and you'll receive the guidance and support needed for successful completion. At Bondar Academy, we fully understand the importance of homework assignments for the best outcome, so our instructors are always here to assist if you have any difficulties with completing them. Just ask in Slack and you'll be guided and assisted.","tagList":["Homework","Assignments","Practice","Coding"],"createdAt":"2024-01-27T21:46:09.512Z","updatedAt":"2024-01-27T21:46:09.512Z","favorited":false,"favoritesCount":115,"author":{"username":"Artem Bondar","bio":null,"image":"https://storage.googleapis.com/bondar-academy-visuals/Android.png","following":false}},{"slug":"Embracing-Daily-Git-Routines:-Real-Code-Reviews-on-GitHub-for-Effective-Coding-Practice.-1","title":"Embracing Daily Git Routines: Real Code Reviews on GitHub for Effective Coding Practice.","description":"Learning to code is just one part of a larger skill set; effectively managing and organizing code is equally crucial. At Bondar Academy, we integrate Git and platforms like GitHub into the core learning cycle. With us, using Git becomes a regular routine, where organizing code in branches, storing it in remote repositories, and collaborating with others through strategies like branching, merging, pull requests, and code reviews are standard practice.","body":"At Bondar Academy, mastering Git and GitHub is a fundamental step before delving into frameworks or programming languages. Effective code management, organization, and storage are crucial skills, and Git is the premier tool for this purpose. However, many learners initially find Git challenging due to its complexity and non-intuitive nature. To address this, our instructors have developed structured lectures on Git and GitHub, ensuring an efficient and thorough understanding of these essential tools. Git lessons are a mandatory prerequisite in every class. For a glimpse into our teaching approach, visit our YouTube channel: https://www.youtube.com/@BondarAcademy/playlists.\n\nIn our courses, all homework assignments are reviewed using GitHub pull requests, mirroring the workflow in real-world software development environments. Students submit their code to their working branch for review. Our instructors then provide feedback, suggesting modifications or adjustments for pull request approval. This iterative process is repeated throughout the course, establishing Git usage as a natural and routine part of your coding practice.","tagList":["YouTube","Git","GitHub"],"createdAt":"2024-01-27T21:42:31.491Z","updatedAt":"2024-01-27T21:42:31.491Z","favorited":false,"favoritesCount":104,"author":{"username":"Artem Bondar","bio":null,"image":"https://storage.googleapis.com/bondar-academy-visuals/Android.png","following":false}},{"slug":"Engaging-in-Live-Zoom-Sessions:-Interact-with-Instructors-and-Peers-Ask-Questions-in-Real-Time-1","title":"Engaging in Live Zoom Sessions: Interact with Instructors and Peers, Ask Questions in Real-Time","description":"In our increasingly online world, personal engagement remains a crucial element of effective learning. At Bondar Academy, we address this by hosting live Zoom sessions. These sessions provide a platform for live interaction between instructors and students, and among students themselves. Complementing our Slack channel, these live sessions offer an additional avenue for asking questions and engaging in meaningful discussions.","body":"In our increasingly online world, personal engagement remains a crucial element of effective learning. \nAt Bondar Academy, we address this by hosting live Zoom sessions. These sessions provide a platform for live interaction between instructors and students and among students themselves. Complementing our Slack channel, these live sessions offer an additional avenue for asking questions and engaging in meaningful discussions.","tagList":["Zoom","Live Sessions"],"createdAt":"2024-01-27T21:39:50.587Z","updatedAt":"2024-01-27T21:39:50.587Z","favorited":false,"favoritesCount":76,"author":{"username":"Artem Bondar","bio":null,"image":"https://storage.googleapis.com/bondar-academy-visuals/Android.png","following":false}},{"slug":"Utilizing-Slack-for-Continuous-Engagement:-Connect-with-Instructors-Share-Insights-and-Collaborate-1","title":"Utilizing Slack for Continuous Engagement: Connect with Instructors, Share Insights, and Collaborate","description":"Slack stands out as a widely-used messaging and collaboration platform, celebrated for its convenience and versatility. It enables simultaneous participation in multiple conversations, supports comments and emoji reactions, and allows users to share screenshots, videos, and code snippets. Its functionality extends to making calls in huddle sessions. Given these robust features, Bondar Academy has chosen Slack as our primary communication platform, facilitating seamless interaction and collaboration.","body":"As a new member of Bondar Academy, one of your initial steps should be registering for the Bondar Academy Slack Workspace. Upon registration at Bondar Academy, you'll receive a welcome email containing the URL to join. This Workspace serves as a central hub for communication with instructors and fellow students. Whether you have a question, need to share code, or want to upload screenshots, Slack makes it easy and efficient. Moreover, its compatibility with both desktop and mobile devices, by downloading and installing the app, ensures you can stay connected with your instructors and the community wherever you go.","tagList":["Slack","Community","Collaboration"],"createdAt":"2024-01-27T21:38:27.992Z","updatedAt":"2024-01-27T21:38:27.992Z","favorited":false,"favoritesCount":72,"author":{"username":"Artem Bondar","bio":null,"image":"https://storage.googleapis.com/bondar-academy-visuals/Android.png","following":false}},{"slug":"Stay-Ahead-with-Bondar-Academy:-Subscribe-to-Our-YouTube-channel-for-Latest-Tech-and-Education-Updates-1","title":"Stay Ahead with Bondar Academy: Subscribe to Our YouTube channel for Latest Tech and Education Updates","description":"Who doesn't appreciate high-quality free resources? YouTube serves as an ideal platform for sharing the latest news, updates, and a wealth of tips and tricks in test automation and technology. Keep abreast of these invaluable insights by subscribing to the @bondaracademy YouTube channel.","body":"Who doesn't appreciate high-quality free resources? \n\nYouTube serves as an ideal platform for sharing the latest news, updates, and a wealth of tips and tricks in test automation and technology. \n\nKeep abreast of these invaluable insights by subscribing to our YouTube channel: https://www.youtube.com/@bondaracademy","tagList":["YouTube"],"createdAt":"2024-01-27T21:36:32.360Z","updatedAt":"2024-01-27T21:36:32.360Z","favorited":false,"favoritesCount":67,"author":{"username":"Artem Bondar","bio":null,"image":"https://storage.googleapis.com/bondar-academy-visuals/Android.png","following":false}},{"slug":"Explore-the-Latest-in-Learning:-Bondar-Academy-Blog's-Educational-Insights-from-Our-Experts-1","title":"Explore the Latest in Learning: Bondar Academy Blog's Educational Insights from Our Experts","description":"Discover a treasure trove of knowledge on the Bondar Academy blog. Here, we share an array of tips, techniques, and valuable educational materials, all designed to keep you abreast of the latest technological trends and best practices. For easy access and continual learning, consider bookmarking our blog in your browser.","body":"On the Bondar Academy blog, we consistently provide insightful and pertinent updates on the latest in technology, test automation, and industry best practices. For your convenience, we recommend adding our blog to your browser's bookmarks. Our commitment to keeping you informed is reflected in our weekly posts, each focusing on a significant topic of the week.\n\nWe value your input and invite you to contribute to our ever-evolving content. If you have any suggestions or specific topics you'd like us to explore, please feel free to share your ideas in the Bondar Academy Slack workspace. \n\nDiscover our blog here: https://www.bondaracademy.com/blog\n","tagList":["Blog"],"createdAt":"2024-01-27T21:34:04.531Z","updatedAt":"2024-01-27T21:34:04.531Z","favorited":false,"favoritesCount":67,"author":{"username":"Artem Bondar","bio":null,"image":"https://storage.googleapis.com/bondar-academy-visuals/Android.png","following":false}},{"slug":"Take-the-Next-Step:-Join-Bondar-Academy-Today-and-Enroll-into-the-class-1","title":"Take the Next Step: Join Bondar Academy Today and Enroll into the class","description":"Are you prepared to transform your educational journey? Begin by signing up at Bondar Academy, then register for our Slack Workspace to start exploring. We offer a range of classes, with some being completely free and others featuring free previews of the initial sections. This allows you to experience our content and teaching approach firsthand, helping you make an informed decision before enrolling in a class.","body":"Are you prepared to transform your educational journey? \n\nBegin by signing up at Bondar Academy, then register for our Slack Workspace to start exploring. We offer a range of classes, with some being completely free and others featuring free previews of the initial sections. This allows you to experience our content and teaching approach firsthand, helping you make an informed decision before enrolling in a class.\n\nClick here to enroll: https://www.bondaracademy.com","tagList":["Enroll","Start for Free"],"createdAt":"2024-01-27T21:32:21.056Z","updatedAt":"2024-01-27T21:32:21.056Z","favorited":false,"favoritesCount":75,"author":{"username":"Artem Bondar","bio":null,"image":"https://storage.googleapis.com/bondar-academy-visuals/Android.png","following":false}}],"articlesCount":10}

16:52:53.272 [pool-3-thread-1] INFO  com.intuit.karate.Suite - <<pass>> feature 1 of 3 (2 remaining) classpath:examples/features/ArticleList.feature
16:57:05.795 [main] INFO  com.intuit.karate.Runner - using system property 'karate.options': --tags @articlelist
16:57:06.651 [main] DEBUG com.intuit.karate.Suite - [config] classpath:karate-config.js
16:57:06.655 [main] INFO  com.intuit.karate.Suite - backed up existing 'target\karate-reports' dir to: target\karate-reports_1788047826653
16:57:06.660 [main] DEBUG com.intuit.karate.Suite - waiting for 3 features to complete
16:57:07.937 [pool-2-thread-1] INFO  com.intuit.karate - karate.env system property was: null 
16:57:08.008 [pool-2-thread-1] ERROR com.intuit.karate - classpath:examples/features/ArticleList.feature:7
* def loop = karate.repeat(1,()=>karate.call("src/test/java/helpers/CreateToken.feature"))
js failed:
>>>>
01: karate.repeat(1,()=>karate.call("src/test/java/helpers/CreateToken.feature"))
<<<<
org.graalvm.polyglot.PolyglotException: java.io.FileNotFoundException: C:\Automation\NewKarateProject\target\test-classes\examples\features\src\test\java\helpers\CreateToken.feature (The system cannot find the path specified)
- com.intuit.karate.resource.FileResource.getStream(FileResource.java:98)
- com.intuit.karate.core.FeatureParser.parse(FeatureParser.java:70)
- com.intuit.karate.core.Feature.read(Feature.java:63)
- com.intuit.karate.core.ScenarioFileReader.readFile(ScenarioFileReader.java:65)
- com.intuit.karate.core.ScenarioBridge.call(ScenarioBridge.java:136)
- com.intuit.karate.core.ScenarioBridge.call(ScenarioBridge.java:123)
- <js>.:=>(Unnamed:1)

classpath:examples/features/ArticleList.feature:7
16:57:08.662 [pool-3-thread-1] INFO  com.intuit.karate.Suite - <<fail>> feature 1 of 3 (2 remaining) classpath:examples/features/ArticleList.feature
16:58:27.475 [main] INFO  com.intuit.karate.Runner - using system property 'karate.options': --tags @articlelist
16:58:28.470 [main] DEBUG com.intuit.karate.Suite - [config] classpath:karate-config.js
16:58:28.474 [main] INFO  com.intuit.karate.Suite - backed up existing 'target\karate-reports' dir to: target\karate-reports_1788047908471
16:58:28.481 [main] DEBUG com.intuit.karate.Suite - waiting for 3 features to complete
16:58:29.807 [pool-2-thread-1] INFO  com.intuit.karate - karate.env system property was: null 
16:58:30.129 [pool-2-thread-1] DEBUG com.intuit.karate - request:
1 > POST https://conduit-api.bondaracademy.com/api/users/login
1 > Content-Type: application/json; charset=UTF-8
1 > Content-Length: 59
1 > Host: conduit-api.bondaracademy.com
1 > Connection: Keep-Alive
1 > User-Agent: Apache-HttpClient/4.5.14 (Java/25.0.4)
1 > Accept-Encoding: gzip,deflate
{"user":{"email":"admin@test1.com","password":"admin@123"}}

16:58:30.887 [pool-2-thread-1] DEBUG com.intuit.karate - response time in milliseconds: 754
1 < 200
1 < x-powered-by: Express
1 < vary: Origin
1 < content-type: application/json; charset=utf-8
1 < etag: W/"134-U1w7U0GbVCTT3NjFHDSrfRIt+ok"
1 < x-cloud-trace-context: 4d9a4db9a68936c9eb5b1be24e91a89e
1 < date: Sat, 29 Aug 2026 23:58:30 GMT
1 < server: Google Frontend
1 < Content-Length: 308
{"user":{"email":"admin@test1.com","username":"admin129","bio":null,"image":"https://conduit-api.bondaracademy.com/images/smiley-cyrus.jpeg","token":"eyJhbGciOiJIUzI1NiIsInR5cCI6IkpXVCJ9.eyJ1c2VyIjp7ImlkIjo2NDk2NX0sImlhdCI6MTc4ODA0NzkxMCwiZXhwIjoxNzkzMjMxOTEwfQ.M32W01l8uqjoCNxErUNJDnAyDlIYpH0ZOCmXR88qE2k"}}

16:58:30.908 [pool-2-thread-1] INFO  com.intuit.karate - [print] eyJhbGciOiJIUzI1NiIsInR5cCI6IkpXVCJ9.eyJ1c2VyIjp7ImlkIjo2NDk2NX0sImlhdCI6MTc4ODA0NzkxMCwiZXhwIjoxNzkzMjMxOTEwfQ.M32W01l8uqjoCNxErUNJDnAyDlIYpH0ZOCmXR88qE2k 
16:58:30.922 [pool-2-thread-1] DEBUG com.intuit.karate - request:
1 > GET https://conduit-api.bondaracademy.com/api/articles?limit=10&offset=0
1 > Host: conduit-api.bondaracademy.com
1 > Connection: Keep-Alive
1 > User-Agent: Apache-HttpClient/4.5.14 (Java/25.0.4)
1 > Accept-Encoding: gzip,deflate


16:58:31.770 [pool-2-thread-1] DEBUG com.intuit.karate - response time in milliseconds: 845
1 < 200
1 < x-powered-by: Express
1 < vary: Origin
1 < content-type: application/json; charset=utf-8
1 < etag: W/"43a9-46vzj+oI8pt/OwQfezo2HqTiwpI"
1 < x-cloud-trace-context: 56a94cea64fd4eb7725cbcb1d4c7f63a;o=1
1 < date: Sat, 29 Aug 2026 23:58:31 GMT
1 < server: Google Frontend
1 < Content-Length: 17321
{"articles":[{"slug":"Discover-Bondar-Academy:-Your-Gateway-to-Efficient-Learning-1","title":"Discover Bondar Academy: Your Gateway to Efficient Learning","description":"Discover Bondar Academy's unique place in the educational landscape, where value-focused and efficient learning approaches converge. Our goal is to rapidly enhance your professional technical skills, boosting your market competitiveness and paving the way for higher-paying job opportunities. The speed of your progress is in your hands – you set the pace, and we provide the solutions and support to help you achieve your desired outcomes.","body":"Bondar Academy is a leading platform for efficient education, designed to boost your technical skills and advance your career in Quality Assurance (QA). Our program features a balanced mix of pre-recorded lectures and live sessions, allowing each student to study at their own pace and at a time that suits them. \n\nOur instructors are readily available on our Slack Workspace for support. Whether it's a quick question or a more complex issue requiring a Zoom call or Slack Huddle for screen sharing and live discussion, we're here to assist. Additionally, each class comes with a comprehensive question bank for self-assessment. Following each lecture, you have the opportunity to validate your understanding and readiness to progress to the next topic. You set the pace, and we provide the solutions to ensure you achieve your desired outcomes.\n\nSignUp today: https://www.bondaracademy.com","tagList":["qa career","Bondar Academy","QA Skills","Value-Focused"],"createdAt":"2024-01-27T21:52:32.682Z","updatedAt":"2024-01-27T21:52:32.682Z","favorited":false,"favoritesCount":2217,"author":{"username":"Artem Bondar","bio":null,"image":"https://storage.googleapis.com/bondar-academy-visuals/Android.png","following":false}},{"slug":"The-value-of-pre-recorded-video-classes.-The-most-efficient-approach-to-tranfer-the-knowledge-1","title":"The value of pre-recorded video classes. The most efficient approach to tranfer the knowledge","description":"As educational practices evolve, video tutorials have emerged as the most efficient method for imparting theoretical knowledge. At Bondar Academy, we prioritize expertly structured and crafted video tutorials, ensuring you learn quickly and effectively and advance your skills.","body":"At Bondar Academy, we prioritize the value of your time and the efficiency of your education, distinguishing our approach from traditional colleges and live boot camps. Forget long, tedious live lectures on a fixed schedule. With us, you learn at your convenience and pace through optimized, structured video lectures. \n\nWe understand your goal is rapid knowledge acquisition. Our pre-recorded and well-organized lectures are designed precisely for this, ensuring no slowdowns from group dynamics or unrelated instructor anecdotes. \n\nDive straight into the subject matter, learn efficiently, and if questions arise, our immediate support on the Slack Workspace is there to streamline your learning process and swiftly remove any roadblocks.","tagList":["Bondar Academy","Video Lectures","Tutorials"],"createdAt":"2024-01-27T21:50:38.825Z","updatedAt":"2024-01-27T21:50:38.825Z","favorited":false,"favoritesCount":483,"author":{"username":"Artem Bondar","bio":null,"image":"https://storage.googleapis.com/bondar-academy-visuals/Android.png","following":false}},{"slug":"Mastering-Knowledge-with-Self-Assessments:-Identifying-and-Bridging-Learning-Gaps-in-Education-1","title":"Mastering Knowledge with Self-Assessments: Identifying and Bridging Learning Gaps in Education","description":"Self-assessment is an essential tool for gauging your understanding of lecture material. It answers critical questions: Have you grasped everything correctly? Is there anything you've missed? Are you prepared for the next lesson? These assessments ensure that you build a solid foundation of knowledge, confidently and efficiently paving the way for swift progress and effective learning outcomes.","body":"Traditional educational institutions, such as colleges and universities, commonly use tests and assessments to measure knowledge. This approach is effective for gauging student performance, but it's not without drawbacks. In these settings, assessments after every lecture aren't feasible due to the time required for teachers to evaluate them. This often leads to students having a false sense of understanding, believing they've comprehended all aspects of a lecture when, in reality, small but crucial details might be missed. These 'knowledge gaps' can accumulate, making more complex topics difficult to grasp later on.\n\nAt Bondar Academy, we address this challenge by implementing self-assessments after every lecture. These are designed to cover key questions that ensure a thorough understanding of the material, essential for comfort and success in future lectures. The number of questions varies, ranging from 3-4 to 15-20, depending on the lecture's significance and the volume of critical information. With these self-assessments, students receive immediate feedback, helping them determine if they've fully understood the lecture or if they need to revisit certain parts or seek assistance from our instructors in the Slack Workspace.","tagList":["Self-Assessment","Test","Exam"],"createdAt":"2024-01-27T21:48:36.340Z","updatedAt":"2024-01-27T21:48:36.340Z","favorited":false,"favoritesCount":247,"author":{"username":"Artem Bondar","bio":null,"image":"https://storage.googleapis.com/bondar-academy-visuals/Android.png","following":false}},{"slug":"Practical-Implementation-of-Skills:-Homework-Assignments-with-Instructor-Supervision-1","title":"Practical Implementation of Skills: Homework Assignments with Instructor Supervision","description":"Knowledge or skills not reinforced through practical exercises can quickly fade, often faster than anticipated. Homework, particularly in tasks like writing your own code, is crucial for honing these skills and cementing your understanding. At Bondar Academy, we ensure this vital step by assigning homework, rigorously evaluating the outcomes, and providing valuable feedback to guide your learning journey.","body":"Homework assignments are a fundamental component of the educational methodology at Bondar Academy, especially in technical education where learning a new programming language or framework is involved. The key to mastering these skills lies in writing code; the more you write, the better you become. However, merely replicating code seen in lectures leads to minimal learning. Often, this approach leaves students unclear about why their code works the way it does, as they focus on copying rather than understanding.\n\nA homework assignment at Bondar Academy starts with a blank page, challenging students to apply all their knowledge to write the first line of code. This process is more demanding than it appears. As you write each line, understanding and reasoning grow, making your code meaningful and comprehensible. You learn to write code that makes sense to you, enhancing your understanding.\n\nIn completing these assignments, you engage the 'thinking' part of your brain, transforming theoretical knowledge into practical skills. Recognizing the crucial role of homework in learning, our instructors at Bondar Academy are always available to assist with any challenges. Just reach out on Slack, and you'll receive the guidance and support needed for successful completion. At Bondar Academy, we fully understand the importance of homework assignments for the best outcome, so our instructors are always here to assist if you have any difficulties with completing them. Just ask in Slack and you'll be guided and assisted.","tagList":["Homework","Assignments","Practice","Coding"],"createdAt":"2024-01-27T21:46:09.512Z","updatedAt":"2024-01-27T21:46:09.512Z","favorited":false,"favoritesCount":115,"author":{"username":"Artem Bondar","bio":null,"image":"https://storage.googleapis.com/bondar-academy-visuals/Android.png","following":false}},{"slug":"Embracing-Daily-Git-Routines:-Real-Code-Reviews-on-GitHub-for-Effective-Coding-Practice.-1","title":"Embracing Daily Git Routines: Real Code Reviews on GitHub for Effective Coding Practice.","description":"Learning to code is just one part of a larger skill set; effectively managing and organizing code is equally crucial. At Bondar Academy, we integrate Git and platforms like GitHub into the core learning cycle. With us, using Git becomes a regular routine, where organizing code in branches, storing it in remote repositories, and collaborating with others through strategies like branching, merging, pull requests, and code reviews are standard practice.","body":"At Bondar Academy, mastering Git and GitHub is a fundamental step before delving into frameworks or programming languages. Effective code management, organization, and storage are crucial skills, and Git is the premier tool for this purpose. However, many learners initially find Git challenging due to its complexity and non-intuitive nature. To address this, our instructors have developed structured lectures on Git and GitHub, ensuring an efficient and thorough understanding of these essential tools. Git lessons are a mandatory prerequisite in every class. For a glimpse into our teaching approach, visit our YouTube channel: https://www.youtube.com/@BondarAcademy/playlists.\n\nIn our courses, all homework assignments are reviewed using GitHub pull requests, mirroring the workflow in real-world software development environments. Students submit their code to their working branch for review. Our instructors then provide feedback, suggesting modifications or adjustments for pull request approval. This iterative process is repeated throughout the course, establishing Git usage as a natural and routine part of your coding practice.","tagList":["YouTube","Git","GitHub"],"createdAt":"2024-01-27T21:42:31.491Z","updatedAt":"2024-01-27T21:42:31.491Z","favorited":false,"favoritesCount":104,"author":{"username":"Artem Bondar","bio":null,"image":"https://storage.googleapis.com/bondar-academy-visuals/Android.png","following":false}},{"slug":"Engaging-in-Live-Zoom-Sessions:-Interact-with-Instructors-and-Peers-Ask-Questions-in-Real-Time-1","title":"Engaging in Live Zoom Sessions: Interact with Instructors and Peers, Ask Questions in Real-Time","description":"In our increasingly online world, personal engagement remains a crucial element of effective learning. At Bondar Academy, we address this by hosting live Zoom sessions. These sessions provide a platform for live interaction between instructors and students, and among students themselves. Complementing our Slack channel, these live sessions offer an additional avenue for asking questions and engaging in meaningful discussions.","body":"In our increasingly online world, personal engagement remains a crucial element of effective learning. \nAt Bondar Academy, we address this by hosting live Zoom sessions. These sessions provide a platform for live interaction between instructors and students and among students themselves. Complementing our Slack channel, these live sessions offer an additional avenue for asking questions and engaging in meaningful discussions.","tagList":["Zoom","Live Sessions"],"createdAt":"2024-01-27T21:39:50.587Z","updatedAt":"2024-01-27T21:39:50.587Z","favorited":false,"favoritesCount":76,"author":{"username":"Artem Bondar","bio":null,"image":"https://storage.googleapis.com/bondar-academy-visuals/Android.png","following":false}},{"slug":"Utilizing-Slack-for-Continuous-Engagement:-Connect-with-Instructors-Share-Insights-and-Collaborate-1","title":"Utilizing Slack for Continuous Engagement: Connect with Instructors, Share Insights, and Collaborate","description":"Slack stands out as a widely-used messaging and collaboration platform, celebrated for its convenience and versatility. It enables simultaneous participation in multiple conversations, supports comments and emoji reactions, and allows users to share screenshots, videos, and code snippets. Its functionality extends to making calls in huddle sessions. Given these robust features, Bondar Academy has chosen Slack as our primary communication platform, facilitating seamless interaction and collaboration.","body":"As a new member of Bondar Academy, one of your initial steps should be registering for the Bondar Academy Slack Workspace. Upon registration at Bondar Academy, you'll receive a welcome email containing the URL to join. This Workspace serves as a central hub for communication with instructors and fellow students. Whether you have a question, need to share code, or want to upload screenshots, Slack makes it easy and efficient. Moreover, its compatibility with both desktop and mobile devices, by downloading and installing the app, ensures you can stay connected with your instructors and the community wherever you go.","tagList":["Slack","Community","Collaboration"],"createdAt":"2024-01-27T21:38:27.992Z","updatedAt":"2024-01-27T21:38:27.992Z","favorited":false,"favoritesCount":72,"author":{"username":"Artem Bondar","bio":null,"image":"https://storage.googleapis.com/bondar-academy-visuals/Android.png","following":false}},{"slug":"Stay-Ahead-with-Bondar-Academy:-Subscribe-to-Our-YouTube-channel-for-Latest-Tech-and-Education-Updates-1","title":"Stay Ahead with Bondar Academy: Subscribe to Our YouTube channel for Latest Tech and Education Updates","description":"Who doesn't appreciate high-quality free resources? YouTube serves as an ideal platform for sharing the latest news, updates, and a wealth of tips and tricks in test automation and technology. Keep abreast of these invaluable insights by subscribing to the @bondaracademy YouTube channel.","body":"Who doesn't appreciate high-quality free resources? \n\nYouTube serves as an ideal platform for sharing the latest news, updates, and a wealth of tips and tricks in test automation and technology. \n\nKeep abreast of these invaluable insights by subscribing to our YouTube channel: https://www.youtube.com/@bondaracademy","tagList":["YouTube"],"createdAt":"2024-01-27T21:36:32.360Z","updatedAt":"2024-01-27T21:36:32.360Z","favorited":false,"favoritesCount":67,"author":{"username":"Artem Bondar","bio":null,"image":"https://storage.googleapis.com/bondar-academy-visuals/Android.png","following":false}},{"slug":"Explore-the-Latest-in-Learning:-Bondar-Academy-Blog's-Educational-Insights-from-Our-Experts-1","title":"Explore the Latest in Learning: Bondar Academy Blog's Educational Insights from Our Experts","description":"Discover a treasure trove of knowledge on the Bondar Academy blog. Here, we share an array of tips, techniques, and valuable educational materials, all designed to keep you abreast of the latest technological trends and best practices. For easy access and continual learning, consider bookmarking our blog in your browser.","body":"On the Bondar Academy blog, we consistently provide insightful and pertinent updates on the latest in technology, test automation, and industry best practices. For your convenience, we recommend adding our blog to your browser's bookmarks. Our commitment to keeping you informed is reflected in our weekly posts, each focusing on a significant topic of the week.\n\nWe value your input and invite you to contribute to our ever-evolving content. If you have any suggestions or specific topics you'd like us to explore, please feel free to share your ideas in the Bondar Academy Slack workspace. \n\nDiscover our blog here: https://www.bondaracademy.com/blog\n","tagList":["Blog"],"createdAt":"2024-01-27T21:34:04.531Z","updatedAt":"2024-01-27T21:34:04.531Z","favorited":false,"favoritesCount":67,"author":{"username":"Artem Bondar","bio":null,"image":"https://storage.googleapis.com/bondar-academy-visuals/Android.png","following":false}},{"slug":"Take-the-Next-Step:-Join-Bondar-Academy-Today-and-Enroll-into-the-class-1","title":"Take the Next Step: Join Bondar Academy Today and Enroll into the class","description":"Are you prepared to transform your educational journey? Begin by signing up at Bondar Academy, then register for our Slack Workspace to start exploring. We offer a range of classes, with some being completely free and others featuring free previews of the initial sections. This allows you to experience our content and teaching approach firsthand, helping you make an informed decision before enrolling in a class.","body":"Are you prepared to transform your educational journey? \n\nBegin by signing up at Bondar Academy, then register for our Slack Workspace to start exploring. We offer a range of classes, with some being completely free and others featuring free previews of the initial sections. This allows you to experience our content and teaching approach firsthand, helping you make an informed decision before enrolling in a class.\n\nClick here to enroll: https://www.bondaracademy.com","tagList":["Enroll","Start for Free"],"createdAt":"2024-01-27T21:32:21.056Z","updatedAt":"2024-01-27T21:32:21.056Z","favorited":false,"favoritesCount":75,"author":{"username":"Artem Bondar","bio":null,"image":"https://storage.googleapis.com/bondar-academy-visuals/Android.png","following":false}}],"articlesCount":10}

16:58:32.562 [pool-3-thread-1] INFO  com.intuit.karate.Suite - <<pass>> feature 1 of 3 (2 remaining) classpath:examples/features/ArticleList.feature
16:59:16.792 [main] INFO  com.intuit.karate.Runner - using system property 'karate.options': --tags @articlelist
16:59:18.457 [main] DEBUG com.intuit.karate.Suite - [config] classpath:karate-config.js
16:59:18.462 [main] INFO  com.intuit.karate.Suite - backed up existing 'target\karate-reports' dir to: target\karate-reports_1788047958458
16:59:18.471 [main] DEBUG com.intuit.karate.Suite - waiting for 3 features to complete
16:59:19.650 [pool-2-thread-1] INFO  com.intuit.karate - karate.env system property was: null 
16:59:19.961 [pool-2-thread-1] DEBUG com.intuit.karate - request:
1 > POST https://conduit-api.bondaracademy.com/api/users/login
1 > Content-Type: application/json; charset=UTF-8
1 > Content-Length: 59
1 > Host: conduit-api.bondaracademy.com
1 > Connection: Keep-Alive
1 > User-Agent: Apache-HttpClient/4.5.14 (Java/25.0.4)
1 > Accept-Encoding: gzip,deflate
{"user":{"email":"admin@test1.com","password":"admin@123"}}

16:59:20.428 [pool-2-thread-1] DEBUG com.intuit.karate - response time in milliseconds: 463
1 < 200
1 < x-powered-by: Express
1 < vary: Origin
1 < content-type: application/json; charset=utf-8
1 < etag: W/"134-aAFtyjWOX0Xu3vvKwIxYyZVUdfM"
1 < x-cloud-trace-context: 0f2d10a692b438262fbf2d127be522a6;o=1
1 < date: Sat, 29 Aug 2026 23:59:20 GMT
1 < server: Google Frontend
1 < Content-Length: 308
{"user":{"email":"admin@test1.com","username":"admin129","bio":null,"image":"https://conduit-api.bondaracademy.com/images/smiley-cyrus.jpeg","token":"eyJhbGciOiJIUzI1NiIsInR5cCI6IkpXVCJ9.eyJ1c2VyIjp7ImlkIjo2NDk2NX0sImlhdCI6MTc4ODA0Nzk2MCwiZXhwIjoxNzkzMjMxOTYwfQ.n38W6YjSrixMfEmcurPF6PYKdza91h4W6dULf8mKFg8"}}

16:59:20.436 [pool-2-thread-1] INFO  com.intuit.karate - [print] eyJhbGciOiJIUzI1NiIsInR5cCI6IkpXVCJ9.eyJ1c2VyIjp7ImlkIjo2NDk2NX0sImlhdCI6MTc4ODA0Nzk2MCwiZXhwIjoxNzkzMjMxOTYwfQ.n38W6YjSrixMfEmcurPF6PYKdza91h4W6dULf8mKFg8 
16:59:20.446 [pool-2-thread-1] DEBUG com.intuit.karate - request:
1 > POST https://conduit-api.bondaracademy.com/api/users/login
1 > Content-Type: application/json; charset=UTF-8
1 > Content-Length: 59
1 > Host: conduit-api.bondaracademy.com
1 > Connection: Keep-Alive
1 > User-Agent: Apache-HttpClient/4.5.14 (Java/25.0.4)
1 > Accept-Encoding: gzip,deflate
{"user":{"email":"admin@test1.com","password":"admin@123"}}

16:59:20.699 [pool-2-thread-1] DEBUG com.intuit.karate - response time in milliseconds: 251
1 < 200
1 < x-powered-by: Express
1 < vary: Origin
1 < content-type: application/json; charset=utf-8
1 < etag: W/"134-aAFtyjWOX0Xu3vvKwIxYyZVUdfM"
1 < x-cloud-trace-context: 6116c1f8e8d12a535328885c80feef7c
1 < date: Sat, 29 Aug 2026 23:59:20 GMT
1 < server: Google Frontend
1 < Content-Length: 308
{"user":{"email":"admin@test1.com","username":"admin129","bio":null,"image":"https://conduit-api.bondaracademy.com/images/smiley-cyrus.jpeg","token":"eyJhbGciOiJIUzI1NiIsInR5cCI6IkpXVCJ9.eyJ1c2VyIjp7ImlkIjo2NDk2NX0sImlhdCI6MTc4ODA0Nzk2MCwiZXhwIjoxNzkzMjMxOTYwfQ.n38W6YjSrixMfEmcurPF6PYKdza91h4W6dULf8mKFg8"}}

16:59:20.709 [pool-2-thread-1] INFO  com.intuit.karate - [print] eyJhbGciOiJIUzI1NiIsInR5cCI6IkpXVCJ9.eyJ1c2VyIjp7ImlkIjo2NDk2NX0sImlhdCI6MTc4ODA0Nzk2MCwiZXhwIjoxNzkzMjMxOTYwfQ.n38W6YjSrixMfEmcurPF6PYKdza91h4W6dULf8mKFg8 
16:59:20.728 [pool-2-thread-1] DEBUG com.intuit.karate - request:
1 > GET https://conduit-api.bondaracademy.com/api/articles?limit=10&offset=0
1 > Host: conduit-api.bondaracademy.com
1 > Connection: Keep-Alive
1 > User-Agent: Apache-HttpClient/4.5.14 (Java/25.0.4)
1 > Accept-Encoding: gzip,deflate


16:59:21.080 [pool-2-thread-1] DEBUG com.intuit.karate - response time in milliseconds: 347
1 < 200
1 < x-powered-by: Express
1 < vary: Origin
1 < content-type: application/json; charset=utf-8
1 < etag: W/"43a9-46vzj+oI8pt/OwQfezo2HqTiwpI"
1 < x-cloud-trace-context: b7d6f0dba796d79166d63921000ad6c9
1 < date: Sat, 29 Aug 2026 23:59:20 GMT
1 < server: Google Frontend
1 < Content-Length: 17321
{"articles":[{"slug":"Discover-Bondar-Academy:-Your-Gateway-to-Efficient-Learning-1","title":"Discover Bondar Academy: Your Gateway to Efficient Learning","description":"Discover Bondar Academy's unique place in the educational landscape, where value-focused and efficient learning approaches converge. Our goal is to rapidly enhance your professional technical skills, boosting your market competitiveness and paving the way for higher-paying job opportunities. The speed of your progress is in your hands – you set the pace, and we provide the solutions and support to help you achieve your desired outcomes.","body":"Bondar Academy is a leading platform for efficient education, designed to boost your technical skills and advance your career in Quality Assurance (QA). Our program features a balanced mix of pre-recorded lectures and live sessions, allowing each student to study at their own pace and at a time that suits them. \n\nOur instructors are readily available on our Slack Workspace for support. Whether it's a quick question or a more complex issue requiring a Zoom call or Slack Huddle for screen sharing and live discussion, we're here to assist. Additionally, each class comes with a comprehensive question bank for self-assessment. Following each lecture, you have the opportunity to validate your understanding and readiness to progress to the next topic. You set the pace, and we provide the solutions to ensure you achieve your desired outcomes.\n\nSignUp today: https://www.bondaracademy.com","tagList":["qa career","Bondar Academy","QA Skills","Value-Focused"],"createdAt":"2024-01-27T21:52:32.682Z","updatedAt":"2024-01-27T21:52:32.682Z","favorited":false,"favoritesCount":2217,"author":{"username":"Artem Bondar","bio":null,"image":"https://storage.googleapis.com/bondar-academy-visuals/Android.png","following":false}},{"slug":"The-value-of-pre-recorded-video-classes.-The-most-efficient-approach-to-tranfer-the-knowledge-1","title":"The value of pre-recorded video classes. The most efficient approach to tranfer the knowledge","description":"As educational practices evolve, video tutorials have emerged as the most efficient method for imparting theoretical knowledge. At Bondar Academy, we prioritize expertly structured and crafted video tutorials, ensuring you learn quickly and effectively and advance your skills.","body":"At Bondar Academy, we prioritize the value of your time and the efficiency of your education, distinguishing our approach from traditional colleges and live boot camps. Forget long, tedious live lectures on a fixed schedule. With us, you learn at your convenience and pace through optimized, structured video lectures. \n\nWe understand your goal is rapid knowledge acquisition. Our pre-recorded and well-organized lectures are designed precisely for this, ensuring no slowdowns from group dynamics or unrelated instructor anecdotes. \n\nDive straight into the subject matter, learn efficiently, and if questions arise, our immediate support on the Slack Workspace is there to streamline your learning process and swiftly remove any roadblocks.","tagList":["Bondar Academy","Video Lectures","Tutorials"],"createdAt":"2024-01-27T21:50:38.825Z","updatedAt":"2024-01-27T21:50:38.825Z","favorited":false,"favoritesCount":483,"author":{"username":"Artem Bondar","bio":null,"image":"https://storage.googleapis.com/bondar-academy-visuals/Android.png","following":false}},{"slug":"Mastering-Knowledge-with-Self-Assessments:-Identifying-and-Bridging-Learning-Gaps-in-Education-1","title":"Mastering Knowledge with Self-Assessments: Identifying and Bridging Learning Gaps in Education","description":"Self-assessment is an essential tool for gauging your understanding of lecture material. It answers critical questions: Have you grasped everything correctly? Is there anything you've missed? Are you prepared for the next lesson? These assessments ensure that you build a solid foundation of knowledge, confidently and efficiently paving the way for swift progress and effective learning outcomes.","body":"Traditional educational institutions, such as colleges and universities, commonly use tests and assessments to measure knowledge. This approach is effective for gauging student performance, but it's not without drawbacks. In these settings, assessments after every lecture aren't feasible due to the time required for teachers to evaluate them. This often leads to students having a false sense of understanding, believing they've comprehended all aspects of a lecture when, in reality, small but crucial details might be missed. These 'knowledge gaps' can accumulate, making more complex topics difficult to grasp later on.\n\nAt Bondar Academy, we address this challenge by implementing self-assessments after every lecture. These are designed to cover key questions that ensure a thorough understanding of the material, essential for comfort and success in future lectures. The number of questions varies, ranging from 3-4 to 15-20, depending on the lecture's significance and the volume of critical information. With these self-assessments, students receive immediate feedback, helping them determine if they've fully understood the lecture or if they need to revisit certain parts or seek assistance from our instructors in the Slack Workspace.","tagList":["Self-Assessment","Test","Exam"],"createdAt":"2024-01-27T21:48:36.340Z","updatedAt":"2024-01-27T21:48:36.340Z","favorited":false,"favoritesCount":247,"author":{"username":"Artem Bondar","bio":null,"image":"https://storage.googleapis.com/bondar-academy-visuals/Android.png","following":false}},{"slug":"Practical-Implementation-of-Skills:-Homework-Assignments-with-Instructor-Supervision-1","title":"Practical Implementation of Skills: Homework Assignments with Instructor Supervision","description":"Knowledge or skills not reinforced through practical exercises can quickly fade, often faster than anticipated. Homework, particularly in tasks like writing your own code, is crucial for honing these skills and cementing your understanding. At Bondar Academy, we ensure this vital step by assigning homework, rigorously evaluating the outcomes, and providing valuable feedback to guide your learning journey.","body":"Homework assignments are a fundamental component of the educational methodology at Bondar Academy, especially in technical education where learning a new programming language or framework is involved. The key to mastering these skills lies in writing code; the more you write, the better you become. However, merely replicating code seen in lectures leads to minimal learning. Often, this approach leaves students unclear about why their code works the way it does, as they focus on copying rather than understanding.\n\nA homework assignment at Bondar Academy starts with a blank page, challenging students to apply all their knowledge to write the first line of code. This process is more demanding than it appears. As you write each line, understanding and reasoning grow, making your code meaningful and comprehensible. You learn to write code that makes sense to you, enhancing your understanding.\n\nIn completing these assignments, you engage the 'thinking' part of your brain, transforming theoretical knowledge into practical skills. Recognizing the crucial role of homework in learning, our instructors at Bondar Academy are always available to assist with any challenges. Just reach out on Slack, and you'll receive the guidance and support needed for successful completion. At Bondar Academy, we fully understand the importance of homework assignments for the best outcome, so our instructors are always here to assist if you have any difficulties with completing them. Just ask in Slack and you'll be guided and assisted.","tagList":["Homework","Assignments","Practice","Coding"],"createdAt":"2024-01-27T21:46:09.512Z","updatedAt":"2024-01-27T21:46:09.512Z","favorited":false,"favoritesCount":115,"author":{"username":"Artem Bondar","bio":null,"image":"https://storage.googleapis.com/bondar-academy-visuals/Android.png","following":false}},{"slug":"Embracing-Daily-Git-Routines:-Real-Code-Reviews-on-GitHub-for-Effective-Coding-Practice.-1","title":"Embracing Daily Git Routines: Real Code Reviews on GitHub for Effective Coding Practice.","description":"Learning to code is just one part of a larger skill set; effectively managing and organizing code is equally crucial. At Bondar Academy, we integrate Git and platforms like GitHub into the core learning cycle. With us, using Git becomes a regular routine, where organizing code in branches, storing it in remote repositories, and collaborating with others through strategies like branching, merging, pull requests, and code reviews are standard practice.","body":"At Bondar Academy, mastering Git and GitHub is a fundamental step before delving into frameworks or programming languages. Effective code management, organization, and storage are crucial skills, and Git is the premier tool for this purpose. However, many learners initially find Git challenging due to its complexity and non-intuitive nature. To address this, our instructors have developed structured lectures on Git and GitHub, ensuring an efficient and thorough understanding of these essential tools. Git lessons are a mandatory prerequisite in every class. For a glimpse into our teaching approach, visit our YouTube channel: https://www.youtube.com/@BondarAcademy/playlists.\n\nIn our courses, all homework assignments are reviewed using GitHub pull requests, mirroring the workflow in real-world software development environments. Students submit their code to their working branch for review. Our instructors then provide feedback, suggesting modifications or adjustments for pull request approval. This iterative process is repeated throughout the course, establishing Git usage as a natural and routine part of your coding practice.","tagList":["YouTube","Git","GitHub"],"createdAt":"2024-01-27T21:42:31.491Z","updatedAt":"2024-01-27T21:42:31.491Z","favorited":false,"favoritesCount":104,"author":{"username":"Artem Bondar","bio":null,"image":"https://storage.googleapis.com/bondar-academy-visuals/Android.png","following":false}},{"slug":"Engaging-in-Live-Zoom-Sessions:-Interact-with-Instructors-and-Peers-Ask-Questions-in-Real-Time-1","title":"Engaging in Live Zoom Sessions: Interact with Instructors and Peers, Ask Questions in Real-Time","description":"In our increasingly online world, personal engagement remains a crucial element of effective learning. At Bondar Academy, we address this by hosting live Zoom sessions. These sessions provide a platform for live interaction between instructors and students, and among students themselves. Complementing our Slack channel, these live sessions offer an additional avenue for asking questions and engaging in meaningful discussions.","body":"In our increasingly online world, personal engagement remains a crucial element of effective learning. \nAt Bondar Academy, we address this by hosting live Zoom sessions. These sessions provide a platform for live interaction between instructors and students and among students themselves. Complementing our Slack channel, these live sessions offer an additional avenue for asking questions and engaging in meaningful discussions.","tagList":["Zoom","Live Sessions"],"createdAt":"2024-01-27T21:39:50.587Z","updatedAt":"2024-01-27T21:39:50.587Z","favorited":false,"favoritesCount":76,"author":{"username":"Artem Bondar","bio":null,"image":"https://storage.googleapis.com/bondar-academy-visuals/Android.png","following":false}},{"slug":"Utilizing-Slack-for-Continuous-Engagement:-Connect-with-Instructors-Share-Insights-and-Collaborate-1","title":"Utilizing Slack for Continuous Engagement: Connect with Instructors, Share Insights, and Collaborate","description":"Slack stands out as a widely-used messaging and collaboration platform, celebrated for its convenience and versatility. It enables simultaneous participation in multiple conversations, supports comments and emoji reactions, and allows users to share screenshots, videos, and code snippets. Its functionality extends to making calls in huddle sessions. Given these robust features, Bondar Academy has chosen Slack as our primary communication platform, facilitating seamless interaction and collaboration.","body":"As a new member of Bondar Academy, one of your initial steps should be registering for the Bondar Academy Slack Workspace. Upon registration at Bondar Academy, you'll receive a welcome email containing the URL to join. This Workspace serves as a central hub for communication with instructors and fellow students. Whether you have a question, need to share code, or want to upload screenshots, Slack makes it easy and efficient. Moreover, its compatibility with both desktop and mobile devices, by downloading and installing the app, ensures you can stay connected with your instructors and the community wherever you go.","tagList":["Slack","Community","Collaboration"],"createdAt":"2024-01-27T21:38:27.992Z","updatedAt":"2024-01-27T21:38:27.992Z","favorited":false,"favoritesCount":72,"author":{"username":"Artem Bondar","bio":null,"image":"https://storage.googleapis.com/bondar-academy-visuals/Android.png","following":false}},{"slug":"Stay-Ahead-with-Bondar-Academy:-Subscribe-to-Our-YouTube-channel-for-Latest-Tech-and-Education-Updates-1","title":"Stay Ahead with Bondar Academy: Subscribe to Our YouTube channel for Latest Tech and Education Updates","description":"Who doesn't appreciate high-quality free resources? YouTube serves as an ideal platform for sharing the latest news, updates, and a wealth of tips and tricks in test automation and technology. Keep abreast of these invaluable insights by subscribing to the @bondaracademy YouTube channel.","body":"Who doesn't appreciate high-quality free resources? \n\nYouTube serves as an ideal platform for sharing the latest news, updates, and a wealth of tips and tricks in test automation and technology. \n\nKeep abreast of these invaluable insights by subscribing to our YouTube channel: https://www.youtube.com/@bondaracademy","tagList":["YouTube"],"createdAt":"2024-01-27T21:36:32.360Z","updatedAt":"2024-01-27T21:36:32.360Z","favorited":false,"favoritesCount":67,"author":{"username":"Artem Bondar","bio":null,"image":"https://storage.googleapis.com/bondar-academy-visuals/Android.png","following":false}},{"slug":"Explore-the-Latest-in-Learning:-Bondar-Academy-Blog's-Educational-Insights-from-Our-Experts-1","title":"Explore the Latest in Learning: Bondar Academy Blog's Educational Insights from Our Experts","description":"Discover a treasure trove of knowledge on the Bondar Academy blog. Here, we share an array of tips, techniques, and valuable educational materials, all designed to keep you abreast of the latest technological trends and best practices. For easy access and continual learning, consider bookmarking our blog in your browser.","body":"On the Bondar Academy blog, we consistently provide insightful and pertinent updates on the latest in technology, test automation, and industry best practices. For your convenience, we recommend adding our blog to your browser's bookmarks. Our commitment to keeping you informed is reflected in our weekly posts, each focusing on a significant topic of the week.\n\nWe value your input and invite you to contribute to our ever-evolving content. If you have any suggestions or specific topics you'd like us to explore, please feel free to share your ideas in the Bondar Academy Slack workspace. \n\nDiscover our blog here: https://www.bondaracademy.com/blog\n","tagList":["Blog"],"createdAt":"2024-01-27T21:34:04.531Z","updatedAt":"2024-01-27T21:34:04.531Z","favorited":false,"favoritesCount":67,"author":{"username":"Artem Bondar","bio":null,"image":"https://storage.googleapis.com/bondar-academy-visuals/Android.png","following":false}},{"slug":"Take-the-Next-Step:-Join-Bondar-Academy-Today-and-Enroll-into-the-class-1","title":"Take the Next Step: Join Bondar Academy Today and Enroll into the class","description":"Are you prepared to transform your educational journey? Begin by signing up at Bondar Academy, then register for our Slack Workspace to start exploring. We offer a range of classes, with some being completely free and others featuring free previews of the initial sections. This allows you to experience our content and teaching approach firsthand, helping you make an informed decision before enrolling in a class.","body":"Are you prepared to transform your educational journey? \n\nBegin by signing up at Bondar Academy, then register for our Slack Workspace to start exploring. We offer a range of classes, with some being completely free and others featuring free previews of the initial sections. This allows you to experience our content and teaching approach firsthand, helping you make an informed decision before enrolling in a class.\n\nClick here to enroll: https://www.bondaracademy.com","tagList":["Enroll","Start for Free"],"createdAt":"2024-01-27T21:32:21.056Z","updatedAt":"2024-01-27T21:32:21.056Z","favorited":false,"favoritesCount":75,"author":{"username":"Artem Bondar","bio":null,"image":"https://storage.googleapis.com/bondar-academy-visuals/Android.png","following":false}}],"articlesCount":10}

16:59:21.751 [pool-3-thread-1] INFO  com.intuit.karate.Suite - <<pass>> feature 1 of 3 (2 remaining) classpath:examples/features/ArticleList.feature
17:13:08.893 [main] DEBUG com.intuit.karate.Suite - [config] classpath:karate-config.js
17:13:08.902 [main] INFO  com.intuit.karate.Suite - backed up existing 'target\karate-reports' dir to: target\karate-reports_1788048788899
17:13:08.910 [main] DEBUG com.intuit.karate.Suite - waiting for 3 features to complete
17:13:10.452 [pool-1-thread-2] INFO  com.intuit.karate - karate.env system property was: null 
17:13:10.452 [pool-1-thread-1] INFO  com.intuit.karate - karate.env system property was: null 
17:13:10.452 [pool-1-thread-3] INFO  com.intuit.karate - karate.env system property was: null 
17:13:10.452 [pool-1-thread-4] INFO  com.intuit.karate - karate.env system property was: null 
17:13:10.534 [pool-1-thread-2] INFO  com.intuit.karate - >> lock acquired, begin callonce: read('classpath:helpers/CreateToken.feature')
17:13:11.056 [pool-1-thread-2] DEBUG com.intuit.karate - request:
1 > POST https://conduit-api.bondaracademy.com/api/users/login
1 > Content-Type: application/json; charset=UTF-8
1 > Content-Length: 59
1 > Host: conduit-api.bondaracademy.com
1 > Connection: Keep-Alive
1 > User-Agent: Apache-HttpClient/4.5.14 (Java/21.0.11)
1 > Accept-Encoding: gzip,deflate
{"user":{"email":"admin@test1.com","password":"admin@123"}}

17:13:11.056 [pool-1-thread-3] DEBUG com.intuit.karate - request:
1 > POST https://conduit-api.bondaracademy.com/api/users
1 > Content-Type: application/json; charset=UTF-8
1 > Content-Length: 57
1 > Host: conduit-api.bondaracademy.com
1 > Connection: Keep-Alive
1 > User-Agent: Apache-HttpClient/4.5.14 (Java/21.0.11)
1 > Accept-Encoding: gzip,deflate
{"user":{"email":"hv","password":"hb","username":"tftf"}}

17:13:11.056 [pool-1-thread-4] DEBUG com.intuit.karate - request:
1 > POST https://conduit-api.bondaracademy.com/api/users
1 > Content-Type: application/json; charset=UTF-8
1 > Content-Length: 63
1 > Host: conduit-api.bondaracademy.com
1 > Connection: Keep-Alive
1 > User-Agent: Apache-HttpClient/4.5.14 (Java/21.0.11)
1 > Accept-Encoding: gzip,deflate
{"user":{"email":"hv@t.com","password":"hb","username":"tftf"}}

17:13:11.056 [pool-1-thread-1] DEBUG com.intuit.karate - request:
1 > POST https://conduit-api.bondaracademy.com/api/users/login
1 > Content-Type: application/json; charset=UTF-8
1 > Content-Length: 59
1 > Host: conduit-api.bondaracademy.com
1 > Connection: Keep-Alive
1 > User-Agent: Apache-HttpClient/4.5.14 (Java/21.0.11)
1 > Accept-Encoding: gzip,deflate
{"user":{"email":"admin@test1.com","password":"admin@123"}}

17:13:11.569 [pool-1-thread-4] DEBUG com.intuit.karate - response time in milliseconds: 508
1 < 422
1 < x-powered-by: Express
1 < vary: Origin
1 < content-type: application/json; charset=utf-8
1 < etag: W/"42-UacmJpJtrjcDwm4VS9rFYwj6xG4"
1 < x-cloud-trace-context: 7364bcebbc2b6db57ebdf58ec8f5eff3;o=1
1 < date: Sun, 30 Aug 2026 00:13:11 GMT
1 < server: Google Frontend
1 < Content-Length: 66
{"errors":{"password":["is too short (minimum is 8 characters)"]}}

17:13:11.569 [pool-1-thread-3] DEBUG com.intuit.karate - response time in milliseconds: 508
1 < 422
1 < x-powered-by: Express
1 < vary: Origin
1 < content-type: application/json; charset=utf-8
1 < etag: W/"59-g1h5q8UyP6j/oSGpN82i2Zi+tV0"
1 < x-cloud-trace-context: 81774096f28923e4047127c5c09f4c09
1 < date: Sun, 30 Aug 2026 00:13:11 GMT
1 < server: Google Frontend
1 < Content-Length: 89
{"errors":{"email":["is invalid"],"password":["is too short (minimum is 8 characters)"]}}

17:13:11.770 [pool-1-thread-2] DEBUG com.intuit.karate - response time in milliseconds: 712
1 < 200
1 < x-powered-by: Express
1 < vary: Origin
1 < content-type: application/json; charset=utf-8
1 < etag: W/"134-ENCYT36HCGySJ+564pNahjRBNvs"
1 < x-cloud-trace-context: 31b5d8d3e9e6eeb6a007063205d1a4cc
1 < date: Sun, 30 Aug 2026 00:13:11 GMT
1 < server: Google Frontend
1 < Content-Length: 308
{"user":{"email":"admin@test1.com","username":"admin129","bio":null,"image":"https://conduit-api.bondaracademy.com/images/smiley-cyrus.jpeg","token":"eyJhbGciOiJIUzI1NiIsInR5cCI6IkpXVCJ9.eyJ1c2VyIjp7ImlkIjo2NDk2NX0sImlhdCI6MTc4ODA0ODc5MSwiZXhwIjoxNzkzMjMyNzkxfQ.xp6v0eZyo50PWYdTamaFDElAz38kig1Wpzq_-X6u7ZM"}}

17:13:11.779 [pool-1-thread-2] INFO  com.intuit.karate - [print] eyJhbGciOiJIUzI1NiIsInR5cCI6IkpXVCJ9.eyJ1c2VyIjp7ImlkIjo2NDk2NX0sImlhdCI6MTc4ODA0ODc5MSwiZXhwIjoxNzkzMjMyNzkxfQ.xp6v0eZyo50PWYdTamaFDElAz38kig1Wpzq_-X6u7ZM 
17:13:11.782 [pool-1-thread-2] INFO  com.intuit.karate - << lock released, cached callonce: read('classpath:helpers/CreateToken.feature')
17:13:11.804 [pool-1-thread-2] DEBUG com.intuit.karate - request:
1 > POST https://conduit-api.bondaracademy.com/api/articles
1 > authorization: Token eyJhbGciOiJIUzI1NiIsInR5cCI6IkpXVCJ9.eyJ1c2VyIjp7ImlkIjo2NDk2NX0sImlhdCI6MTc4ODA0ODc5MSwiZXhwIjoxNzkzMjMyNzkxfQ.xp6v0eZyo50PWYdTamaFDElAz38kig1Wpzq_-X6u7ZM
1 > Content-Type: application/json; charset=UTF-8
1 > Content-Length: 105
1 > Host: conduit-api.bondaracademy.com
1 > Connection: Keep-Alive
1 > User-Agent: Apache-HttpClient/4.5.14 (Java/21.0.11)
1 > Accept-Encoding: gzip,deflate
{"article":{"title":"test article","description":"test article","body":"test article","tagList":["Mou"]}}

17:13:11.811 [pool-1-thread-1] DEBUG com.intuit.karate - response time in milliseconds: 753
1 < 200
1 < x-powered-by: Express
1 < vary: Origin
1 < content-type: application/json; charset=utf-8
1 < etag: W/"134-ENCYT36HCGySJ+564pNahjRBNvs"
1 < x-cloud-trace-context: e1e08583b89c5b798143287aae3b9433
1 < date: Sun, 30 Aug 2026 00:13:11 GMT
1 < server: Google Frontend
1 < Content-Length: 308
{"user":{"email":"admin@test1.com","username":"admin129","bio":null,"image":"https://conduit-api.bondaracademy.com/images/smiley-cyrus.jpeg","token":"eyJhbGciOiJIUzI1NiIsInR5cCI6IkpXVCJ9.eyJ1c2VyIjp7ImlkIjo2NDk2NX0sImlhdCI6MTc4ODA0ODc5MSwiZXhwIjoxNzkzMjMyNzkxfQ.xp6v0eZyo50PWYdTamaFDElAz38kig1Wpzq_-X6u7ZM"}}

17:13:11.820 [pool-1-thread-1] INFO  com.intuit.karate - [print] eyJhbGciOiJIUzI1NiIsInR5cCI6IkpXVCJ9.eyJ1c2VyIjp7ImlkIjo2NDk2NX0sImlhdCI6MTc4ODA0ODc5MSwiZXhwIjoxNzkzMjMyNzkxfQ.xp6v0eZyo50PWYdTamaFDElAz38kig1Wpzq_-X6u7ZM 
17:13:11.838 [pool-1-thread-1] DEBUG com.intuit.karate - request:
1 > POST https://conduit-api.bondaracademy.com/api/users/login
1 > Content-Type: application/json; charset=UTF-8
1 > Content-Length: 59
1 > Host: conduit-api.bondaracademy.com
1 > Connection: Keep-Alive
1 > User-Agent: Apache-HttpClient/4.5.14 (Java/21.0.11)
1 > Accept-Encoding: gzip,deflate
{"user":{"email":"admin@test1.com","password":"admin@123"}}

17:13:12.074 [pool-1-thread-2] DEBUG com.intuit.karate - response time in milliseconds: 270
1 < 201
1 < x-powered-by: Express
1 < vary: Origin
1 < content-type: application/json; charset=utf-8
1 < etag: W/"17f-SJx6lLf9gJ5n8kj4o/vJ52S7/qw"
1 < x-cloud-trace-context: d43058e4815a7e7546a7324de4b26ba3
1 < date: Sun, 30 Aug 2026 00:13:11 GMT
1 < server: Google Frontend
1 < Content-Length: 383
{"article":{"slug":"test-article-64965","title":"test article","description":"test article","body":"test article","tagList":["Mou"],"createdAt":"2026-08-30T00:13:11.884Z","updatedAt":"2026-08-30T00:13:11.884Z","favorited":false,"favoritesCount":0,"author":{"username":"admin129","bio":null,"image":"https://conduit-api.bondaracademy.com/images/smiley-cyrus.jpeg","following":false}}}

17:13:12.078 [pool-1-thread-1] DEBUG com.intuit.karate - response time in milliseconds: 238
1 < 200
1 < x-powered-by: Express
1 < vary: Origin
1 < content-type: application/json; charset=utf-8
1 < etag: W/"134-ENCYT36HCGySJ+564pNahjRBNvs"
1 < x-cloud-trace-context: bc4dbf1a58742214a87fbe32ec27a549
1 < date: Sun, 30 Aug 2026 00:13:11 GMT
1 < server: Google Frontend
1 < Content-Length: 308
{"user":{"email":"admin@test1.com","username":"admin129","bio":null,"image":"https://conduit-api.bondaracademy.com/images/smiley-cyrus.jpeg","token":"eyJhbGciOiJIUzI1NiIsInR5cCI6IkpXVCJ9.eyJ1c2VyIjp7ImlkIjo2NDk2NX0sImlhdCI6MTc4ODA0ODc5MSwiZXhwIjoxNzkzMjMyNzkxfQ.xp6v0eZyo50PWYdTamaFDElAz38kig1Wpzq_-X6u7ZM"}}

17:13:12.083 [pool-1-thread-1] INFO  com.intuit.karate - [print] eyJhbGciOiJIUzI1NiIsInR5cCI6IkpXVCJ9.eyJ1c2VyIjp7ImlkIjo2NDk2NX0sImlhdCI6MTc4ODA0ODc5MSwiZXhwIjoxNzkzMjMyNzkxfQ.xp6v0eZyo50PWYdTamaFDElAz38kig1Wpzq_-X6u7ZM 
17:13:12.095 [pool-1-thread-1] DEBUG com.intuit.karate - request:
1 > GET https://conduit-api.bondaracademy.com/api/articles?limit=10&offset=0
1 > Host: conduit-api.bondaracademy.com
1 > Connection: Keep-Alive
1 > User-Agent: Apache-HttpClient/4.5.14 (Java/21.0.11)
1 > Accept-Encoding: gzip,deflate


17:13:12.107 [pool-1-thread-2] DEBUG com.intuit.karate - request:
2 > DELETE https://conduit-api.bondaracademy.com/api/articles/test-article-64965
2 > authorization: Token eyJhbGciOiJIUzI1NiIsInR5cCI6IkpXVCJ9.eyJ1c2VyIjp7ImlkIjo2NDk2NX0sImlhdCI6MTc4ODA0ODc5MSwiZXhwIjoxNzkzMjMyNzkxfQ.xp6v0eZyo50PWYdTamaFDElAz38kig1Wpzq_-X6u7ZM
2 > Host: conduit-api.bondaracademy.com
2 > Connection: Keep-Alive
2 > User-Agent: Apache-HttpClient/4.5.14 (Java/21.0.11)
2 > Accept-Encoding: gzip,deflate


17:13:12.303 [pool-1-thread-2] DEBUG com.intuit.karate - response time in milliseconds: 194
2 < 204
2 < x-powered-by: Express
2 < vary: Origin
2 < etag: W/"a-bAsFyilMr4Ra1hIU5PyoyFRunpI"
2 < x-cloud-trace-context: b4b6f6022926843e938b1e2d87bb99a9
2 < date: Sun, 30 Aug 2026 00:13:12 GMT
2 < content-type: text/html
2 < server: Google Frontend


17:13:12.943 [pool-1-thread-1] DEBUG com.intuit.karate - response time in milliseconds: 845
1 < 200
1 < x-powered-by: Express
1 < vary: Origin
1 < content-type: application/json; charset=utf-8
1 < etag: W/"43a9-46vzj+oI8pt/OwQfezo2HqTiwpI"
1 < x-cloud-trace-context: 1352ed1063be6f2b7a45bd8359ca6ebf
1 < date: Sun, 30 Aug 2026 00:13:12 GMT
1 < server: Google Frontend
1 < Content-Length: 17321
{"articles":[{"slug":"Discover-Bondar-Academy:-Your-Gateway-to-Efficient-Learning-1","title":"Discover Bondar Academy: Your Gateway to Efficient Learning","description":"Discover Bondar Academy's unique place in the educational landscape, where value-focused and efficient learning approaches converge. Our goal is to rapidly enhance your professional technical skills, boosting your market competitiveness and paving the way for higher-paying job opportunities. The speed of your progress is in your hands – you set the pace, and we provide the solutions and support to help you achieve your desired outcomes.","body":"Bondar Academy is a leading platform for efficient education, designed to boost your technical skills and advance your career in Quality Assurance (QA). Our program features a balanced mix of pre-recorded lectures and live sessions, allowing each student to study at their own pace and at a time that suits them. \n\nOur instructors are readily available on our Slack Workspace for support. Whether it's a quick question or a more complex issue requiring a Zoom call or Slack Huddle for screen sharing and live discussion, we're here to assist. Additionally, each class comes with a comprehensive question bank for self-assessment. Following each lecture, you have the opportunity to validate your understanding and readiness to progress to the next topic. You set the pace, and we provide the solutions to ensure you achieve your desired outcomes.\n\nSignUp today: https://www.bondaracademy.com","tagList":["qa career","Bondar Academy","QA Skills","Value-Focused"],"createdAt":"2024-01-27T21:52:32.682Z","updatedAt":"2024-01-27T21:52:32.682Z","favorited":false,"favoritesCount":2217,"author":{"username":"Artem Bondar","bio":null,"image":"https://storage.googleapis.com/bondar-academy-visuals/Android.png","following":false}},{"slug":"The-value-of-pre-recorded-video-classes.-The-most-efficient-approach-to-tranfer-the-knowledge-1","title":"The value of pre-recorded video classes. The most efficient approach to tranfer the knowledge","description":"As educational practices evolve, video tutorials have emerged as the most efficient method for imparting theoretical knowledge. At Bondar Academy, we prioritize expertly structured and crafted video tutorials, ensuring you learn quickly and effectively and advance your skills.","body":"At Bondar Academy, we prioritize the value of your time and the efficiency of your education, distinguishing our approach from traditional colleges and live boot camps. Forget long, tedious live lectures on a fixed schedule. With us, you learn at your convenience and pace through optimized, structured video lectures. \n\nWe understand your goal is rapid knowledge acquisition. Our pre-recorded and well-organized lectures are designed precisely for this, ensuring no slowdowns from group dynamics or unrelated instructor anecdotes. \n\nDive straight into the subject matter, learn efficiently, and if questions arise, our immediate support on the Slack Workspace is there to streamline your learning process and swiftly remove any roadblocks.","tagList":["Bondar Academy","Video Lectures","Tutorials"],"createdAt":"2024-01-27T21:50:38.825Z","updatedAt":"2024-01-27T21:50:38.825Z","favorited":false,"favoritesCount":483,"author":{"username":"Artem Bondar","bio":null,"image":"https://storage.googleapis.com/bondar-academy-visuals/Android.png","following":false}},{"slug":"Mastering-Knowledge-with-Self-Assessments:-Identifying-and-Bridging-Learning-Gaps-in-Education-1","title":"Mastering Knowledge with Self-Assessments: Identifying and Bridging Learning Gaps in Education","description":"Self-assessment is an essential tool for gauging your understanding of lecture material. It answers critical questions: Have you grasped everything correctly? Is there anything you've missed? Are you prepared for the next lesson? These assessments ensure that you build a solid foundation of knowledge, confidently and efficiently paving the way for swift progress and effective learning outcomes.","body":"Traditional educational institutions, such as colleges and universities, commonly use tests and assessments to measure knowledge. This approach is effective for gauging student performance, but it's not without drawbacks. In these settings, assessments after every lecture aren't feasible due to the time required for teachers to evaluate them. This often leads to students having a false sense of understanding, believing they've comprehended all aspects of a lecture when, in reality, small but crucial details might be missed. These 'knowledge gaps' can accumulate, making more complex topics difficult to grasp later on.\n\nAt Bondar Academy, we address this challenge by implementing self-assessments after every lecture. These are designed to cover key questions that ensure a thorough understanding of the material, essential for comfort and success in future lectures. The number of questions varies, ranging from 3-4 to 15-20, depending on the lecture's significance and the volume of critical information. With these self-assessments, students receive immediate feedback, helping them determine if they've fully understood the lecture or if they need to revisit certain parts or seek assistance from our instructors in the Slack Workspace.","tagList":["Self-Assessment","Test","Exam"],"createdAt":"2024-01-27T21:48:36.340Z","updatedAt":"2024-01-27T21:48:36.340Z","favorited":false,"favoritesCount":247,"author":{"username":"Artem Bondar","bio":null,"image":"https://storage.googleapis.com/bondar-academy-visuals/Android.png","following":false}},{"slug":"Practical-Implementation-of-Skills:-Homework-Assignments-with-Instructor-Supervision-1","title":"Practical Implementation of Skills: Homework Assignments with Instructor Supervision","description":"Knowledge or skills not reinforced through practical exercises can quickly fade, often faster than anticipated. Homework, particularly in tasks like writing your own code, is crucial for honing these skills and cementing your understanding. At Bondar Academy, we ensure this vital step by assigning homework, rigorously evaluating the outcomes, and providing valuable feedback to guide your learning journey.","body":"Homework assignments are a fundamental component of the educational methodology at Bondar Academy, especially in technical education where learning a new programming language or framework is involved. The key to mastering these skills lies in writing code; the more you write, the better you become. However, merely replicating code seen in lectures leads to minimal learning. Often, this approach leaves students unclear about why their code works the way it does, as they focus on copying rather than understanding.\n\nA homework assignment at Bondar Academy starts with a blank page, challenging students to apply all their knowledge to write the first line of code. This process is more demanding than it appears. As you write each line, understanding and reasoning grow, making your code meaningful and comprehensible. You learn to write code that makes sense to you, enhancing your understanding.\n\nIn completing these assignments, you engage the 'thinking' part of your brain, transforming theoretical knowledge into practical skills. Recognizing the crucial role of homework in learning, our instructors at Bondar Academy are always available to assist with any challenges. Just reach out on Slack, and you'll receive the guidance and support needed for successful completion. At Bondar Academy, we fully understand the importance of homework assignments for the best outcome, so our instructors are always here to assist if you have any difficulties with completing them. Just ask in Slack and you'll be guided and assisted.","tagList":["Homework","Assignments","Practice","Coding"],"createdAt":"2024-01-27T21:46:09.512Z","updatedAt":"2024-01-27T21:46:09.512Z","favorited":false,"favoritesCount":115,"author":{"username":"Artem Bondar","bio":null,"image":"https://storage.googleapis.com/bondar-academy-visuals/Android.png","following":false}},{"slug":"Embracing-Daily-Git-Routines:-Real-Code-Reviews-on-GitHub-for-Effective-Coding-Practice.-1","title":"Embracing Daily Git Routines: Real Code Reviews on GitHub for Effective Coding Practice.","description":"Learning to code is just one part of a larger skill set; effectively managing and organizing code is equally crucial. At Bondar Academy, we integrate Git and platforms like GitHub into the core learning cycle. With us, using Git becomes a regular routine, where organizing code in branches, storing it in remote repositories, and collaborating with others through strategies like branching, merging, pull requests, and code reviews are standard practice.","body":"At Bondar Academy, mastering Git and GitHub is a fundamental step before delving into frameworks or programming languages. Effective code management, organization, and storage are crucial skills, and Git is the premier tool for this purpose. However, many learners initially find Git challenging due to its complexity and non-intuitive nature. To address this, our instructors have developed structured lectures on Git and GitHub, ensuring an efficient and thorough understanding of these essential tools. Git lessons are a mandatory prerequisite in every class. For a glimpse into our teaching approach, visit our YouTube channel: https://www.youtube.com/@BondarAcademy/playlists.\n\nIn our courses, all homework assignments are reviewed using GitHub pull requests, mirroring the workflow in real-world software development environments. Students submit their code to their working branch for review. Our instructors then provide feedback, suggesting modifications or adjustments for pull request approval. This iterative process is repeated throughout the course, establishing Git usage as a natural and routine part of your coding practice.","tagList":["YouTube","Git","GitHub"],"createdAt":"2024-01-27T21:42:31.491Z","updatedAt":"2024-01-27T21:42:31.491Z","favorited":false,"favoritesCount":104,"author":{"username":"Artem Bondar","bio":null,"image":"https://storage.googleapis.com/bondar-academy-visuals/Android.png","following":false}},{"slug":"Engaging-in-Live-Zoom-Sessions:-Interact-with-Instructors-and-Peers-Ask-Questions-in-Real-Time-1","title":"Engaging in Live Zoom Sessions: Interact with Instructors and Peers, Ask Questions in Real-Time","description":"In our increasingly online world, personal engagement remains a crucial element of effective learning. At Bondar Academy, we address this by hosting live Zoom sessions. These sessions provide a platform for live interaction between instructors and students, and among students themselves. Complementing our Slack channel, these live sessions offer an additional avenue for asking questions and engaging in meaningful discussions.","body":"In our increasingly online world, personal engagement remains a crucial element of effective learning. \nAt Bondar Academy, we address this by hosting live Zoom sessions. These sessions provide a platform for live interaction between instructors and students and among students themselves. Complementing our Slack channel, these live sessions offer an additional avenue for asking questions and engaging in meaningful discussions.","tagList":["Zoom","Live Sessions"],"createdAt":"2024-01-27T21:39:50.587Z","updatedAt":"2024-01-27T21:39:50.587Z","favorited":false,"favoritesCount":76,"author":{"username":"Artem Bondar","bio":null,"image":"https://storage.googleapis.com/bondar-academy-visuals/Android.png","following":false}},{"slug":"Utilizing-Slack-for-Continuous-Engagement:-Connect-with-Instructors-Share-Insights-and-Collaborate-1","title":"Utilizing Slack for Continuous Engagement: Connect with Instructors, Share Insights, and Collaborate","description":"Slack stands out as a widely-used messaging and collaboration platform, celebrated for its convenience and versatility. It enables simultaneous participation in multiple conversations, supports comments and emoji reactions, and allows users to share screenshots, videos, and code snippets. Its functionality extends to making calls in huddle sessions. Given these robust features, Bondar Academy has chosen Slack as our primary communication platform, facilitating seamless interaction and collaboration.","body":"As a new member of Bondar Academy, one of your initial steps should be registering for the Bondar Academy Slack Workspace. Upon registration at Bondar Academy, you'll receive a welcome email containing the URL to join. This Workspace serves as a central hub for communication with instructors and fellow students. Whether you have a question, need to share code, or want to upload screenshots, Slack makes it easy and efficient. Moreover, its compatibility with both desktop and mobile devices, by downloading and installing the app, ensures you can stay connected with your instructors and the community wherever you go.","tagList":["Slack","Community","Collaboration"],"createdAt":"2024-01-27T21:38:27.992Z","updatedAt":"2024-01-27T21:38:27.992Z","favorited":false,"favoritesCount":72,"author":{"username":"Artem Bondar","bio":null,"image":"https://storage.googleapis.com/bondar-academy-visuals/Android.png","following":false}},{"slug":"Stay-Ahead-with-Bondar-Academy:-Subscribe-to-Our-YouTube-channel-for-Latest-Tech-and-Education-Updates-1","title":"Stay Ahead with Bondar Academy: Subscribe to Our YouTube channel for Latest Tech and Education Updates","description":"Who doesn't appreciate high-quality free resources? YouTube serves as an ideal platform for sharing the latest news, updates, and a wealth of tips and tricks in test automation and technology. Keep abreast of these invaluable insights by subscribing to the @bondaracademy YouTube channel.","body":"Who doesn't appreciate high-quality free resources? \n\nYouTube serves as an ideal platform for sharing the latest news, updates, and a wealth of tips and tricks in test automation and technology. \n\nKeep abreast of these invaluable insights by subscribing to our YouTube channel: https://www.youtube.com/@bondaracademy","tagList":["YouTube"],"createdAt":"2024-01-27T21:36:32.360Z","updatedAt":"2024-01-27T21:36:32.360Z","favorited":false,"favoritesCount":67,"author":{"username":"Artem Bondar","bio":null,"image":"https://storage.googleapis.com/bondar-academy-visuals/Android.png","following":false}},{"slug":"Explore-the-Latest-in-Learning:-Bondar-Academy-Blog's-Educational-Insights-from-Our-Experts-1","title":"Explore the Latest in Learning: Bondar Academy Blog's Educational Insights from Our Experts","description":"Discover a treasure trove of knowledge on the Bondar Academy blog. Here, we share an array of tips, techniques, and valuable educational materials, all designed to keep you abreast of the latest technological trends and best practices. For easy access and continual learning, consider bookmarking our blog in your browser.","body":"On the Bondar Academy blog, we consistently provide insightful and pertinent updates on the latest in technology, test automation, and industry best practices. For your convenience, we recommend adding our blog to your browser's bookmarks. Our commitment to keeping you informed is reflected in our weekly posts, each focusing on a significant topic of the week.\n\nWe value your input and invite you to contribute to our ever-evolving content. If you have any suggestions or specific topics you'd like us to explore, please feel free to share your ideas in the Bondar Academy Slack workspace. \n\nDiscover our blog here: https://www.bondaracademy.com/blog\n","tagList":["Blog"],"createdAt":"2024-01-27T21:34:04.531Z","updatedAt":"2024-01-27T21:34:04.531Z","favorited":false,"favoritesCount":67,"author":{"username":"Artem Bondar","bio":null,"image":"https://storage.googleapis.com/bondar-academy-visuals/Android.png","following":false}},{"slug":"Take-the-Next-Step:-Join-Bondar-Academy-Today-and-Enroll-into-the-class-1","title":"Take the Next Step: Join Bondar Academy Today and Enroll into the class","description":"Are you prepared to transform your educational journey? Begin by signing up at Bondar Academy, then register for our Slack Workspace to start exploring. We offer a range of classes, with some being completely free and others featuring free previews of the initial sections. This allows you to experience our content and teaching approach firsthand, helping you make an informed decision before enrolling in a class.","body":"Are you prepared to transform your educational journey? \n\nBegin by signing up at Bondar Academy, then register for our Slack Workspace to start exploring. We offer a range of classes, with some being completely free and others featuring free previews of the initial sections. This allows you to experience our content and teaching approach firsthand, helping you make an informed decision before enrolling in a class.\n\nClick here to enroll: https://www.bondaracademy.com","tagList":["Enroll","Start for Free"],"createdAt":"2024-01-27T21:32:21.056Z","updatedAt":"2024-01-27T21:32:21.056Z","favorited":false,"favoritesCount":75,"author":{"username":"Artem Bondar","bio":null,"image":"https://storage.googleapis.com/bondar-academy-visuals/Android.png","following":false}}],"articlesCount":10}

17:13:13.983 [pool-2-thread-1] INFO  com.intuit.karate.Suite - <<pass>> feature 1 of 3 (2 remaining) classpath:examples/features/ArticleList.feature
17:13:14.345 [pool-2-thread-1] INFO  com.intuit.karate.Suite - <<pass>> feature 2 of 3 (1 remaining) classpath:examples/features/CreateArticle.feature
17:13:14.423 [pool-2-thread-1] INFO  com.intuit.karate.Suite - <<pass>> feature 3 of 3 (0 remaining) classpath:examples/features/Signup.feature
18:56:19.017 [main] INFO  com.intuit.karate.Runner - using system property 'karate.options': --tags @articlelist
18:56:20.130 [main] DEBUG com.intuit.karate.Suite - [config] classpath:karate-config.js
18:56:20.133 [main] INFO  com.intuit.karate.Suite - backed up existing 'target\karate-reports' dir to: target\karate-reports_1788054980130
18:56:20.138 [main] DEBUG com.intuit.karate.Suite - waiting for 3 features to complete
18:56:21.655 [pool-2-thread-1] INFO  com.intuit.karate - karate.env system property was: null 
18:56:22.032 [pool-2-thread-1] DEBUG com.intuit.karate - request:
1 > POST https://conduit-api.bondaracademy.com/api/users/login
1 > Content-Type: application/json; charset=UTF-8
1 > Content-Length: 59
1 > Host: conduit-api.bondaracademy.com
1 > Connection: Keep-Alive
1 > User-Agent: Apache-HttpClient/4.5.14 (Java/25.0.4)
1 > Accept-Encoding: gzip,deflate
{"user":{"email":"admin@test1.com","password":"admin@123"}}

18:56:23.204 [pool-2-thread-1] DEBUG com.intuit.karate - response time in milliseconds: 1165
1 < 200
1 < x-powered-by: Express
1 < vary: Origin
1 < content-type: application/json; charset=utf-8
1 < etag: W/"134-rAkoVsATN7yufq7ASI+9j7GkT/I"
1 < x-cloud-trace-context: 3bacabe02adfeb3c8e1e2cd80b5e895d;o=1
1 < date: Sun, 30 Aug 2026 01:56:22 GMT
1 < server: Google Frontend
1 < Content-Length: 308
{"user":{"email":"admin@test1.com","username":"admin129","bio":null,"image":"https://conduit-api.bondaracademy.com/images/smiley-cyrus.jpeg","token":"eyJhbGciOiJIUzI1NiIsInR5cCI6IkpXVCJ9.eyJ1c2VyIjp7ImlkIjo2NDk2NX0sImlhdCI6MTc4ODA1NDk4MiwiZXhwIjoxNzkzMjM4OTgyfQ.2Jzi9bHD_CvdpjqaXUIXclgF1Aj_FO0WG6GptRvIzaE"}}

18:56:23.219 [pool-2-thread-1] INFO  com.intuit.karate - [print] eyJhbGciOiJIUzI1NiIsInR5cCI6IkpXVCJ9.eyJ1c2VyIjp7ImlkIjo2NDk2NX0sImlhdCI6MTc4ODA1NDk4MiwiZXhwIjoxNzkzMjM4OTgyfQ.2Jzi9bHD_CvdpjqaXUIXclgF1Aj_FO0WG6GptRvIzaE 
18:56:23.235 [pool-2-thread-1] DEBUG com.intuit.karate - request:
1 > POST https://conduit-api.bondaracademy.com/api/users/login
1 > Content-Type: application/json; charset=UTF-8
1 > Content-Length: 59
1 > Host: conduit-api.bondaracademy.com
1 > Connection: Keep-Alive
1 > User-Agent: Apache-HttpClient/4.5.14 (Java/25.0.4)
1 > Accept-Encoding: gzip,deflate
{"user":{"email":"admin@test1.com","password":"admin@123"}}

18:56:23.554 [pool-2-thread-1] DEBUG com.intuit.karate - response time in milliseconds: 318
1 < 200
1 < x-powered-by: Express
1 < vary: Origin
1 < content-type: application/json; charset=utf-8
1 < etag: W/"134-rAkoVsATN7yufq7ASI+9j7GkT/I"
1 < x-cloud-trace-context: 043835bffdf093e3cf2bfbaae340ef38
1 < date: Sun, 30 Aug 2026 01:56:22 GMT
1 < server: Google Frontend
1 < Content-Length: 308
{"user":{"email":"admin@test1.com","username":"admin129","bio":null,"image":"https://conduit-api.bondaracademy.com/images/smiley-cyrus.jpeg","token":"eyJhbGciOiJIUzI1NiIsInR5cCI6IkpXVCJ9.eyJ1c2VyIjp7ImlkIjo2NDk2NX0sImlhdCI6MTc4ODA1NDk4MiwiZXhwIjoxNzkzMjM4OTgyfQ.2Jzi9bHD_CvdpjqaXUIXclgF1Aj_FO0WG6GptRvIzaE"}}

18:56:23.562 [pool-2-thread-1] INFO  com.intuit.karate - [print] eyJhbGciOiJIUzI1NiIsInR5cCI6IkpXVCJ9.eyJ1c2VyIjp7ImlkIjo2NDk2NX0sImlhdCI6MTc4ODA1NDk4MiwiZXhwIjoxNzkzMjM4OTgyfQ.2Jzi9bHD_CvdpjqaXUIXclgF1Aj_FO0WG6GptRvIzaE 
18:56:23.573 [pool-2-thread-1] DEBUG com.intuit.karate - request:
1 > GET https://conduit-api.bondaracademy.com/api/articles?limit=10&offset=0
1 > Host: conduit-api.bondaracademy.com
1 > Connection: Keep-Alive
1 > User-Agent: Apache-HttpClient/4.5.14 (Java/25.0.4)
1 > Accept-Encoding: gzip,deflate


18:56:24.839 [pool-2-thread-1] DEBUG com.intuit.karate - response time in milliseconds: 1264
1 < 200
1 < x-powered-by: Express
1 < vary: Origin
1 < content-type: application/json; charset=utf-8
1 < etag: W/"43a9-46vzj+oI8pt/OwQfezo2HqTiwpI"
1 < x-cloud-trace-context: 425d2f6b85d2b36ef8765b6d61a853ed
1 < date: Sun, 30 Aug 2026 01:56:24 GMT
1 < server: Google Frontend
1 < Content-Length: 17321
{"articles":[{"slug":"Discover-Bondar-Academy:-Your-Gateway-to-Efficient-Learning-1","title":"Discover Bondar Academy: Your Gateway to Efficient Learning","description":"Discover Bondar Academy's unique place in the educational landscape, where value-focused and efficient learning approaches converge. Our goal is to rapidly enhance your professional technical skills, boosting your market competitiveness and paving the way for higher-paying job opportunities. The speed of your progress is in your hands – you set the pace, and we provide the solutions and support to help you achieve your desired outcomes.","body":"Bondar Academy is a leading platform for efficient education, designed to boost your technical skills and advance your career in Quality Assurance (QA). Our program features a balanced mix of pre-recorded lectures and live sessions, allowing each student to study at their own pace and at a time that suits them. \n\nOur instructors are readily available on our Slack Workspace for support. Whether it's a quick question or a more complex issue requiring a Zoom call or Slack Huddle for screen sharing and live discussion, we're here to assist. Additionally, each class comes with a comprehensive question bank for self-assessment. Following each lecture, you have the opportunity to validate your understanding and readiness to progress to the next topic. You set the pace, and we provide the solutions to ensure you achieve your desired outcomes.\n\nSignUp today: https://www.bondaracademy.com","tagList":["qa career","Bondar Academy","QA Skills","Value-Focused"],"createdAt":"2024-01-27T21:52:32.682Z","updatedAt":"2024-01-27T21:52:32.682Z","favorited":false,"favoritesCount":2217,"author":{"username":"Artem Bondar","bio":null,"image":"https://storage.googleapis.com/bondar-academy-visuals/Android.png","following":false}},{"slug":"The-value-of-pre-recorded-video-classes.-The-most-efficient-approach-to-tranfer-the-knowledge-1","title":"The value of pre-recorded video classes. The most efficient approach to tranfer the knowledge","description":"As educational practices evolve, video tutorials have emerged as the most efficient method for imparting theoretical knowledge. At Bondar Academy, we prioritize expertly structured and crafted video tutorials, ensuring you learn quickly and effectively and advance your skills.","body":"At Bondar Academy, we prioritize the value of your time and the efficiency of your education, distinguishing our approach from traditional colleges and live boot camps. Forget long, tedious live lectures on a fixed schedule. With us, you learn at your convenience and pace through optimized, structured video lectures. \n\nWe understand your goal is rapid knowledge acquisition. Our pre-recorded and well-organized lectures are designed precisely for this, ensuring no slowdowns from group dynamics or unrelated instructor anecdotes. \n\nDive straight into the subject matter, learn efficiently, and if questions arise, our immediate support on the Slack Workspace is there to streamline your learning process and swiftly remove any roadblocks.","tagList":["Bondar Academy","Video Lectures","Tutorials"],"createdAt":"2024-01-27T21:50:38.825Z","updatedAt":"2024-01-27T21:50:38.825Z","favorited":false,"favoritesCount":483,"author":{"username":"Artem Bondar","bio":null,"image":"https://storage.googleapis.com/bondar-academy-visuals/Android.png","following":false}},{"slug":"Mastering-Knowledge-with-Self-Assessments:-Identifying-and-Bridging-Learning-Gaps-in-Education-1","title":"Mastering Knowledge with Self-Assessments: Identifying and Bridging Learning Gaps in Education","description":"Self-assessment is an essential tool for gauging your understanding of lecture material. It answers critical questions: Have you grasped everything correctly? Is there anything you've missed? Are you prepared for the next lesson? These assessments ensure that you build a solid foundation of knowledge, confidently and efficiently paving the way for swift progress and effective learning outcomes.","body":"Traditional educational institutions, such as colleges and universities, commonly use tests and assessments to measure knowledge. This approach is effective for gauging student performance, but it's not without drawbacks. In these settings, assessments after every lecture aren't feasible due to the time required for teachers to evaluate them. This often leads to students having a false sense of understanding, believing they've comprehended all aspects of a lecture when, in reality, small but crucial details might be missed. These 'knowledge gaps' can accumulate, making more complex topics difficult to grasp later on.\n\nAt Bondar Academy, we address this challenge by implementing self-assessments after every lecture. These are designed to cover key questions that ensure a thorough understanding of the material, essential for comfort and success in future lectures. The number of questions varies, ranging from 3-4 to 15-20, depending on the lecture's significance and the volume of critical information. With these self-assessments, students receive immediate feedback, helping them determine if they've fully understood the lecture or if they need to revisit certain parts or seek assistance from our instructors in the Slack Workspace.","tagList":["Self-Assessment","Test","Exam"],"createdAt":"2024-01-27T21:48:36.340Z","updatedAt":"2024-01-27T21:48:36.340Z","favorited":false,"favoritesCount":247,"author":{"username":"Artem Bondar","bio":null,"image":"https://storage.googleapis.com/bondar-academy-visuals/Android.png","following":false}},{"slug":"Practical-Implementation-of-Skills:-Homework-Assignments-with-Instructor-Supervision-1","title":"Practical Implementation of Skills: Homework Assignments with Instructor Supervision","description":"Knowledge or skills not reinforced through practical exercises can quickly fade, often faster than anticipated. Homework, particularly in tasks like writing your own code, is crucial for honing these skills and cementing your understanding. At Bondar Academy, we ensure this vital step by assigning homework, rigorously evaluating the outcomes, and providing valuable feedback to guide your learning journey.","body":"Homework assignments are a fundamental component of the educational methodology at Bondar Academy, especially in technical education where learning a new programming language or framework is involved. The key to mastering these skills lies in writing code; the more you write, the better you become. However, merely replicating code seen in lectures leads to minimal learning. Often, this approach leaves students unclear about why their code works the way it does, as they focus on copying rather than understanding.\n\nA homework assignment at Bondar Academy starts with a blank page, challenging students to apply all their knowledge to write the first line of code. This process is more demanding than it appears. As you write each line, understanding and reasoning grow, making your code meaningful and comprehensible. You learn to write code that makes sense to you, enhancing your understanding.\n\nIn completing these assignments, you engage the 'thinking' part of your brain, transforming theoretical knowledge into practical skills. Recognizing the crucial role of homework in learning, our instructors at Bondar Academy are always available to assist with any challenges. Just reach out on Slack, and you'll receive the guidance and support needed for successful completion. At Bondar Academy, we fully understand the importance of homework assignments for the best outcome, so our instructors are always here to assist if you have any difficulties with completing them. Just ask in Slack and you'll be guided and assisted.","tagList":["Homework","Assignments","Practice","Coding"],"createdAt":"2024-01-27T21:46:09.512Z","updatedAt":"2024-01-27T21:46:09.512Z","favorited":false,"favoritesCount":115,"author":{"username":"Artem Bondar","bio":null,"image":"https://storage.googleapis.com/bondar-academy-visuals/Android.png","following":false}},{"slug":"Embracing-Daily-Git-Routines:-Real-Code-Reviews-on-GitHub-for-Effective-Coding-Practice.-1","title":"Embracing Daily Git Routines: Real Code Reviews on GitHub for Effective Coding Practice.","description":"Learning to code is just one part of a larger skill set; effectively managing and organizing code is equally crucial. At Bondar Academy, we integrate Git and platforms like GitHub into the core learning cycle. With us, using Git becomes a regular routine, where organizing code in branches, storing it in remote repositories, and collaborating with others through strategies like branching, merging, pull requests, and code reviews are standard practice.","body":"At Bondar Academy, mastering Git and GitHub is a fundamental step before delving into frameworks or programming languages. Effective code management, organization, and storage are crucial skills, and Git is the premier tool for this purpose. However, many learners initially find Git challenging due to its complexity and non-intuitive nature. To address this, our instructors have developed structured lectures on Git and GitHub, ensuring an efficient and thorough understanding of these essential tools. Git lessons are a mandatory prerequisite in every class. For a glimpse into our teaching approach, visit our YouTube channel: https://www.youtube.com/@BondarAcademy/playlists.\n\nIn our courses, all homework assignments are reviewed using GitHub pull requests, mirroring the workflow in real-world software development environments. Students submit their code to their working branch for review. Our instructors then provide feedback, suggesting modifications or adjustments for pull request approval. This iterative process is repeated throughout the course, establishing Git usage as a natural and routine part of your coding practice.","tagList":["YouTube","Git","GitHub"],"createdAt":"2024-01-27T21:42:31.491Z","updatedAt":"2024-01-27T21:42:31.491Z","favorited":false,"favoritesCount":104,"author":{"username":"Artem Bondar","bio":null,"image":"https://storage.googleapis.com/bondar-academy-visuals/Android.png","following":false}},{"slug":"Engaging-in-Live-Zoom-Sessions:-Interact-with-Instructors-and-Peers-Ask-Questions-in-Real-Time-1","title":"Engaging in Live Zoom Sessions: Interact with Instructors and Peers, Ask Questions in Real-Time","description":"In our increasingly online world, personal engagement remains a crucial element of effective learning. At Bondar Academy, we address this by hosting live Zoom sessions. These sessions provide a platform for live interaction between instructors and students, and among students themselves. Complementing our Slack channel, these live sessions offer an additional avenue for asking questions and engaging in meaningful discussions.","body":"In our increasingly online world, personal engagement remains a crucial element of effective learning. \nAt Bondar Academy, we address this by hosting live Zoom sessions. These sessions provide a platform for live interaction between instructors and students and among students themselves. Complementing our Slack channel, these live sessions offer an additional avenue for asking questions and engaging in meaningful discussions.","tagList":["Zoom","Live Sessions"],"createdAt":"2024-01-27T21:39:50.587Z","updatedAt":"2024-01-27T21:39:50.587Z","favorited":false,"favoritesCount":76,"author":{"username":"Artem Bondar","bio":null,"image":"https://storage.googleapis.com/bondar-academy-visuals/Android.png","following":false}},{"slug":"Utilizing-Slack-for-Continuous-Engagement:-Connect-with-Instructors-Share-Insights-and-Collaborate-1","title":"Utilizing Slack for Continuous Engagement: Connect with Instructors, Share Insights, and Collaborate","description":"Slack stands out as a widely-used messaging and collaboration platform, celebrated for its convenience and versatility. It enables simultaneous participation in multiple conversations, supports comments and emoji reactions, and allows users to share screenshots, videos, and code snippets. Its functionality extends to making calls in huddle sessions. Given these robust features, Bondar Academy has chosen Slack as our primary communication platform, facilitating seamless interaction and collaboration.","body":"As a new member of Bondar Academy, one of your initial steps should be registering for the Bondar Academy Slack Workspace. Upon registration at Bondar Academy, you'll receive a welcome email containing the URL to join. This Workspace serves as a central hub for communication with instructors and fellow students. Whether you have a question, need to share code, or want to upload screenshots, Slack makes it easy and efficient. Moreover, its compatibility with both desktop and mobile devices, by downloading and installing the app, ensures you can stay connected with your instructors and the community wherever you go.","tagList":["Slack","Community","Collaboration"],"createdAt":"2024-01-27T21:38:27.992Z","updatedAt":"2024-01-27T21:38:27.992Z","favorited":false,"favoritesCount":72,"author":{"username":"Artem Bondar","bio":null,"image":"https://storage.googleapis.com/bondar-academy-visuals/Android.png","following":false}},{"slug":"Stay-Ahead-with-Bondar-Academy:-Subscribe-to-Our-YouTube-channel-for-Latest-Tech-and-Education-Updates-1","title":"Stay Ahead with Bondar Academy: Subscribe to Our YouTube channel for Latest Tech and Education Updates","description":"Who doesn't appreciate high-quality free resources? YouTube serves as an ideal platform for sharing the latest news, updates, and a wealth of tips and tricks in test automation and technology. Keep abreast of these invaluable insights by subscribing to the @bondaracademy YouTube channel.","body":"Who doesn't appreciate high-quality free resources? \n\nYouTube serves as an ideal platform for sharing the latest news, updates, and a wealth of tips and tricks in test automation and technology. \n\nKeep abreast of these invaluable insights by subscribing to our YouTube channel: https://www.youtube.com/@bondaracademy","tagList":["YouTube"],"createdAt":"2024-01-27T21:36:32.360Z","updatedAt":"2024-01-27T21:36:32.360Z","favorited":false,"favoritesCount":67,"author":{"username":"Artem Bondar","bio":null,"image":"https://storage.googleapis.com/bondar-academy-visuals/Android.png","following":false}},{"slug":"Explore-the-Latest-in-Learning:-Bondar-Academy-Blog's-Educational-Insights-from-Our-Experts-1","title":"Explore the Latest in Learning: Bondar Academy Blog's Educational Insights from Our Experts","description":"Discover a treasure trove of knowledge on the Bondar Academy blog. Here, we share an array of tips, techniques, and valuable educational materials, all designed to keep you abreast of the latest technological trends and best practices. For easy access and continual learning, consider bookmarking our blog in your browser.","body":"On the Bondar Academy blog, we consistently provide insightful and pertinent updates on the latest in technology, test automation, and industry best practices. For your convenience, we recommend adding our blog to your browser's bookmarks. Our commitment to keeping you informed is reflected in our weekly posts, each focusing on a significant topic of the week.\n\nWe value your input and invite you to contribute to our ever-evolving content. If you have any suggestions or specific topics you'd like us to explore, please feel free to share your ideas in the Bondar Academy Slack workspace. \n\nDiscover our blog here: https://www.bondaracademy.com/blog\n","tagList":["Blog"],"createdAt":"2024-01-27T21:34:04.531Z","updatedAt":"2024-01-27T21:34:04.531Z","favorited":false,"favoritesCount":67,"author":{"username":"Artem Bondar","bio":null,"image":"https://storage.googleapis.com/bondar-academy-visuals/Android.png","following":false}},{"slug":"Take-the-Next-Step:-Join-Bondar-Academy-Today-and-Enroll-into-the-class-1","title":"Take the Next Step: Join Bondar Academy Today and Enroll into the class","description":"Are you prepared to transform your educational journey? Begin by signing up at Bondar Academy, then register for our Slack Workspace to start exploring. We offer a range of classes, with some being completely free and others featuring free previews of the initial sections. This allows you to experience our content and teaching approach firsthand, helping you make an informed decision before enrolling in a class.","body":"Are you prepared to transform your educational journey? \n\nBegin by signing up at Bondar Academy, then register for our Slack Workspace to start exploring. We offer a range of classes, with some being completely free and others featuring free previews of the initial sections. This allows you to experience our content and teaching approach firsthand, helping you make an informed decision before enrolling in a class.\n\nClick here to enroll: https://www.bondaracademy.com","tagList":["Enroll","Start for Free"],"createdAt":"2024-01-27T21:32:21.056Z","updatedAt":"2024-01-27T21:32:21.056Z","favorited":false,"favoritesCount":75,"author":{"username":"Artem Bondar","bio":null,"image":"https://storage.googleapis.com/bondar-academy-visuals/Android.png","following":false}}],"articlesCount":10}

18:56:25.680 [pool-3-thread-1] INFO  com.intuit.karate.Suite - <<pass>> feature 1 of 3 (2 remaining) classpath:examples/features/ArticleList.feature
18:57:35.188 [main] INFO  com.intuit.karate.Runner - using system property 'karate.options': --tags @articlelist
18:57:36.396 [main] DEBUG com.intuit.karate.Suite - [config] classpath:karate-config.js
18:57:36.399 [main] INFO  com.intuit.karate.Suite - backed up existing 'target\karate-reports' dir to: target\karate-reports_1788055056397
18:57:36.408 [main] DEBUG com.intuit.karate.Suite - waiting for 3 features to complete
18:57:37.752 [pool-2-thread-1] INFO  com.intuit.karate - karate.env system property was: null 
18:57:38.058 [pool-2-thread-1] DEBUG com.intuit.karate - request:
1 > GET https://conduit-api.bondaracademy.com/api/articles?limit=10&offset=0
1 > Host: conduit-api.bondaracademy.com
1 > Connection: Keep-Alive
1 > User-Agent: Apache-HttpClient/4.5.14 (Java/25.0.4)
1 > Accept-Encoding: gzip,deflate


18:57:38.942 [pool-2-thread-1] DEBUG com.intuit.karate - response time in milliseconds: 879
1 < 200
1 < x-powered-by: Express
1 < vary: Origin
1 < content-type: application/json; charset=utf-8
1 < etag: W/"43a9-46vzj+oI8pt/OwQfezo2HqTiwpI"
1 < x-cloud-trace-context: 5c0e5fdb2cc3f619d5169c8a2a328c73;o=1
1 < date: Sun, 30 Aug 2026 01:57:38 GMT
1 < server: Google Frontend
1 < Content-Length: 17321
{"articles":[{"slug":"Discover-Bondar-Academy:-Your-Gateway-to-Efficient-Learning-1","title":"Discover Bondar Academy: Your Gateway to Efficient Learning","description":"Discover Bondar Academy's unique place in the educational landscape, where value-focused and efficient learning approaches converge. Our goal is to rapidly enhance your professional technical skills, boosting your market competitiveness and paving the way for higher-paying job opportunities. The speed of your progress is in your hands – you set the pace, and we provide the solutions and support to help you achieve your desired outcomes.","body":"Bondar Academy is a leading platform for efficient education, designed to boost your technical skills and advance your career in Quality Assurance (QA). Our program features a balanced mix of pre-recorded lectures and live sessions, allowing each student to study at their own pace and at a time that suits them. \n\nOur instructors are readily available on our Slack Workspace for support. Whether it's a quick question or a more complex issue requiring a Zoom call or Slack Huddle for screen sharing and live discussion, we're here to assist. Additionally, each class comes with a comprehensive question bank for self-assessment. Following each lecture, you have the opportunity to validate your understanding and readiness to progress to the next topic. You set the pace, and we provide the solutions to ensure you achieve your desired outcomes.\n\nSignUp today: https://www.bondaracademy.com","tagList":["qa career","Bondar Academy","QA Skills","Value-Focused"],"createdAt":"2024-01-27T21:52:32.682Z","updatedAt":"2024-01-27T21:52:32.682Z","favorited":false,"favoritesCount":2217,"author":{"username":"Artem Bondar","bio":null,"image":"https://storage.googleapis.com/bondar-academy-visuals/Android.png","following":false}},{"slug":"The-value-of-pre-recorded-video-classes.-The-most-efficient-approach-to-tranfer-the-knowledge-1","title":"The value of pre-recorded video classes. The most efficient approach to tranfer the knowledge","description":"As educational practices evolve, video tutorials have emerged as the most efficient method for imparting theoretical knowledge. At Bondar Academy, we prioritize expertly structured and crafted video tutorials, ensuring you learn quickly and effectively and advance your skills.","body":"At Bondar Academy, we prioritize the value of your time and the efficiency of your education, distinguishing our approach from traditional colleges and live boot camps. Forget long, tedious live lectures on a fixed schedule. With us, you learn at your convenience and pace through optimized, structured video lectures. \n\nWe understand your goal is rapid knowledge acquisition. Our pre-recorded and well-organized lectures are designed precisely for this, ensuring no slowdowns from group dynamics or unrelated instructor anecdotes. \n\nDive straight into the subject matter, learn efficiently, and if questions arise, our immediate support on the Slack Workspace is there to streamline your learning process and swiftly remove any roadblocks.","tagList":["Bondar Academy","Video Lectures","Tutorials"],"createdAt":"2024-01-27T21:50:38.825Z","updatedAt":"2024-01-27T21:50:38.825Z","favorited":false,"favoritesCount":483,"author":{"username":"Artem Bondar","bio":null,"image":"https://storage.googleapis.com/bondar-academy-visuals/Android.png","following":false}},{"slug":"Mastering-Knowledge-with-Self-Assessments:-Identifying-and-Bridging-Learning-Gaps-in-Education-1","title":"Mastering Knowledge with Self-Assessments: Identifying and Bridging Learning Gaps in Education","description":"Self-assessment is an essential tool for gauging your understanding of lecture material. It answers critical questions: Have you grasped everything correctly? Is there anything you've missed? Are you prepared for the next lesson? These assessments ensure that you build a solid foundation of knowledge, confidently and efficiently paving the way for swift progress and effective learning outcomes.","body":"Traditional educational institutions, such as colleges and universities, commonly use tests and assessments to measure knowledge. This approach is effective for gauging student performance, but it's not without drawbacks. In these settings, assessments after every lecture aren't feasible due to the time required for teachers to evaluate them. This often leads to students having a false sense of understanding, believing they've comprehended all aspects of a lecture when, in reality, small but crucial details might be missed. These 'knowledge gaps' can accumulate, making more complex topics difficult to grasp later on.\n\nAt Bondar Academy, we address this challenge by implementing self-assessments after every lecture. These are designed to cover key questions that ensure a thorough understanding of the material, essential for comfort and success in future lectures. The number of questions varies, ranging from 3-4 to 15-20, depending on the lecture's significance and the volume of critical information. With these self-assessments, students receive immediate feedback, helping them determine if they've fully understood the lecture or if they need to revisit certain parts or seek assistance from our instructors in the Slack Workspace.","tagList":["Self-Assessment","Test","Exam"],"createdAt":"2024-01-27T21:48:36.340Z","updatedAt":"2024-01-27T21:48:36.340Z","favorited":false,"favoritesCount":247,"author":{"username":"Artem Bondar","bio":null,"image":"https://storage.googleapis.com/bondar-academy-visuals/Android.png","following":false}},{"slug":"Practical-Implementation-of-Skills:-Homework-Assignments-with-Instructor-Supervision-1","title":"Practical Implementation of Skills: Homework Assignments with Instructor Supervision","description":"Knowledge or skills not reinforced through practical exercises can quickly fade, often faster than anticipated. Homework, particularly in tasks like writing your own code, is crucial for honing these skills and cementing your understanding. At Bondar Academy, we ensure this vital step by assigning homework, rigorously evaluating the outcomes, and providing valuable feedback to guide your learning journey.","body":"Homework assignments are a fundamental component of the educational methodology at Bondar Academy, especially in technical education where learning a new programming language or framework is involved. The key to mastering these skills lies in writing code; the more you write, the better you become. However, merely replicating code seen in lectures leads to minimal learning. Often, this approach leaves students unclear about why their code works the way it does, as they focus on copying rather than understanding.\n\nA homework assignment at Bondar Academy starts with a blank page, challenging students to apply all their knowledge to write the first line of code. This process is more demanding than it appears. As you write each line, understanding and reasoning grow, making your code meaningful and comprehensible. You learn to write code that makes sense to you, enhancing your understanding.\n\nIn completing these assignments, you engage the 'thinking' part of your brain, transforming theoretical knowledge into practical skills. Recognizing the crucial role of homework in learning, our instructors at Bondar Academy are always available to assist with any challenges. Just reach out on Slack, and you'll receive the guidance and support needed for successful completion. At Bondar Academy, we fully understand the importance of homework assignments for the best outcome, so our instructors are always here to assist if you have any difficulties with completing them. Just ask in Slack and you'll be guided and assisted.","tagList":["Homework","Assignments","Practice","Coding"],"createdAt":"2024-01-27T21:46:09.512Z","updatedAt":"2024-01-27T21:46:09.512Z","favorited":false,"favoritesCount":115,"author":{"username":"Artem Bondar","bio":null,"image":"https://storage.googleapis.com/bondar-academy-visuals/Android.png","following":false}},{"slug":"Embracing-Daily-Git-Routines:-Real-Code-Reviews-on-GitHub-for-Effective-Coding-Practice.-1","title":"Embracing Daily Git Routines: Real Code Reviews on GitHub for Effective Coding Practice.","description":"Learning to code is just one part of a larger skill set; effectively managing and organizing code is equally crucial. At Bondar Academy, we integrate Git and platforms like GitHub into the core learning cycle. With us, using Git becomes a regular routine, where organizing code in branches, storing it in remote repositories, and collaborating with others through strategies like branching, merging, pull requests, and code reviews are standard practice.","body":"At Bondar Academy, mastering Git and GitHub is a fundamental step before delving into frameworks or programming languages. Effective code management, organization, and storage are crucial skills, and Git is the premier tool for this purpose. However, many learners initially find Git challenging due to its complexity and non-intuitive nature. To address this, our instructors have developed structured lectures on Git and GitHub, ensuring an efficient and thorough understanding of these essential tools. Git lessons are a mandatory prerequisite in every class. For a glimpse into our teaching approach, visit our YouTube channel: https://www.youtube.com/@BondarAcademy/playlists.\n\nIn our courses, all homework assignments are reviewed using GitHub pull requests, mirroring the workflow in real-world software development environments. Students submit their code to their working branch for review. Our instructors then provide feedback, suggesting modifications or adjustments for pull request approval. This iterative process is repeated throughout the course, establishing Git usage as a natural and routine part of your coding practice.","tagList":["YouTube","Git","GitHub"],"createdAt":"2024-01-27T21:42:31.491Z","updatedAt":"2024-01-27T21:42:31.491Z","favorited":false,"favoritesCount":104,"author":{"username":"Artem Bondar","bio":null,"image":"https://storage.googleapis.com/bondar-academy-visuals/Android.png","following":false}},{"slug":"Engaging-in-Live-Zoom-Sessions:-Interact-with-Instructors-and-Peers-Ask-Questions-in-Real-Time-1","title":"Engaging in Live Zoom Sessions: Interact with Instructors and Peers, Ask Questions in Real-Time","description":"In our increasingly online world, personal engagement remains a crucial element of effective learning. At Bondar Academy, we address this by hosting live Zoom sessions. These sessions provide a platform for live interaction between instructors and students, and among students themselves. Complementing our Slack channel, these live sessions offer an additional avenue for asking questions and engaging in meaningful discussions.","body":"In our increasingly online world, personal engagement remains a crucial element of effective learning. \nAt Bondar Academy, we address this by hosting live Zoom sessions. These sessions provide a platform for live interaction between instructors and students and among students themselves. Complementing our Slack channel, these live sessions offer an additional avenue for asking questions and engaging in meaningful discussions.","tagList":["Zoom","Live Sessions"],"createdAt":"2024-01-27T21:39:50.587Z","updatedAt":"2024-01-27T21:39:50.587Z","favorited":false,"favoritesCount":76,"author":{"username":"Artem Bondar","bio":null,"image":"https://storage.googleapis.com/bondar-academy-visuals/Android.png","following":false}},{"slug":"Utilizing-Slack-for-Continuous-Engagement:-Connect-with-Instructors-Share-Insights-and-Collaborate-1","title":"Utilizing Slack for Continuous Engagement: Connect with Instructors, Share Insights, and Collaborate","description":"Slack stands out as a widely-used messaging and collaboration platform, celebrated for its convenience and versatility. It enables simultaneous participation in multiple conversations, supports comments and emoji reactions, and allows users to share screenshots, videos, and code snippets. Its functionality extends to making calls in huddle sessions. Given these robust features, Bondar Academy has chosen Slack as our primary communication platform, facilitating seamless interaction and collaboration.","body":"As a new member of Bondar Academy, one of your initial steps should be registering for the Bondar Academy Slack Workspace. Upon registration at Bondar Academy, you'll receive a welcome email containing the URL to join. This Workspace serves as a central hub for communication with instructors and fellow students. Whether you have a question, need to share code, or want to upload screenshots, Slack makes it easy and efficient. Moreover, its compatibility with both desktop and mobile devices, by downloading and installing the app, ensures you can stay connected with your instructors and the community wherever you go.","tagList":["Slack","Community","Collaboration"],"createdAt":"2024-01-27T21:38:27.992Z","updatedAt":"2024-01-27T21:38:27.992Z","favorited":false,"favoritesCount":72,"author":{"username":"Artem Bondar","bio":null,"image":"https://storage.googleapis.com/bondar-academy-visuals/Android.png","following":false}},{"slug":"Stay-Ahead-with-Bondar-Academy:-Subscribe-to-Our-YouTube-channel-for-Latest-Tech-and-Education-Updates-1","title":"Stay Ahead with Bondar Academy: Subscribe to Our YouTube channel for Latest Tech and Education Updates","description":"Who doesn't appreciate high-quality free resources? YouTube serves as an ideal platform for sharing the latest news, updates, and a wealth of tips and tricks in test automation and technology. Keep abreast of these invaluable insights by subscribing to the @bondaracademy YouTube channel.","body":"Who doesn't appreciate high-quality free resources? \n\nYouTube serves as an ideal platform for sharing the latest news, updates, and a wealth of tips and tricks in test automation and technology. \n\nKeep abreast of these invaluable insights by subscribing to our YouTube channel: https://www.youtube.com/@bondaracademy","tagList":["YouTube"],"createdAt":"2024-01-27T21:36:32.360Z","updatedAt":"2024-01-27T21:36:32.360Z","favorited":false,"favoritesCount":67,"author":{"username":"Artem Bondar","bio":null,"image":"https://storage.googleapis.com/bondar-academy-visuals/Android.png","following":false}},{"slug":"Explore-the-Latest-in-Learning:-Bondar-Academy-Blog's-Educational-Insights-from-Our-Experts-1","title":"Explore the Latest in Learning: Bondar Academy Blog's Educational Insights from Our Experts","description":"Discover a treasure trove of knowledge on the Bondar Academy blog. Here, we share an array of tips, techniques, and valuable educational materials, all designed to keep you abreast of the latest technological trends and best practices. For easy access and continual learning, consider bookmarking our blog in your browser.","body":"On the Bondar Academy blog, we consistently provide insightful and pertinent updates on the latest in technology, test automation, and industry best practices. For your convenience, we recommend adding our blog to your browser's bookmarks. Our commitment to keeping you informed is reflected in our weekly posts, each focusing on a significant topic of the week.\n\nWe value your input and invite you to contribute to our ever-evolving content. If you have any suggestions or specific topics you'd like us to explore, please feel free to share your ideas in the Bondar Academy Slack workspace. \n\nDiscover our blog here: https://www.bondaracademy.com/blog\n","tagList":["Blog"],"createdAt":"2024-01-27T21:34:04.531Z","updatedAt":"2024-01-27T21:34:04.531Z","favorited":false,"favoritesCount":67,"author":{"username":"Artem Bondar","bio":null,"image":"https://storage.googleapis.com/bondar-academy-visuals/Android.png","following":false}},{"slug":"Take-the-Next-Step:-Join-Bondar-Academy-Today-and-Enroll-into-the-class-1","title":"Take the Next Step: Join Bondar Academy Today and Enroll into the class","description":"Are you prepared to transform your educational journey? Begin by signing up at Bondar Academy, then register for our Slack Workspace to start exploring. We offer a range of classes, with some being completely free and others featuring free previews of the initial sections. This allows you to experience our content and teaching approach firsthand, helping you make an informed decision before enrolling in a class.","body":"Are you prepared to transform your educational journey? \n\nBegin by signing up at Bondar Academy, then register for our Slack Workspace to start exploring. We offer a range of classes, with some being completely free and others featuring free previews of the initial sections. This allows you to experience our content and teaching approach firsthand, helping you make an informed decision before enrolling in a class.\n\nClick here to enroll: https://www.bondaracademy.com","tagList":["Enroll","Start for Free"],"createdAt":"2024-01-27T21:32:21.056Z","updatedAt":"2024-01-27T21:32:21.056Z","favorited":false,"favoritesCount":75,"author":{"username":"Artem Bondar","bio":null,"image":"https://storage.googleapis.com/bondar-academy-visuals/Android.png","following":false}}],"articlesCount":10}

18:57:39.800 [pool-3-thread-1] INFO  com.intuit.karate.Suite - <<pass>> feature 1 of 3 (2 remaining) classpath:examples/features/ArticleList.feature
19:00:07.957 [main] INFO  com.intuit.karate.Runner - using system property 'karate.options': --tags @articlelist
19:00:08.816 [main] DEBUG com.intuit.karate.Suite - [config] classpath:karate-config.js
19:00:08.820 [main] INFO  com.intuit.karate.Suite - backed up existing 'target\karate-reports' dir to: target\karate-reports_1788055208818
19:00:08.824 [main] DEBUG com.intuit.karate.Suite - waiting for 3 features to complete
19:00:10.101 [pool-2-thread-1] INFO  com.intuit.karate - karate.env system property was: null 
19:00:10.374 [pool-2-thread-1] DEBUG com.intuit.karate - request:
1 > GET https://conduit-api.bondaracademy.com/api/articles?limit=10&offset=0
1 > Host: conduit-api.bondaracademy.com
1 > Connection: Keep-Alive
1 > User-Agent: Apache-HttpClient/4.5.14 (Java/25.0.4)
1 > Accept-Encoding: gzip,deflate


19:00:11.197 [pool-2-thread-1] DEBUG com.intuit.karate - response time in milliseconds: 816
1 < 200
1 < x-powered-by: Express
1 < vary: Origin
1 < content-type: application/json; charset=utf-8
1 < etag: W/"43a9-46vzj+oI8pt/OwQfezo2HqTiwpI"
1 < x-cloud-trace-context: c9a61ac2ec9c97dc59a6db641ac0b292;o=1
1 < date: Sun, 30 Aug 2026 02:00:10 GMT
1 < server: Google Frontend
1 < Content-Length: 17321
{"articles":[{"slug":"Discover-Bondar-Academy:-Your-Gateway-to-Efficient-Learning-1","title":"Discover Bondar Academy: Your Gateway to Efficient Learning","description":"Discover Bondar Academy's unique place in the educational landscape, where value-focused and efficient learning approaches converge. Our goal is to rapidly enhance your professional technical skills, boosting your market competitiveness and paving the way for higher-paying job opportunities. The speed of your progress is in your hands – you set the pace, and we provide the solutions and support to help you achieve your desired outcomes.","body":"Bondar Academy is a leading platform for efficient education, designed to boost your technical skills and advance your career in Quality Assurance (QA). Our program features a balanced mix of pre-recorded lectures and live sessions, allowing each student to study at their own pace and at a time that suits them. \n\nOur instructors are readily available on our Slack Workspace for support. Whether it's a quick question or a more complex issue requiring a Zoom call or Slack Huddle for screen sharing and live discussion, we're here to assist. Additionally, each class comes with a comprehensive question bank for self-assessment. Following each lecture, you have the opportunity to validate your understanding and readiness to progress to the next topic. You set the pace, and we provide the solutions to ensure you achieve your desired outcomes.\n\nSignUp today: https://www.bondaracademy.com","tagList":["qa career","Bondar Academy","QA Skills","Value-Focused"],"createdAt":"2024-01-27T21:52:32.682Z","updatedAt":"2024-01-27T21:52:32.682Z","favorited":false,"favoritesCount":2217,"author":{"username":"Artem Bondar","bio":null,"image":"https://storage.googleapis.com/bondar-academy-visuals/Android.png","following":false}},{"slug":"The-value-of-pre-recorded-video-classes.-The-most-efficient-approach-to-tranfer-the-knowledge-1","title":"The value of pre-recorded video classes. The most efficient approach to tranfer the knowledge","description":"As educational practices evolve, video tutorials have emerged as the most efficient method for imparting theoretical knowledge. At Bondar Academy, we prioritize expertly structured and crafted video tutorials, ensuring you learn quickly and effectively and advance your skills.","body":"At Bondar Academy, we prioritize the value of your time and the efficiency of your education, distinguishing our approach from traditional colleges and live boot camps. Forget long, tedious live lectures on a fixed schedule. With us, you learn at your convenience and pace through optimized, structured video lectures. \n\nWe understand your goal is rapid knowledge acquisition. Our pre-recorded and well-organized lectures are designed precisely for this, ensuring no slowdowns from group dynamics or unrelated instructor anecdotes. \n\nDive straight into the subject matter, learn efficiently, and if questions arise, our immediate support on the Slack Workspace is there to streamline your learning process and swiftly remove any roadblocks.","tagList":["Bondar Academy","Video Lectures","Tutorials"],"createdAt":"2024-01-27T21:50:38.825Z","updatedAt":"2024-01-27T21:50:38.825Z","favorited":false,"favoritesCount":483,"author":{"username":"Artem Bondar","bio":null,"image":"https://storage.googleapis.com/bondar-academy-visuals/Android.png","following":false}},{"slug":"Mastering-Knowledge-with-Self-Assessments:-Identifying-and-Bridging-Learning-Gaps-in-Education-1","title":"Mastering Knowledge with Self-Assessments: Identifying and Bridging Learning Gaps in Education","description":"Self-assessment is an essential tool for gauging your understanding of lecture material. It answers critical questions: Have you grasped everything correctly? Is there anything you've missed? Are you prepared for the next lesson? These assessments ensure that you build a solid foundation of knowledge, confidently and efficiently paving the way for swift progress and effective learning outcomes.","body":"Traditional educational institutions, such as colleges and universities, commonly use tests and assessments to measure knowledge. This approach is effective for gauging student performance, but it's not without drawbacks. In these settings, assessments after every lecture aren't feasible due to the time required for teachers to evaluate them. This often leads to students having a false sense of understanding, believing they've comprehended all aspects of a lecture when, in reality, small but crucial details might be missed. These 'knowledge gaps' can accumulate, making more complex topics difficult to grasp later on.\n\nAt Bondar Academy, we address this challenge by implementing self-assessments after every lecture. These are designed to cover key questions that ensure a thorough understanding of the material, essential for comfort and success in future lectures. The number of questions varies, ranging from 3-4 to 15-20, depending on the lecture's significance and the volume of critical information. With these self-assessments, students receive immediate feedback, helping them determine if they've fully understood the lecture or if they need to revisit certain parts or seek assistance from our instructors in the Slack Workspace.","tagList":["Self-Assessment","Test","Exam"],"createdAt":"2024-01-27T21:48:36.340Z","updatedAt":"2024-01-27T21:48:36.340Z","favorited":false,"favoritesCount":247,"author":{"username":"Artem Bondar","bio":null,"image":"https://storage.googleapis.com/bondar-academy-visuals/Android.png","following":false}},{"slug":"Practical-Implementation-of-Skills:-Homework-Assignments-with-Instructor-Supervision-1","title":"Practical Implementation of Skills: Homework Assignments with Instructor Supervision","description":"Knowledge or skills not reinforced through practical exercises can quickly fade, often faster than anticipated. Homework, particularly in tasks like writing your own code, is crucial for honing these skills and cementing your understanding. At Bondar Academy, we ensure this vital step by assigning homework, rigorously evaluating the outcomes, and providing valuable feedback to guide your learning journey.","body":"Homework assignments are a fundamental component of the educational methodology at Bondar Academy, especially in technical education where learning a new programming language or framework is involved. The key to mastering these skills lies in writing code; the more you write, the better you become. However, merely replicating code seen in lectures leads to minimal learning. Often, this approach leaves students unclear about why their code works the way it does, as they focus on copying rather than understanding.\n\nA homework assignment at Bondar Academy starts with a blank page, challenging students to apply all their knowledge to write the first line of code. This process is more demanding than it appears. As you write each line, understanding and reasoning grow, making your code meaningful and comprehensible. You learn to write code that makes sense to you, enhancing your understanding.\n\nIn completing these assignments, you engage the 'thinking' part of your brain, transforming theoretical knowledge into practical skills. Recognizing the crucial role of homework in learning, our instructors at Bondar Academy are always available to assist with any challenges. Just reach out on Slack, and you'll receive the guidance and support needed for successful completion. At Bondar Academy, we fully understand the importance of homework assignments for the best outcome, so our instructors are always here to assist if you have any difficulties with completing them. Just ask in Slack and you'll be guided and assisted.","tagList":["Homework","Assignments","Practice","Coding"],"createdAt":"2024-01-27T21:46:09.512Z","updatedAt":"2024-01-27T21:46:09.512Z","favorited":false,"favoritesCount":115,"author":{"username":"Artem Bondar","bio":null,"image":"https://storage.googleapis.com/bondar-academy-visuals/Android.png","following":false}},{"slug":"Embracing-Daily-Git-Routines:-Real-Code-Reviews-on-GitHub-for-Effective-Coding-Practice.-1","title":"Embracing Daily Git Routines: Real Code Reviews on GitHub for Effective Coding Practice.","description":"Learning to code is just one part of a larger skill set; effectively managing and organizing code is equally crucial. At Bondar Academy, we integrate Git and platforms like GitHub into the core learning cycle. With us, using Git becomes a regular routine, where organizing code in branches, storing it in remote repositories, and collaborating with others through strategies like branching, merging, pull requests, and code reviews are standard practice.","body":"At Bondar Academy, mastering Git and GitHub is a fundamental step before delving into frameworks or programming languages. Effective code management, organization, and storage are crucial skills, and Git is the premier tool for this purpose. However, many learners initially find Git challenging due to its complexity and non-intuitive nature. To address this, our instructors have developed structured lectures on Git and GitHub, ensuring an efficient and thorough understanding of these essential tools. Git lessons are a mandatory prerequisite in every class. For a glimpse into our teaching approach, visit our YouTube channel: https://www.youtube.com/@BondarAcademy/playlists.\n\nIn our courses, all homework assignments are reviewed using GitHub pull requests, mirroring the workflow in real-world software development environments. Students submit their code to their working branch for review. Our instructors then provide feedback, suggesting modifications or adjustments for pull request approval. This iterative process is repeated throughout the course, establishing Git usage as a natural and routine part of your coding practice.","tagList":["YouTube","Git","GitHub"],"createdAt":"2024-01-27T21:42:31.491Z","updatedAt":"2024-01-27T21:42:31.491Z","favorited":false,"favoritesCount":104,"author":{"username":"Artem Bondar","bio":null,"image":"https://storage.googleapis.com/bondar-academy-visuals/Android.png","following":false}},{"slug":"Engaging-in-Live-Zoom-Sessions:-Interact-with-Instructors-and-Peers-Ask-Questions-in-Real-Time-1","title":"Engaging in Live Zoom Sessions: Interact with Instructors and Peers, Ask Questions in Real-Time","description":"In our increasingly online world, personal engagement remains a crucial element of effective learning. At Bondar Academy, we address this by hosting live Zoom sessions. These sessions provide a platform for live interaction between instructors and students, and among students themselves. Complementing our Slack channel, these live sessions offer an additional avenue for asking questions and engaging in meaningful discussions.","body":"In our increasingly online world, personal engagement remains a crucial element of effective learning. \nAt Bondar Academy, we address this by hosting live Zoom sessions. These sessions provide a platform for live interaction between instructors and students and among students themselves. Complementing our Slack channel, these live sessions offer an additional avenue for asking questions and engaging in meaningful discussions.","tagList":["Zoom","Live Sessions"],"createdAt":"2024-01-27T21:39:50.587Z","updatedAt":"2024-01-27T21:39:50.587Z","favorited":false,"favoritesCount":76,"author":{"username":"Artem Bondar","bio":null,"image":"https://storage.googleapis.com/bondar-academy-visuals/Android.png","following":false}},{"slug":"Utilizing-Slack-for-Continuous-Engagement:-Connect-with-Instructors-Share-Insights-and-Collaborate-1","title":"Utilizing Slack for Continuous Engagement: Connect with Instructors, Share Insights, and Collaborate","description":"Slack stands out as a widely-used messaging and collaboration platform, celebrated for its convenience and versatility. It enables simultaneous participation in multiple conversations, supports comments and emoji reactions, and allows users to share screenshots, videos, and code snippets. Its functionality extends to making calls in huddle sessions. Given these robust features, Bondar Academy has chosen Slack as our primary communication platform, facilitating seamless interaction and collaboration.","body":"As a new member of Bondar Academy, one of your initial steps should be registering for the Bondar Academy Slack Workspace. Upon registration at Bondar Academy, you'll receive a welcome email containing the URL to join. This Workspace serves as a central hub for communication with instructors and fellow students. Whether you have a question, need to share code, or want to upload screenshots, Slack makes it easy and efficient. Moreover, its compatibility with both desktop and mobile devices, by downloading and installing the app, ensures you can stay connected with your instructors and the community wherever you go.","tagList":["Slack","Community","Collaboration"],"createdAt":"2024-01-27T21:38:27.992Z","updatedAt":"2024-01-27T21:38:27.992Z","favorited":false,"favoritesCount":72,"author":{"username":"Artem Bondar","bio":null,"image":"https://storage.googleapis.com/bondar-academy-visuals/Android.png","following":false}},{"slug":"Stay-Ahead-with-Bondar-Academy:-Subscribe-to-Our-YouTube-channel-for-Latest-Tech-and-Education-Updates-1","title":"Stay Ahead with Bondar Academy: Subscribe to Our YouTube channel for Latest Tech and Education Updates","description":"Who doesn't appreciate high-quality free resources? YouTube serves as an ideal platform for sharing the latest news, updates, and a wealth of tips and tricks in test automation and technology. Keep abreast of these invaluable insights by subscribing to the @bondaracademy YouTube channel.","body":"Who doesn't appreciate high-quality free resources? \n\nYouTube serves as an ideal platform for sharing the latest news, updates, and a wealth of tips and tricks in test automation and technology. \n\nKeep abreast of these invaluable insights by subscribing to our YouTube channel: https://www.youtube.com/@bondaracademy","tagList":["YouTube"],"createdAt":"2024-01-27T21:36:32.360Z","updatedAt":"2024-01-27T21:36:32.360Z","favorited":false,"favoritesCount":67,"author":{"username":"Artem Bondar","bio":null,"image":"https://storage.googleapis.com/bondar-academy-visuals/Android.png","following":false}},{"slug":"Explore-the-Latest-in-Learning:-Bondar-Academy-Blog's-Educational-Insights-from-Our-Experts-1","title":"Explore the Latest in Learning: Bondar Academy Blog's Educational Insights from Our Experts","description":"Discover a treasure trove of knowledge on the Bondar Academy blog. Here, we share an array of tips, techniques, and valuable educational materials, all designed to keep you abreast of the latest technological trends and best practices. For easy access and continual learning, consider bookmarking our blog in your browser.","body":"On the Bondar Academy blog, we consistently provide insightful and pertinent updates on the latest in technology, test automation, and industry best practices. For your convenience, we recommend adding our blog to your browser's bookmarks. Our commitment to keeping you informed is reflected in our weekly posts, each focusing on a significant topic of the week.\n\nWe value your input and invite you to contribute to our ever-evolving content. If you have any suggestions or specific topics you'd like us to explore, please feel free to share your ideas in the Bondar Academy Slack workspace. \n\nDiscover our blog here: https://www.bondaracademy.com/blog\n","tagList":["Blog"],"createdAt":"2024-01-27T21:34:04.531Z","updatedAt":"2024-01-27T21:34:04.531Z","favorited":false,"favoritesCount":67,"author":{"username":"Artem Bondar","bio":null,"image":"https://storage.googleapis.com/bondar-academy-visuals/Android.png","following":false}},{"slug":"Take-the-Next-Step:-Join-Bondar-Academy-Today-and-Enroll-into-the-class-1","title":"Take the Next Step: Join Bondar Academy Today and Enroll into the class","description":"Are you prepared to transform your educational journey? Begin by signing up at Bondar Academy, then register for our Slack Workspace to start exploring. We offer a range of classes, with some being completely free and others featuring free previews of the initial sections. This allows you to experience our content and teaching approach firsthand, helping you make an informed decision before enrolling in a class.","body":"Are you prepared to transform your educational journey? \n\nBegin by signing up at Bondar Academy, then register for our Slack Workspace to start exploring. We offer a range of classes, with some being completely free and others featuring free previews of the initial sections. This allows you to experience our content and teaching approach firsthand, helping you make an informed decision before enrolling in a class.\n\nClick here to enroll: https://www.bondaracademy.com","tagList":["Enroll","Start for Free"],"createdAt":"2024-01-27T21:32:21.056Z","updatedAt":"2024-01-27T21:32:21.056Z","favorited":false,"favoritesCount":75,"author":{"username":"Artem Bondar","bio":null,"image":"https://storage.googleapis.com/bondar-academy-visuals/Android.png","following":false}}],"articlesCount":10}

19:00:11.239 [pool-2-thread-1] DEBUG com.intuit.karate - request:
2 > GET https://conduit-api.bondaracademy.com/api/articles?limit=10&offset=0
2 > Host: conduit-api.bondaracademy.com
2 > Connection: Keep-Alive
2 > User-Agent: Apache-HttpClient/4.5.14 (Java/25.0.4)
2 > Accept-Encoding: gzip,deflate


19:00:11.538 [pool-2-thread-1] DEBUG com.intuit.karate - response time in milliseconds: 297
2 < 200
2 < x-powered-by: Express
2 < vary: Origin
2 < content-type: application/json; charset=utf-8
2 < etag: W/"43a9-46vzj+oI8pt/OwQfezo2HqTiwpI"
2 < x-cloud-trace-context: 2eef01a4906db2f81f8dec999bb8b092
2 < date: Sun, 30 Aug 2026 02:00:10 GMT
2 < server: Google Frontend
2 < Content-Length: 17321
{"articles":[{"slug":"Discover-Bondar-Academy:-Your-Gateway-to-Efficient-Learning-1","title":"Discover Bondar Academy: Your Gateway to Efficient Learning","description":"Discover Bondar Academy's unique place in the educational landscape, where value-focused and efficient learning approaches converge. Our goal is to rapidly enhance your professional technical skills, boosting your market competitiveness and paving the way for higher-paying job opportunities. The speed of your progress is in your hands – you set the pace, and we provide the solutions and support to help you achieve your desired outcomes.","body":"Bondar Academy is a leading platform for efficient education, designed to boost your technical skills and advance your career in Quality Assurance (QA). Our program features a balanced mix of pre-recorded lectures and live sessions, allowing each student to study at their own pace and at a time that suits them. \n\nOur instructors are readily available on our Slack Workspace for support. Whether it's a quick question or a more complex issue requiring a Zoom call or Slack Huddle for screen sharing and live discussion, we're here to assist. Additionally, each class comes with a comprehensive question bank for self-assessment. Following each lecture, you have the opportunity to validate your understanding and readiness to progress to the next topic. You set the pace, and we provide the solutions to ensure you achieve your desired outcomes.\n\nSignUp today: https://www.bondaracademy.com","tagList":["qa career","Bondar Academy","QA Skills","Value-Focused"],"createdAt":"2024-01-27T21:52:32.682Z","updatedAt":"2024-01-27T21:52:32.682Z","favorited":false,"favoritesCount":2217,"author":{"username":"Artem Bondar","bio":null,"image":"https://storage.googleapis.com/bondar-academy-visuals/Android.png","following":false}},{"slug":"The-value-of-pre-recorded-video-classes.-The-most-efficient-approach-to-tranfer-the-knowledge-1","title":"The value of pre-recorded video classes. The most efficient approach to tranfer the knowledge","description":"As educational practices evolve, video tutorials have emerged as the most efficient method for imparting theoretical knowledge. At Bondar Academy, we prioritize expertly structured and crafted video tutorials, ensuring you learn quickly and effectively and advance your skills.","body":"At Bondar Academy, we prioritize the value of your time and the efficiency of your education, distinguishing our approach from traditional colleges and live boot camps. Forget long, tedious live lectures on a fixed schedule. With us, you learn at your convenience and pace through optimized, structured video lectures. \n\nWe understand your goal is rapid knowledge acquisition. Our pre-recorded and well-organized lectures are designed precisely for this, ensuring no slowdowns from group dynamics or unrelated instructor anecdotes. \n\nDive straight into the subject matter, learn efficiently, and if questions arise, our immediate support on the Slack Workspace is there to streamline your learning process and swiftly remove any roadblocks.","tagList":["Bondar Academy","Video Lectures","Tutorials"],"createdAt":"2024-01-27T21:50:38.825Z","updatedAt":"2024-01-27T21:50:38.825Z","favorited":false,"favoritesCount":483,"author":{"username":"Artem Bondar","bio":null,"image":"https://storage.googleapis.com/bondar-academy-visuals/Android.png","following":false}},{"slug":"Mastering-Knowledge-with-Self-Assessments:-Identifying-and-Bridging-Learning-Gaps-in-Education-1","title":"Mastering Knowledge with Self-Assessments: Identifying and Bridging Learning Gaps in Education","description":"Self-assessment is an essential tool for gauging your understanding of lecture material. It answers critical questions: Have you grasped everything correctly? Is there anything you've missed? Are you prepared for the next lesson? These assessments ensure that you build a solid foundation of knowledge, confidently and efficiently paving the way for swift progress and effective learning outcomes.","body":"Traditional educational institutions, such as colleges and universities, commonly use tests and assessments to measure knowledge. This approach is effective for gauging student performance, but it's not without drawbacks. In these settings, assessments after every lecture aren't feasible due to the time required for teachers to evaluate them. This often leads to students having a false sense of understanding, believing they've comprehended all aspects of a lecture when, in reality, small but crucial details might be missed. These 'knowledge gaps' can accumulate, making more complex topics difficult to grasp later on.\n\nAt Bondar Academy, we address this challenge by implementing self-assessments after every lecture. These are designed to cover key questions that ensure a thorough understanding of the material, essential for comfort and success in future lectures. The number of questions varies, ranging from 3-4 to 15-20, depending on the lecture's significance and the volume of critical information. With these self-assessments, students receive immediate feedback, helping them determine if they've fully understood the lecture or if they need to revisit certain parts or seek assistance from our instructors in the Slack Workspace.","tagList":["Self-Assessment","Test","Exam"],"createdAt":"2024-01-27T21:48:36.340Z","updatedAt":"2024-01-27T21:48:36.340Z","favorited":false,"favoritesCount":247,"author":{"username":"Artem Bondar","bio":null,"image":"https://storage.googleapis.com/bondar-academy-visuals/Android.png","following":false}},{"slug":"Practical-Implementation-of-Skills:-Homework-Assignments-with-Instructor-Supervision-1","title":"Practical Implementation of Skills: Homework Assignments with Instructor Supervision","description":"Knowledge or skills not reinforced through practical exercises can quickly fade, often faster than anticipated. Homework, particularly in tasks like writing your own code, is crucial for honing these skills and cementing your understanding. At Bondar Academy, we ensure this vital step by assigning homework, rigorously evaluating the outcomes, and providing valuable feedback to guide your learning journey.","body":"Homework assignments are a fundamental component of the educational methodology at Bondar Academy, especially in technical education where learning a new programming language or framework is involved. The key to mastering these skills lies in writing code; the more you write, the better you become. However, merely replicating code seen in lectures leads to minimal learning. Often, this approach leaves students unclear about why their code works the way it does, as they focus on copying rather than understanding.\n\nA homework assignment at Bondar Academy starts with a blank page, challenging students to apply all their knowledge to write the first line of code. This process is more demanding than it appears. As you write each line, understanding and reasoning grow, making your code meaningful and comprehensible. You learn to write code that makes sense to you, enhancing your understanding.\n\nIn completing these assignments, you engage the 'thinking' part of your brain, transforming theoretical knowledge into practical skills. Recognizing the crucial role of homework in learning, our instructors at Bondar Academy are always available to assist with any challenges. Just reach out on Slack, and you'll receive the guidance and support needed for successful completion. At Bondar Academy, we fully understand the importance of homework assignments for the best outcome, so our instructors are always here to assist if you have any difficulties with completing them. Just ask in Slack and you'll be guided and assisted.","tagList":["Homework","Assignments","Practice","Coding"],"createdAt":"2024-01-27T21:46:09.512Z","updatedAt":"2024-01-27T21:46:09.512Z","favorited":false,"favoritesCount":115,"author":{"username":"Artem Bondar","bio":null,"image":"https://storage.googleapis.com/bondar-academy-visuals/Android.png","following":false}},{"slug":"Embracing-Daily-Git-Routines:-Real-Code-Reviews-on-GitHub-for-Effective-Coding-Practice.-1","title":"Embracing Daily Git Routines: Real Code Reviews on GitHub for Effective Coding Practice.","description":"Learning to code is just one part of a larger skill set; effectively managing and organizing code is equally crucial. At Bondar Academy, we integrate Git and platforms like GitHub into the core learning cycle. With us, using Git becomes a regular routine, where organizing code in branches, storing it in remote repositories, and collaborating with others through strategies like branching, merging, pull requests, and code reviews are standard practice.","body":"At Bondar Academy, mastering Git and GitHub is a fundamental step before delving into frameworks or programming languages. Effective code management, organization, and storage are crucial skills, and Git is the premier tool for this purpose. However, many learners initially find Git challenging due to its complexity and non-intuitive nature. To address this, our instructors have developed structured lectures on Git and GitHub, ensuring an efficient and thorough understanding of these essential tools. Git lessons are a mandatory prerequisite in every class. For a glimpse into our teaching approach, visit our YouTube channel: https://www.youtube.com/@BondarAcademy/playlists.\n\nIn our courses, all homework assignments are reviewed using GitHub pull requests, mirroring the workflow in real-world software development environments. Students submit their code to their working branch for review. Our instructors then provide feedback, suggesting modifications or adjustments for pull request approval. This iterative process is repeated throughout the course, establishing Git usage as a natural and routine part of your coding practice.","tagList":["YouTube","Git","GitHub"],"createdAt":"2024-01-27T21:42:31.491Z","updatedAt":"2024-01-27T21:42:31.491Z","favorited":false,"favoritesCount":104,"author":{"username":"Artem Bondar","bio":null,"image":"https://storage.googleapis.com/bondar-academy-visuals/Android.png","following":false}},{"slug":"Engaging-in-Live-Zoom-Sessions:-Interact-with-Instructors-and-Peers-Ask-Questions-in-Real-Time-1","title":"Engaging in Live Zoom Sessions: Interact with Instructors and Peers, Ask Questions in Real-Time","description":"In our increasingly online world, personal engagement remains a crucial element of effective learning. At Bondar Academy, we address this by hosting live Zoom sessions. These sessions provide a platform for live interaction between instructors and students, and among students themselves. Complementing our Slack channel, these live sessions offer an additional avenue for asking questions and engaging in meaningful discussions.","body":"In our increasingly online world, personal engagement remains a crucial element of effective learning. \nAt Bondar Academy, we address this by hosting live Zoom sessions. These sessions provide a platform for live interaction between instructors and students and among students themselves. Complementing our Slack channel, these live sessions offer an additional avenue for asking questions and engaging in meaningful discussions.","tagList":["Zoom","Live Sessions"],"createdAt":"2024-01-27T21:39:50.587Z","updatedAt":"2024-01-27T21:39:50.587Z","favorited":false,"favoritesCount":76,"author":{"username":"Artem Bondar","bio":null,"image":"https://storage.googleapis.com/bondar-academy-visuals/Android.png","following":false}},{"slug":"Utilizing-Slack-for-Continuous-Engagement:-Connect-with-Instructors-Share-Insights-and-Collaborate-1","title":"Utilizing Slack for Continuous Engagement: Connect with Instructors, Share Insights, and Collaborate","description":"Slack stands out as a widely-used messaging and collaboration platform, celebrated for its convenience and versatility. It enables simultaneous participation in multiple conversations, supports comments and emoji reactions, and allows users to share screenshots, videos, and code snippets. Its functionality extends to making calls in huddle sessions. Given these robust features, Bondar Academy has chosen Slack as our primary communication platform, facilitating seamless interaction and collaboration.","body":"As a new member of Bondar Academy, one of your initial steps should be registering for the Bondar Academy Slack Workspace. Upon registration at Bondar Academy, you'll receive a welcome email containing the URL to join. This Workspace serves as a central hub for communication with instructors and fellow students. Whether you have a question, need to share code, or want to upload screenshots, Slack makes it easy and efficient. Moreover, its compatibility with both desktop and mobile devices, by downloading and installing the app, ensures you can stay connected with your instructors and the community wherever you go.","tagList":["Slack","Community","Collaboration"],"createdAt":"2024-01-27T21:38:27.992Z","updatedAt":"2024-01-27T21:38:27.992Z","favorited":false,"favoritesCount":72,"author":{"username":"Artem Bondar","bio":null,"image":"https://storage.googleapis.com/bondar-academy-visuals/Android.png","following":false}},{"slug":"Stay-Ahead-with-Bondar-Academy:-Subscribe-to-Our-YouTube-channel-for-Latest-Tech-and-Education-Updates-1","title":"Stay Ahead with Bondar Academy: Subscribe to Our YouTube channel for Latest Tech and Education Updates","description":"Who doesn't appreciate high-quality free resources? YouTube serves as an ideal platform for sharing the latest news, updates, and a wealth of tips and tricks in test automation and technology. Keep abreast of these invaluable insights by subscribing to the @bondaracademy YouTube channel.","body":"Who doesn't appreciate high-quality free resources? \n\nYouTube serves as an ideal platform for sharing the latest news, updates, and a wealth of tips and tricks in test automation and technology. \n\nKeep abreast of these invaluable insights by subscribing to our YouTube channel: https://www.youtube.com/@bondaracademy","tagList":["YouTube"],"createdAt":"2024-01-27T21:36:32.360Z","updatedAt":"2024-01-27T21:36:32.360Z","favorited":false,"favoritesCount":67,"author":{"username":"Artem Bondar","bio":null,"image":"https://storage.googleapis.com/bondar-academy-visuals/Android.png","following":false}},{"slug":"Explore-the-Latest-in-Learning:-Bondar-Academy-Blog's-Educational-Insights-from-Our-Experts-1","title":"Explore the Latest in Learning: Bondar Academy Blog's Educational Insights from Our Experts","description":"Discover a treasure trove of knowledge on the Bondar Academy blog. Here, we share an array of tips, techniques, and valuable educational materials, all designed to keep you abreast of the latest technological trends and best practices. For easy access and continual learning, consider bookmarking our blog in your browser.","body":"On the Bondar Academy blog, we consistently provide insightful and pertinent updates on the latest in technology, test automation, and industry best practices. For your convenience, we recommend adding our blog to your browser's bookmarks. Our commitment to keeping you informed is reflected in our weekly posts, each focusing on a significant topic of the week.\n\nWe value your input and invite you to contribute to our ever-evolving content. If you have any suggestions or specific topics you'd like us to explore, please feel free to share your ideas in the Bondar Academy Slack workspace. \n\nDiscover our blog here: https://www.bondaracademy.com/blog\n","tagList":["Blog"],"createdAt":"2024-01-27T21:34:04.531Z","updatedAt":"2024-01-27T21:34:04.531Z","favorited":false,"favoritesCount":67,"author":{"username":"Artem Bondar","bio":null,"image":"https://storage.googleapis.com/bondar-academy-visuals/Android.png","following":false}},{"slug":"Take-the-Next-Step:-Join-Bondar-Academy-Today-and-Enroll-into-the-class-1","title":"Take the Next Step: Join Bondar Academy Today and Enroll into the class","description":"Are you prepared to transform your educational journey? Begin by signing up at Bondar Academy, then register for our Slack Workspace to start exploring. We offer a range of classes, with some being completely free and others featuring free previews of the initial sections. This allows you to experience our content and teaching approach firsthand, helping you make an informed decision before enrolling in a class.","body":"Are you prepared to transform your educational journey? \n\nBegin by signing up at Bondar Academy, then register for our Slack Workspace to start exploring. We offer a range of classes, with some being completely free and others featuring free previews of the initial sections. This allows you to experience our content and teaching approach firsthand, helping you make an informed decision before enrolling in a class.\n\nClick here to enroll: https://www.bondaracademy.com","tagList":["Enroll","Start for Free"],"createdAt":"2024-01-27T21:32:21.056Z","updatedAt":"2024-01-27T21:32:21.056Z","favorited":false,"favoritesCount":75,"author":{"username":"Artem Bondar","bio":null,"image":"https://storage.googleapis.com/bondar-academy-visuals/Android.png","following":false}}],"articlesCount":10}

19:00:11.574 [pool-2-thread-1] ERROR com.intuit.karate - classpath:examples/features/ArticleList.feature:52
And match response.articles[0].favoritesCount == 1
match failed: EQUALS
  $ | not equal (NUMBER:NUMBER)
  2217
  1

classpath:examples/features/ArticleList.feature:52
19:00:12.200 [pool-3-thread-1] INFO  com.intuit.karate.Suite - <<fail>> feature 1 of 3 (2 remaining) classpath:examples/features/ArticleList.feature
19:04:40.376 [main] INFO  com.intuit.karate.Runner - using system property 'karate.options': --tags @articlelist
19:04:41.218 [main] DEBUG com.intuit.karate.Suite - [config] classpath:karate-config.js
19:04:41.222 [main] INFO  com.intuit.karate.Suite - backed up existing 'target\karate-reports' dir to: target\karate-reports_1788055481219
19:04:41.227 [main] DEBUG com.intuit.karate.Suite - waiting for 3 features to complete
19:04:42.407 [pool-2-thread-1] INFO  com.intuit.karate - karate.env system property was: null 
19:04:42.683 [pool-2-thread-1] DEBUG com.intuit.karate - request:
1 > GET https://conduit-api.bondaracademy.com/api/articles?limit=10&offset=0
1 > Host: conduit-api.bondaracademy.com
1 > Connection: Keep-Alive
1 > User-Agent: Apache-HttpClient/4.5.14 (Java/25.0.4)
1 > Accept-Encoding: gzip,deflate


19:04:44.191 [pool-2-thread-1] DEBUG com.intuit.karate - response time in milliseconds: 1504
1 < 200
1 < x-powered-by: Express
1 < vary: Origin
1 < content-type: application/json; charset=utf-8
1 < etag: W/"43a9-46vzj+oI8pt/OwQfezo2HqTiwpI"
1 < x-cloud-trace-context: e3c2b4db2ebca679bf3406433617c314;o=1
1 < date: Sun, 30 Aug 2026 02:04:43 GMT
1 < server: Google Frontend
1 < Content-Length: 17321
{"articles":[{"slug":"Discover-Bondar-Academy:-Your-Gateway-to-Efficient-Learning-1","title":"Discover Bondar Academy: Your Gateway to Efficient Learning","description":"Discover Bondar Academy's unique place in the educational landscape, where value-focused and efficient learning approaches converge. Our goal is to rapidly enhance your professional technical skills, boosting your market competitiveness and paving the way for higher-paying job opportunities. The speed of your progress is in your hands – you set the pace, and we provide the solutions and support to help you achieve your desired outcomes.","body":"Bondar Academy is a leading platform for efficient education, designed to boost your technical skills and advance your career in Quality Assurance (QA). Our program features a balanced mix of pre-recorded lectures and live sessions, allowing each student to study at their own pace and at a time that suits them. \n\nOur instructors are readily available on our Slack Workspace for support. Whether it's a quick question or a more complex issue requiring a Zoom call or Slack Huddle for screen sharing and live discussion, we're here to assist. Additionally, each class comes with a comprehensive question bank for self-assessment. Following each lecture, you have the opportunity to validate your understanding and readiness to progress to the next topic. You set the pace, and we provide the solutions to ensure you achieve your desired outcomes.\n\nSignUp today: https://www.bondaracademy.com","tagList":["qa career","Bondar Academy","QA Skills","Value-Focused"],"createdAt":"2024-01-27T21:52:32.682Z","updatedAt":"2024-01-27T21:52:32.682Z","favorited":false,"favoritesCount":2217,"author":{"username":"Artem Bondar","bio":null,"image":"https://storage.googleapis.com/bondar-academy-visuals/Android.png","following":false}},{"slug":"The-value-of-pre-recorded-video-classes.-The-most-efficient-approach-to-tranfer-the-knowledge-1","title":"The value of pre-recorded video classes. The most efficient approach to tranfer the knowledge","description":"As educational practices evolve, video tutorials have emerged as the most efficient method for imparting theoretical knowledge. At Bondar Academy, we prioritize expertly structured and crafted video tutorials, ensuring you learn quickly and effectively and advance your skills.","body":"At Bondar Academy, we prioritize the value of your time and the efficiency of your education, distinguishing our approach from traditional colleges and live boot camps. Forget long, tedious live lectures on a fixed schedule. With us, you learn at your convenience and pace through optimized, structured video lectures. \n\nWe understand your goal is rapid knowledge acquisition. Our pre-recorded and well-organized lectures are designed precisely for this, ensuring no slowdowns from group dynamics or unrelated instructor anecdotes. \n\nDive straight into the subject matter, learn efficiently, and if questions arise, our immediate support on the Slack Workspace is there to streamline your learning process and swiftly remove any roadblocks.","tagList":["Bondar Academy","Video Lectures","Tutorials"],"createdAt":"2024-01-27T21:50:38.825Z","updatedAt":"2024-01-27T21:50:38.825Z","favorited":false,"favoritesCount":483,"author":{"username":"Artem Bondar","bio":null,"image":"https://storage.googleapis.com/bondar-academy-visuals/Android.png","following":false}},{"slug":"Mastering-Knowledge-with-Self-Assessments:-Identifying-and-Bridging-Learning-Gaps-in-Education-1","title":"Mastering Knowledge with Self-Assessments: Identifying and Bridging Learning Gaps in Education","description":"Self-assessment is an essential tool for gauging your understanding of lecture material. It answers critical questions: Have you grasped everything correctly? Is there anything you've missed? Are you prepared for the next lesson? These assessments ensure that you build a solid foundation of knowledge, confidently and efficiently paving the way for swift progress and effective learning outcomes.","body":"Traditional educational institutions, such as colleges and universities, commonly use tests and assessments to measure knowledge. This approach is effective for gauging student performance, but it's not without drawbacks. In these settings, assessments after every lecture aren't feasible due to the time required for teachers to evaluate them. This often leads to students having a false sense of understanding, believing they've comprehended all aspects of a lecture when, in reality, small but crucial details might be missed. These 'knowledge gaps' can accumulate, making more complex topics difficult to grasp later on.\n\nAt Bondar Academy, we address this challenge by implementing self-assessments after every lecture. These are designed to cover key questions that ensure a thorough understanding of the material, essential for comfort and success in future lectures. The number of questions varies, ranging from 3-4 to 15-20, depending on the lecture's significance and the volume of critical information. With these self-assessments, students receive immediate feedback, helping them determine if they've fully understood the lecture or if they need to revisit certain parts or seek assistance from our instructors in the Slack Workspace.","tagList":["Self-Assessment","Test","Exam"],"createdAt":"2024-01-27T21:48:36.340Z","updatedAt":"2024-01-27T21:48:36.340Z","favorited":false,"favoritesCount":247,"author":{"username":"Artem Bondar","bio":null,"image":"https://storage.googleapis.com/bondar-academy-visuals/Android.png","following":false}},{"slug":"Practical-Implementation-of-Skills:-Homework-Assignments-with-Instructor-Supervision-1","title":"Practical Implementation of Skills: Homework Assignments with Instructor Supervision","description":"Knowledge or skills not reinforced through practical exercises can quickly fade, often faster than anticipated. Homework, particularly in tasks like writing your own code, is crucial for honing these skills and cementing your understanding. At Bondar Academy, we ensure this vital step by assigning homework, rigorously evaluating the outcomes, and providing valuable feedback to guide your learning journey.","body":"Homework assignments are a fundamental component of the educational methodology at Bondar Academy, especially in technical education where learning a new programming language or framework is involved. The key to mastering these skills lies in writing code; the more you write, the better you become. However, merely replicating code seen in lectures leads to minimal learning. Often, this approach leaves students unclear about why their code works the way it does, as they focus on copying rather than understanding.\n\nA homework assignment at Bondar Academy starts with a blank page, challenging students to apply all their knowledge to write the first line of code. This process is more demanding than it appears. As you write each line, understanding and reasoning grow, making your code meaningful and comprehensible. You learn to write code that makes sense to you, enhancing your understanding.\n\nIn completing these assignments, you engage the 'thinking' part of your brain, transforming theoretical knowledge into practical skills. Recognizing the crucial role of homework in learning, our instructors at Bondar Academy are always available to assist with any challenges. Just reach out on Slack, and you'll receive the guidance and support needed for successful completion. At Bondar Academy, we fully understand the importance of homework assignments for the best outcome, so our instructors are always here to assist if you have any difficulties with completing them. Just ask in Slack and you'll be guided and assisted.","tagList":["Homework","Assignments","Practice","Coding"],"createdAt":"2024-01-27T21:46:09.512Z","updatedAt":"2024-01-27T21:46:09.512Z","favorited":false,"favoritesCount":115,"author":{"username":"Artem Bondar","bio":null,"image":"https://storage.googleapis.com/bondar-academy-visuals/Android.png","following":false}},{"slug":"Embracing-Daily-Git-Routines:-Real-Code-Reviews-on-GitHub-for-Effective-Coding-Practice.-1","title":"Embracing Daily Git Routines: Real Code Reviews on GitHub for Effective Coding Practice.","description":"Learning to code is just one part of a larger skill set; effectively managing and organizing code is equally crucial. At Bondar Academy, we integrate Git and platforms like GitHub into the core learning cycle. With us, using Git becomes a regular routine, where organizing code in branches, storing it in remote repositories, and collaborating with others through strategies like branching, merging, pull requests, and code reviews are standard practice.","body":"At Bondar Academy, mastering Git and GitHub is a fundamental step before delving into frameworks or programming languages. Effective code management, organization, and storage are crucial skills, and Git is the premier tool for this purpose. However, many learners initially find Git challenging due to its complexity and non-intuitive nature. To address this, our instructors have developed structured lectures on Git and GitHub, ensuring an efficient and thorough understanding of these essential tools. Git lessons are a mandatory prerequisite in every class. For a glimpse into our teaching approach, visit our YouTube channel: https://www.youtube.com/@BondarAcademy/playlists.\n\nIn our courses, all homework assignments are reviewed using GitHub pull requests, mirroring the workflow in real-world software development environments. Students submit their code to their working branch for review. Our instructors then provide feedback, suggesting modifications or adjustments for pull request approval. This iterative process is repeated throughout the course, establishing Git usage as a natural and routine part of your coding practice.","tagList":["YouTube","Git","GitHub"],"createdAt":"2024-01-27T21:42:31.491Z","updatedAt":"2024-01-27T21:42:31.491Z","favorited":false,"favoritesCount":104,"author":{"username":"Artem Bondar","bio":null,"image":"https://storage.googleapis.com/bondar-academy-visuals/Android.png","following":false}},{"slug":"Engaging-in-Live-Zoom-Sessions:-Interact-with-Instructors-and-Peers-Ask-Questions-in-Real-Time-1","title":"Engaging in Live Zoom Sessions: Interact with Instructors and Peers, Ask Questions in Real-Time","description":"In our increasingly online world, personal engagement remains a crucial element of effective learning. At Bondar Academy, we address this by hosting live Zoom sessions. These sessions provide a platform for live interaction between instructors and students, and among students themselves. Complementing our Slack channel, these live sessions offer an additional avenue for asking questions and engaging in meaningful discussions.","body":"In our increasingly online world, personal engagement remains a crucial element of effective learning. \nAt Bondar Academy, we address this by hosting live Zoom sessions. These sessions provide a platform for live interaction between instructors and students and among students themselves. Complementing our Slack channel, these live sessions offer an additional avenue for asking questions and engaging in meaningful discussions.","tagList":["Zoom","Live Sessions"],"createdAt":"2024-01-27T21:39:50.587Z","updatedAt":"2024-01-27T21:39:50.587Z","favorited":false,"favoritesCount":76,"author":{"username":"Artem Bondar","bio":null,"image":"https://storage.googleapis.com/bondar-academy-visuals/Android.png","following":false}},{"slug":"Utilizing-Slack-for-Continuous-Engagement:-Connect-with-Instructors-Share-Insights-and-Collaborate-1","title":"Utilizing Slack for Continuous Engagement: Connect with Instructors, Share Insights, and Collaborate","description":"Slack stands out as a widely-used messaging and collaboration platform, celebrated for its convenience and versatility. It enables simultaneous participation in multiple conversations, supports comments and emoji reactions, and allows users to share screenshots, videos, and code snippets. Its functionality extends to making calls in huddle sessions. Given these robust features, Bondar Academy has chosen Slack as our primary communication platform, facilitating seamless interaction and collaboration.","body":"As a new member of Bondar Academy, one of your initial steps should be registering for the Bondar Academy Slack Workspace. Upon registration at Bondar Academy, you'll receive a welcome email containing the URL to join. This Workspace serves as a central hub for communication with instructors and fellow students. Whether you have a question, need to share code, or want to upload screenshots, Slack makes it easy and efficient. Moreover, its compatibility with both desktop and mobile devices, by downloading and installing the app, ensures you can stay connected with your instructors and the community wherever you go.","tagList":["Slack","Community","Collaboration"],"createdAt":"2024-01-27T21:38:27.992Z","updatedAt":"2024-01-27T21:38:27.992Z","favorited":false,"favoritesCount":72,"author":{"username":"Artem Bondar","bio":null,"image":"https://storage.googleapis.com/bondar-academy-visuals/Android.png","following":false}},{"slug":"Stay-Ahead-with-Bondar-Academy:-Subscribe-to-Our-YouTube-channel-for-Latest-Tech-and-Education-Updates-1","title":"Stay Ahead with Bondar Academy: Subscribe to Our YouTube channel for Latest Tech and Education Updates","description":"Who doesn't appreciate high-quality free resources? YouTube serves as an ideal platform for sharing the latest news, updates, and a wealth of tips and tricks in test automation and technology. Keep abreast of these invaluable insights by subscribing to the @bondaracademy YouTube channel.","body":"Who doesn't appreciate high-quality free resources? \n\nYouTube serves as an ideal platform for sharing the latest news, updates, and a wealth of tips and tricks in test automation and technology. \n\nKeep abreast of these invaluable insights by subscribing to our YouTube channel: https://www.youtube.com/@bondaracademy","tagList":["YouTube"],"createdAt":"2024-01-27T21:36:32.360Z","updatedAt":"2024-01-27T21:36:32.360Z","favorited":false,"favoritesCount":67,"author":{"username":"Artem Bondar","bio":null,"image":"https://storage.googleapis.com/bondar-academy-visuals/Android.png","following":false}},{"slug":"Explore-the-Latest-in-Learning:-Bondar-Academy-Blog's-Educational-Insights-from-Our-Experts-1","title":"Explore the Latest in Learning: Bondar Academy Blog's Educational Insights from Our Experts","description":"Discover a treasure trove of knowledge on the Bondar Academy blog. Here, we share an array of tips, techniques, and valuable educational materials, all designed to keep you abreast of the latest technological trends and best practices. For easy access and continual learning, consider bookmarking our blog in your browser.","body":"On the Bondar Academy blog, we consistently provide insightful and pertinent updates on the latest in technology, test automation, and industry best practices. For your convenience, we recommend adding our blog to your browser's bookmarks. Our commitment to keeping you informed is reflected in our weekly posts, each focusing on a significant topic of the week.\n\nWe value your input and invite you to contribute to our ever-evolving content. If you have any suggestions or specific topics you'd like us to explore, please feel free to share your ideas in the Bondar Academy Slack workspace. \n\nDiscover our blog here: https://www.bondaracademy.com/blog\n","tagList":["Blog"],"createdAt":"2024-01-27T21:34:04.531Z","updatedAt":"2024-01-27T21:34:04.531Z","favorited":false,"favoritesCount":67,"author":{"username":"Artem Bondar","bio":null,"image":"https://storage.googleapis.com/bondar-academy-visuals/Android.png","following":false}},{"slug":"Take-the-Next-Step:-Join-Bondar-Academy-Today-and-Enroll-into-the-class-1","title":"Take the Next Step: Join Bondar Academy Today and Enroll into the class","description":"Are you prepared to transform your educational journey? Begin by signing up at Bondar Academy, then register for our Slack Workspace to start exploring. We offer a range of classes, with some being completely free and others featuring free previews of the initial sections. This allows you to experience our content and teaching approach firsthand, helping you make an informed decision before enrolling in a class.","body":"Are you prepared to transform your educational journey? \n\nBegin by signing up at Bondar Academy, then register for our Slack Workspace to start exploring. We offer a range of classes, with some being completely free and others featuring free previews of the initial sections. This allows you to experience our content and teaching approach firsthand, helping you make an informed decision before enrolling in a class.\n\nClick here to enroll: https://www.bondaracademy.com","tagList":["Enroll","Start for Free"],"createdAt":"2024-01-27T21:32:21.056Z","updatedAt":"2024-01-27T21:32:21.056Z","favorited":false,"favoritesCount":75,"author":{"username":"Artem Bondar","bio":null,"image":"https://storage.googleapis.com/bondar-academy-visuals/Android.png","following":false}}],"articlesCount":10}

19:04:44.223 [pool-2-thread-1] DEBUG com.intuit.karate - request:
2 > GET https://conduit-api.bondaracademy.com/api/articles?limit=10&offset=0
2 > Host: conduit-api.bondaracademy.com
2 > Connection: Keep-Alive
2 > User-Agent: Apache-HttpClient/4.5.14 (Java/25.0.4)
2 > Accept-Encoding: gzip,deflate


19:04:44.500 [pool-2-thread-1] DEBUG com.intuit.karate - response time in milliseconds: 275
2 < 200
2 < x-powered-by: Express
2 < vary: Origin
2 < content-type: application/json; charset=utf-8
2 < etag: W/"43a9-46vzj+oI8pt/OwQfezo2HqTiwpI"
2 < x-cloud-trace-context: 3c0a6f0e03dfb7b8fbd38d2ff4a592da
2 < date: Sun, 30 Aug 2026 02:04:43 GMT
2 < server: Google Frontend
2 < Content-Length: 17321
{"articles":[{"slug":"Discover-Bondar-Academy:-Your-Gateway-to-Efficient-Learning-1","title":"Discover Bondar Academy: Your Gateway to Efficient Learning","description":"Discover Bondar Academy's unique place in the educational landscape, where value-focused and efficient learning approaches converge. Our goal is to rapidly enhance your professional technical skills, boosting your market competitiveness and paving the way for higher-paying job opportunities. The speed of your progress is in your hands – you set the pace, and we provide the solutions and support to help you achieve your desired outcomes.","body":"Bondar Academy is a leading platform for efficient education, designed to boost your technical skills and advance your career in Quality Assurance (QA). Our program features a balanced mix of pre-recorded lectures and live sessions, allowing each student to study at their own pace and at a time that suits them. \n\nOur instructors are readily available on our Slack Workspace for support. Whether it's a quick question or a more complex issue requiring a Zoom call or Slack Huddle for screen sharing and live discussion, we're here to assist. Additionally, each class comes with a comprehensive question bank for self-assessment. Following each lecture, you have the opportunity to validate your understanding and readiness to progress to the next topic. You set the pace, and we provide the solutions to ensure you achieve your desired outcomes.\n\nSignUp today: https://www.bondaracademy.com","tagList":["qa career","Bondar Academy","QA Skills","Value-Focused"],"createdAt":"2024-01-27T21:52:32.682Z","updatedAt":"2024-01-27T21:52:32.682Z","favorited":false,"favoritesCount":2217,"author":{"username":"Artem Bondar","bio":null,"image":"https://storage.googleapis.com/bondar-academy-visuals/Android.png","following":false}},{"slug":"The-value-of-pre-recorded-video-classes.-The-most-efficient-approach-to-tranfer-the-knowledge-1","title":"The value of pre-recorded video classes. The most efficient approach to tranfer the knowledge","description":"As educational practices evolve, video tutorials have emerged as the most efficient method for imparting theoretical knowledge. At Bondar Academy, we prioritize expertly structured and crafted video tutorials, ensuring you learn quickly and effectively and advance your skills.","body":"At Bondar Academy, we prioritize the value of your time and the efficiency of your education, distinguishing our approach from traditional colleges and live boot camps. Forget long, tedious live lectures on a fixed schedule. With us, you learn at your convenience and pace through optimized, structured video lectures. \n\nWe understand your goal is rapid knowledge acquisition. Our pre-recorded and well-organized lectures are designed precisely for this, ensuring no slowdowns from group dynamics or unrelated instructor anecdotes. \n\nDive straight into the subject matter, learn efficiently, and if questions arise, our immediate support on the Slack Workspace is there to streamline your learning process and swiftly remove any roadblocks.","tagList":["Bondar Academy","Video Lectures","Tutorials"],"createdAt":"2024-01-27T21:50:38.825Z","updatedAt":"2024-01-27T21:50:38.825Z","favorited":false,"favoritesCount":483,"author":{"username":"Artem Bondar","bio":null,"image":"https://storage.googleapis.com/bondar-academy-visuals/Android.png","following":false}},{"slug":"Mastering-Knowledge-with-Self-Assessments:-Identifying-and-Bridging-Learning-Gaps-in-Education-1","title":"Mastering Knowledge with Self-Assessments: Identifying and Bridging Learning Gaps in Education","description":"Self-assessment is an essential tool for gauging your understanding of lecture material. It answers critical questions: Have you grasped everything correctly? Is there anything you've missed? Are you prepared for the next lesson? These assessments ensure that you build a solid foundation of knowledge, confidently and efficiently paving the way for swift progress and effective learning outcomes.","body":"Traditional educational institutions, such as colleges and universities, commonly use tests and assessments to measure knowledge. This approach is effective for gauging student performance, but it's not without drawbacks. In these settings, assessments after every lecture aren't feasible due to the time required for teachers to evaluate them. This often leads to students having a false sense of understanding, believing they've comprehended all aspects of a lecture when, in reality, small but crucial details might be missed. These 'knowledge gaps' can accumulate, making more complex topics difficult to grasp later on.\n\nAt Bondar Academy, we address this challenge by implementing self-assessments after every lecture. These are designed to cover key questions that ensure a thorough understanding of the material, essential for comfort and success in future lectures. The number of questions varies, ranging from 3-4 to 15-20, depending on the lecture's significance and the volume of critical information. With these self-assessments, students receive immediate feedback, helping them determine if they've fully understood the lecture or if they need to revisit certain parts or seek assistance from our instructors in the Slack Workspace.","tagList":["Self-Assessment","Test","Exam"],"createdAt":"2024-01-27T21:48:36.340Z","updatedAt":"2024-01-27T21:48:36.340Z","favorited":false,"favoritesCount":247,"author":{"username":"Artem Bondar","bio":null,"image":"https://storage.googleapis.com/bondar-academy-visuals/Android.png","following":false}},{"slug":"Practical-Implementation-of-Skills:-Homework-Assignments-with-Instructor-Supervision-1","title":"Practical Implementation of Skills: Homework Assignments with Instructor Supervision","description":"Knowledge or skills not reinforced through practical exercises can quickly fade, often faster than anticipated. Homework, particularly in tasks like writing your own code, is crucial for honing these skills and cementing your understanding. At Bondar Academy, we ensure this vital step by assigning homework, rigorously evaluating the outcomes, and providing valuable feedback to guide your learning journey.","body":"Homework assignments are a fundamental component of the educational methodology at Bondar Academy, especially in technical education where learning a new programming language or framework is involved. The key to mastering these skills lies in writing code; the more you write, the better you become. However, merely replicating code seen in lectures leads to minimal learning. Often, this approach leaves students unclear about why their code works the way it does, as they focus on copying rather than understanding.\n\nA homework assignment at Bondar Academy starts with a blank page, challenging students to apply all their knowledge to write the first line of code. This process is more demanding than it appears. As you write each line, understanding and reasoning grow, making your code meaningful and comprehensible. You learn to write code that makes sense to you, enhancing your understanding.\n\nIn completing these assignments, you engage the 'thinking' part of your brain, transforming theoretical knowledge into practical skills. Recognizing the crucial role of homework in learning, our instructors at Bondar Academy are always available to assist with any challenges. Just reach out on Slack, and you'll receive the guidance and support needed for successful completion. At Bondar Academy, we fully understand the importance of homework assignments for the best outcome, so our instructors are always here to assist if you have any difficulties with completing them. Just ask in Slack and you'll be guided and assisted.","tagList":["Homework","Assignments","Practice","Coding"],"createdAt":"2024-01-27T21:46:09.512Z","updatedAt":"2024-01-27T21:46:09.512Z","favorited":false,"favoritesCount":115,"author":{"username":"Artem Bondar","bio":null,"image":"https://storage.googleapis.com/bondar-academy-visuals/Android.png","following":false}},{"slug":"Embracing-Daily-Git-Routines:-Real-Code-Reviews-on-GitHub-for-Effective-Coding-Practice.-1","title":"Embracing Daily Git Routines: Real Code Reviews on GitHub for Effective Coding Practice.","description":"Learning to code is just one part of a larger skill set; effectively managing and organizing code is equally crucial. At Bondar Academy, we integrate Git and platforms like GitHub into the core learning cycle. With us, using Git becomes a regular routine, where organizing code in branches, storing it in remote repositories, and collaborating with others through strategies like branching, merging, pull requests, and code reviews are standard practice.","body":"At Bondar Academy, mastering Git and GitHub is a fundamental step before delving into frameworks or programming languages. Effective code management, organization, and storage are crucial skills, and Git is the premier tool for this purpose. However, many learners initially find Git challenging due to its complexity and non-intuitive nature. To address this, our instructors have developed structured lectures on Git and GitHub, ensuring an efficient and thorough understanding of these essential tools. Git lessons are a mandatory prerequisite in every class. For a glimpse into our teaching approach, visit our YouTube channel: https://www.youtube.com/@BondarAcademy/playlists.\n\nIn our courses, all homework assignments are reviewed using GitHub pull requests, mirroring the workflow in real-world software development environments. Students submit their code to their working branch for review. Our instructors then provide feedback, suggesting modifications or adjustments for pull request approval. This iterative process is repeated throughout the course, establishing Git usage as a natural and routine part of your coding practice.","tagList":["YouTube","Git","GitHub"],"createdAt":"2024-01-27T21:42:31.491Z","updatedAt":"2024-01-27T21:42:31.491Z","favorited":false,"favoritesCount":104,"author":{"username":"Artem Bondar","bio":null,"image":"https://storage.googleapis.com/bondar-academy-visuals/Android.png","following":false}},{"slug":"Engaging-in-Live-Zoom-Sessions:-Interact-with-Instructors-and-Peers-Ask-Questions-in-Real-Time-1","title":"Engaging in Live Zoom Sessions: Interact with Instructors and Peers, Ask Questions in Real-Time","description":"In our increasingly online world, personal engagement remains a crucial element of effective learning. At Bondar Academy, we address this by hosting live Zoom sessions. These sessions provide a platform for live interaction between instructors and students, and among students themselves. Complementing our Slack channel, these live sessions offer an additional avenue for asking questions and engaging in meaningful discussions.","body":"In our increasingly online world, personal engagement remains a crucial element of effective learning. \nAt Bondar Academy, we address this by hosting live Zoom sessions. These sessions provide a platform for live interaction between instructors and students and among students themselves. Complementing our Slack channel, these live sessions offer an additional avenue for asking questions and engaging in meaningful discussions.","tagList":["Zoom","Live Sessions"],"createdAt":"2024-01-27T21:39:50.587Z","updatedAt":"2024-01-27T21:39:50.587Z","favorited":false,"favoritesCount":76,"author":{"username":"Artem Bondar","bio":null,"image":"https://storage.googleapis.com/bondar-academy-visuals/Android.png","following":false}},{"slug":"Utilizing-Slack-for-Continuous-Engagement:-Connect-with-Instructors-Share-Insights-and-Collaborate-1","title":"Utilizing Slack for Continuous Engagement: Connect with Instructors, Share Insights, and Collaborate","description":"Slack stands out as a widely-used messaging and collaboration platform, celebrated for its convenience and versatility. It enables simultaneous participation in multiple conversations, supports comments and emoji reactions, and allows users to share screenshots, videos, and code snippets. Its functionality extends to making calls in huddle sessions. Given these robust features, Bondar Academy has chosen Slack as our primary communication platform, facilitating seamless interaction and collaboration.","body":"As a new member of Bondar Academy, one of your initial steps should be registering for the Bondar Academy Slack Workspace. Upon registration at Bondar Academy, you'll receive a welcome email containing the URL to join. This Workspace serves as a central hub for communication with instructors and fellow students. Whether you have a question, need to share code, or want to upload screenshots, Slack makes it easy and efficient. Moreover, its compatibility with both desktop and mobile devices, by downloading and installing the app, ensures you can stay connected with your instructors and the community wherever you go.","tagList":["Slack","Community","Collaboration"],"createdAt":"2024-01-27T21:38:27.992Z","updatedAt":"2024-01-27T21:38:27.992Z","favorited":false,"favoritesCount":72,"author":{"username":"Artem Bondar","bio":null,"image":"https://storage.googleapis.com/bondar-academy-visuals/Android.png","following":false}},{"slug":"Stay-Ahead-with-Bondar-Academy:-Subscribe-to-Our-YouTube-channel-for-Latest-Tech-and-Education-Updates-1","title":"Stay Ahead with Bondar Academy: Subscribe to Our YouTube channel for Latest Tech and Education Updates","description":"Who doesn't appreciate high-quality free resources? YouTube serves as an ideal platform for sharing the latest news, updates, and a wealth of tips and tricks in test automation and technology. Keep abreast of these invaluable insights by subscribing to the @bondaracademy YouTube channel.","body":"Who doesn't appreciate high-quality free resources? \n\nYouTube serves as an ideal platform for sharing the latest news, updates, and a wealth of tips and tricks in test automation and technology. \n\nKeep abreast of these invaluable insights by subscribing to our YouTube channel: https://www.youtube.com/@bondaracademy","tagList":["YouTube"],"createdAt":"2024-01-27T21:36:32.360Z","updatedAt":"2024-01-27T21:36:32.360Z","favorited":false,"favoritesCount":67,"author":{"username":"Artem Bondar","bio":null,"image":"https://storage.googleapis.com/bondar-academy-visuals/Android.png","following":false}},{"slug":"Explore-the-Latest-in-Learning:-Bondar-Academy-Blog's-Educational-Insights-from-Our-Experts-1","title":"Explore the Latest in Learning: Bondar Academy Blog's Educational Insights from Our Experts","description":"Discover a treasure trove of knowledge on the Bondar Academy blog. Here, we share an array of tips, techniques, and valuable educational materials, all designed to keep you abreast of the latest technological trends and best practices. For easy access and continual learning, consider bookmarking our blog in your browser.","body":"On the Bondar Academy blog, we consistently provide insightful and pertinent updates on the latest in technology, test automation, and industry best practices. For your convenience, we recommend adding our blog to your browser's bookmarks. Our commitment to keeping you informed is reflected in our weekly posts, each focusing on a significant topic of the week.\n\nWe value your input and invite you to contribute to our ever-evolving content. If you have any suggestions or specific topics you'd like us to explore, please feel free to share your ideas in the Bondar Academy Slack workspace. \n\nDiscover our blog here: https://www.bondaracademy.com/blog\n","tagList":["Blog"],"createdAt":"2024-01-27T21:34:04.531Z","updatedAt":"2024-01-27T21:34:04.531Z","favorited":false,"favoritesCount":67,"author":{"username":"Artem Bondar","bio":null,"image":"https://storage.googleapis.com/bondar-academy-visuals/Android.png","following":false}},{"slug":"Take-the-Next-Step:-Join-Bondar-Academy-Today-and-Enroll-into-the-class-1","title":"Take the Next Step: Join Bondar Academy Today and Enroll into the class","description":"Are you prepared to transform your educational journey? Begin by signing up at Bondar Academy, then register for our Slack Workspace to start exploring. We offer a range of classes, with some being completely free and others featuring free previews of the initial sections. This allows you to experience our content and teaching approach firsthand, helping you make an informed decision before enrolling in a class.","body":"Are you prepared to transform your educational journey? \n\nBegin by signing up at Bondar Academy, then register for our Slack Workspace to start exploring. We offer a range of classes, with some being completely free and others featuring free previews of the initial sections. This allows you to experience our content and teaching approach firsthand, helping you make an informed decision before enrolling in a class.\n\nClick here to enroll: https://www.bondaracademy.com","tagList":["Enroll","Start for Free"],"createdAt":"2024-01-27T21:32:21.056Z","updatedAt":"2024-01-27T21:32:21.056Z","favorited":false,"favoritesCount":75,"author":{"username":"Artem Bondar","bio":null,"image":"https://storage.googleapis.com/bondar-academy-visuals/Android.png","following":false}}],"articlesCount":10}

19:04:44.520 [pool-2-thread-1] ERROR com.intuit.karate - classpath:examples/features/ArticleList.feature:52
And match response.articles[0].favoritesCount == 1
match failed: EQUALS
  $ | not equal (NUMBER:NUMBER)
  2217
  1

classpath:examples/features/ArticleList.feature:52
19:04:45.213 [pool-3-thread-1] INFO  com.intuit.karate.Suite - <<fail>> feature 1 of 3 (2 remaining) classpath:examples/features/ArticleList.feature
19:05:06.892 [main] INFO  com.intuit.karate.Runner - using system property 'karate.options': --tags @articlelist
19:05:07.894 [main] DEBUG com.intuit.karate.Suite - [config] classpath:karate-config.js
19:05:07.898 [main] INFO  com.intuit.karate.Suite - backed up existing 'target\karate-reports' dir to: target\karate-reports_1788055507896
19:05:07.905 [main] DEBUG com.intuit.karate.Suite - waiting for 3 features to complete
19:05:09.481 [pool-2-thread-1] INFO  com.intuit.karate - karate.env system property was: null 
19:05:09.845 [pool-2-thread-1] DEBUG com.intuit.karate - request:
1 > GET https://conduit-api.bondaracademy.com/api/articles?limit=10&offset=0
1 > Host: conduit-api.bondaracademy.com
1 > Connection: Keep-Alive
1 > User-Agent: Apache-HttpClient/4.5.14 (Java/25.0.4)
1 > Accept-Encoding: gzip,deflate


19:05:10.847 [pool-2-thread-1] DEBUG com.intuit.karate - response time in milliseconds: 996
1 < 200
1 < x-powered-by: Express
1 < vary: Origin
1 < content-type: application/json; charset=utf-8
1 < etag: W/"43a9-46vzj+oI8pt/OwQfezo2HqTiwpI"
1 < x-cloud-trace-context: 17efea6ba8dccc560e94ad1889cbba59;o=1
1 < date: Sun, 30 Aug 2026 02:05:10 GMT
1 < server: Google Frontend
1 < Content-Length: 17321
{"articles":[{"slug":"Discover-Bondar-Academy:-Your-Gateway-to-Efficient-Learning-1","title":"Discover Bondar Academy: Your Gateway to Efficient Learning","description":"Discover Bondar Academy's unique place in the educational landscape, where value-focused and efficient learning approaches converge. Our goal is to rapidly enhance your professional technical skills, boosting your market competitiveness and paving the way for higher-paying job opportunities. The speed of your progress is in your hands – you set the pace, and we provide the solutions and support to help you achieve your desired outcomes.","body":"Bondar Academy is a leading platform for efficient education, designed to boost your technical skills and advance your career in Quality Assurance (QA). Our program features a balanced mix of pre-recorded lectures and live sessions, allowing each student to study at their own pace and at a time that suits them. \n\nOur instructors are readily available on our Slack Workspace for support. Whether it's a quick question or a more complex issue requiring a Zoom call or Slack Huddle for screen sharing and live discussion, we're here to assist. Additionally, each class comes with a comprehensive question bank for self-assessment. Following each lecture, you have the opportunity to validate your understanding and readiness to progress to the next topic. You set the pace, and we provide the solutions to ensure you achieve your desired outcomes.\n\nSignUp today: https://www.bondaracademy.com","tagList":["qa career","Bondar Academy","QA Skills","Value-Focused"],"createdAt":"2024-01-27T21:52:32.682Z","updatedAt":"2024-01-27T21:52:32.682Z","favorited":false,"favoritesCount":2217,"author":{"username":"Artem Bondar","bio":null,"image":"https://storage.googleapis.com/bondar-academy-visuals/Android.png","following":false}},{"slug":"The-value-of-pre-recorded-video-classes.-The-most-efficient-approach-to-tranfer-the-knowledge-1","title":"The value of pre-recorded video classes. The most efficient approach to tranfer the knowledge","description":"As educational practices evolve, video tutorials have emerged as the most efficient method for imparting theoretical knowledge. At Bondar Academy, we prioritize expertly structured and crafted video tutorials, ensuring you learn quickly and effectively and advance your skills.","body":"At Bondar Academy, we prioritize the value of your time and the efficiency of your education, distinguishing our approach from traditional colleges and live boot camps. Forget long, tedious live lectures on a fixed schedule. With us, you learn at your convenience and pace through optimized, structured video lectures. \n\nWe understand your goal is rapid knowledge acquisition. Our pre-recorded and well-organized lectures are designed precisely for this, ensuring no slowdowns from group dynamics or unrelated instructor anecdotes. \n\nDive straight into the subject matter, learn efficiently, and if questions arise, our immediate support on the Slack Workspace is there to streamline your learning process and swiftly remove any roadblocks.","tagList":["Bondar Academy","Video Lectures","Tutorials"],"createdAt":"2024-01-27T21:50:38.825Z","updatedAt":"2024-01-27T21:50:38.825Z","favorited":false,"favoritesCount":483,"author":{"username":"Artem Bondar","bio":null,"image":"https://storage.googleapis.com/bondar-academy-visuals/Android.png","following":false}},{"slug":"Mastering-Knowledge-with-Self-Assessments:-Identifying-and-Bridging-Learning-Gaps-in-Education-1","title":"Mastering Knowledge with Self-Assessments: Identifying and Bridging Learning Gaps in Education","description":"Self-assessment is an essential tool for gauging your understanding of lecture material. It answers critical questions: Have you grasped everything correctly? Is there anything you've missed? Are you prepared for the next lesson? These assessments ensure that you build a solid foundation of knowledge, confidently and efficiently paving the way for swift progress and effective learning outcomes.","body":"Traditional educational institutions, such as colleges and universities, commonly use tests and assessments to measure knowledge. This approach is effective for gauging student performance, but it's not without drawbacks. In these settings, assessments after every lecture aren't feasible due to the time required for teachers to evaluate them. This often leads to students having a false sense of understanding, believing they've comprehended all aspects of a lecture when, in reality, small but crucial details might be missed. These 'knowledge gaps' can accumulate, making more complex topics difficult to grasp later on.\n\nAt Bondar Academy, we address this challenge by implementing self-assessments after every lecture. These are designed to cover key questions that ensure a thorough understanding of the material, essential for comfort and success in future lectures. The number of questions varies, ranging from 3-4 to 15-20, depending on the lecture's significance and the volume of critical information. With these self-assessments, students receive immediate feedback, helping them determine if they've fully understood the lecture or if they need to revisit certain parts or seek assistance from our instructors in the Slack Workspace.","tagList":["Self-Assessment","Test","Exam"],"createdAt":"2024-01-27T21:48:36.340Z","updatedAt":"2024-01-27T21:48:36.340Z","favorited":false,"favoritesCount":247,"author":{"username":"Artem Bondar","bio":null,"image":"https://storage.googleapis.com/bondar-academy-visuals/Android.png","following":false}},{"slug":"Practical-Implementation-of-Skills:-Homework-Assignments-with-Instructor-Supervision-1","title":"Practical Implementation of Skills: Homework Assignments with Instructor Supervision","description":"Knowledge or skills not reinforced through practical exercises can quickly fade, often faster than anticipated. Homework, particularly in tasks like writing your own code, is crucial for honing these skills and cementing your understanding. At Bondar Academy, we ensure this vital step by assigning homework, rigorously evaluating the outcomes, and providing valuable feedback to guide your learning journey.","body":"Homework assignments are a fundamental component of the educational methodology at Bondar Academy, especially in technical education where learning a new programming language or framework is involved. The key to mastering these skills lies in writing code; the more you write, the better you become. However, merely replicating code seen in lectures leads to minimal learning. Often, this approach leaves students unclear about why their code works the way it does, as they focus on copying rather than understanding.\n\nA homework assignment at Bondar Academy starts with a blank page, challenging students to apply all their knowledge to write the first line of code. This process is more demanding than it appears. As you write each line, understanding and reasoning grow, making your code meaningful and comprehensible. You learn to write code that makes sense to you, enhancing your understanding.\n\nIn completing these assignments, you engage the 'thinking' part of your brain, transforming theoretical knowledge into practical skills. Recognizing the crucial role of homework in learning, our instructors at Bondar Academy are always available to assist with any challenges. Just reach out on Slack, and you'll receive the guidance and support needed for successful completion. At Bondar Academy, we fully understand the importance of homework assignments for the best outcome, so our instructors are always here to assist if you have any difficulties with completing them. Just ask in Slack and you'll be guided and assisted.","tagList":["Homework","Assignments","Practice","Coding"],"createdAt":"2024-01-27T21:46:09.512Z","updatedAt":"2024-01-27T21:46:09.512Z","favorited":false,"favoritesCount":115,"author":{"username":"Artem Bondar","bio":null,"image":"https://storage.googleapis.com/bondar-academy-visuals/Android.png","following":false}},{"slug":"Embracing-Daily-Git-Routines:-Real-Code-Reviews-on-GitHub-for-Effective-Coding-Practice.-1","title":"Embracing Daily Git Routines: Real Code Reviews on GitHub for Effective Coding Practice.","description":"Learning to code is just one part of a larger skill set; effectively managing and organizing code is equally crucial. At Bondar Academy, we integrate Git and platforms like GitHub into the core learning cycle. With us, using Git becomes a regular routine, where organizing code in branches, storing it in remote repositories, and collaborating with others through strategies like branching, merging, pull requests, and code reviews are standard practice.","body":"At Bondar Academy, mastering Git and GitHub is a fundamental step before delving into frameworks or programming languages. Effective code management, organization, and storage are crucial skills, and Git is the premier tool for this purpose. However, many learners initially find Git challenging due to its complexity and non-intuitive nature. To address this, our instructors have developed structured lectures on Git and GitHub, ensuring an efficient and thorough understanding of these essential tools. Git lessons are a mandatory prerequisite in every class. For a glimpse into our teaching approach, visit our YouTube channel: https://www.youtube.com/@BondarAcademy/playlists.\n\nIn our courses, all homework assignments are reviewed using GitHub pull requests, mirroring the workflow in real-world software development environments. Students submit their code to their working branch for review. Our instructors then provide feedback, suggesting modifications or adjustments for pull request approval. This iterative process is repeated throughout the course, establishing Git usage as a natural and routine part of your coding practice.","tagList":["YouTube","Git","GitHub"],"createdAt":"2024-01-27T21:42:31.491Z","updatedAt":"2024-01-27T21:42:31.491Z","favorited":false,"favoritesCount":104,"author":{"username":"Artem Bondar","bio":null,"image":"https://storage.googleapis.com/bondar-academy-visuals/Android.png","following":false}},{"slug":"Engaging-in-Live-Zoom-Sessions:-Interact-with-Instructors-and-Peers-Ask-Questions-in-Real-Time-1","title":"Engaging in Live Zoom Sessions: Interact with Instructors and Peers, Ask Questions in Real-Time","description":"In our increasingly online world, personal engagement remains a crucial element of effective learning. At Bondar Academy, we address this by hosting live Zoom sessions. These sessions provide a platform for live interaction between instructors and students, and among students themselves. Complementing our Slack channel, these live sessions offer an additional avenue for asking questions and engaging in meaningful discussions.","body":"In our increasingly online world, personal engagement remains a crucial element of effective learning. \nAt Bondar Academy, we address this by hosting live Zoom sessions. These sessions provide a platform for live interaction between instructors and students and among students themselves. Complementing our Slack channel, these live sessions offer an additional avenue for asking questions and engaging in meaningful discussions.","tagList":["Zoom","Live Sessions"],"createdAt":"2024-01-27T21:39:50.587Z","updatedAt":"2024-01-27T21:39:50.587Z","favorited":false,"favoritesCount":76,"author":{"username":"Artem Bondar","bio":null,"image":"https://storage.googleapis.com/bondar-academy-visuals/Android.png","following":false}},{"slug":"Utilizing-Slack-for-Continuous-Engagement:-Connect-with-Instructors-Share-Insights-and-Collaborate-1","title":"Utilizing Slack for Continuous Engagement: Connect with Instructors, Share Insights, and Collaborate","description":"Slack stands out as a widely-used messaging and collaboration platform, celebrated for its convenience and versatility. It enables simultaneous participation in multiple conversations, supports comments and emoji reactions, and allows users to share screenshots, videos, and code snippets. Its functionality extends to making calls in huddle sessions. Given these robust features, Bondar Academy has chosen Slack as our primary communication platform, facilitating seamless interaction and collaboration.","body":"As a new member of Bondar Academy, one of your initial steps should be registering for the Bondar Academy Slack Workspace. Upon registration at Bondar Academy, you'll receive a welcome email containing the URL to join. This Workspace serves as a central hub for communication with instructors and fellow students. Whether you have a question, need to share code, or want to upload screenshots, Slack makes it easy and efficient. Moreover, its compatibility with both desktop and mobile devices, by downloading and installing the app, ensures you can stay connected with your instructors and the community wherever you go.","tagList":["Slack","Community","Collaboration"],"createdAt":"2024-01-27T21:38:27.992Z","updatedAt":"2024-01-27T21:38:27.992Z","favorited":false,"favoritesCount":72,"author":{"username":"Artem Bondar","bio":null,"image":"https://storage.googleapis.com/bondar-academy-visuals/Android.png","following":false}},{"slug":"Stay-Ahead-with-Bondar-Academy:-Subscribe-to-Our-YouTube-channel-for-Latest-Tech-and-Education-Updates-1","title":"Stay Ahead with Bondar Academy: Subscribe to Our YouTube channel for Latest Tech and Education Updates","description":"Who doesn't appreciate high-quality free resources? YouTube serves as an ideal platform for sharing the latest news, updates, and a wealth of tips and tricks in test automation and technology. Keep abreast of these invaluable insights by subscribing to the @bondaracademy YouTube channel.","body":"Who doesn't appreciate high-quality free resources? \n\nYouTube serves as an ideal platform for sharing the latest news, updates, and a wealth of tips and tricks in test automation and technology. \n\nKeep abreast of these invaluable insights by subscribing to our YouTube channel: https://www.youtube.com/@bondaracademy","tagList":["YouTube"],"createdAt":"2024-01-27T21:36:32.360Z","updatedAt":"2024-01-27T21:36:32.360Z","favorited":false,"favoritesCount":67,"author":{"username":"Artem Bondar","bio":null,"image":"https://storage.googleapis.com/bondar-academy-visuals/Android.png","following":false}},{"slug":"Explore-the-Latest-in-Learning:-Bondar-Academy-Blog's-Educational-Insights-from-Our-Experts-1","title":"Explore the Latest in Learning: Bondar Academy Blog's Educational Insights from Our Experts","description":"Discover a treasure trove of knowledge on the Bondar Academy blog. Here, we share an array of tips, techniques, and valuable educational materials, all designed to keep you abreast of the latest technological trends and best practices. For easy access and continual learning, consider bookmarking our blog in your browser.","body":"On the Bondar Academy blog, we consistently provide insightful and pertinent updates on the latest in technology, test automation, and industry best practices. For your convenience, we recommend adding our blog to your browser's bookmarks. Our commitment to keeping you informed is reflected in our weekly posts, each focusing on a significant topic of the week.\n\nWe value your input and invite you to contribute to our ever-evolving content. If you have any suggestions or specific topics you'd like us to explore, please feel free to share your ideas in the Bondar Academy Slack workspace. \n\nDiscover our blog here: https://www.bondaracademy.com/blog\n","tagList":["Blog"],"createdAt":"2024-01-27T21:34:04.531Z","updatedAt":"2024-01-27T21:34:04.531Z","favorited":false,"favoritesCount":67,"author":{"username":"Artem Bondar","bio":null,"image":"https://storage.googleapis.com/bondar-academy-visuals/Android.png","following":false}},{"slug":"Take-the-Next-Step:-Join-Bondar-Academy-Today-and-Enroll-into-the-class-1","title":"Take the Next Step: Join Bondar Academy Today and Enroll into the class","description":"Are you prepared to transform your educational journey? Begin by signing up at Bondar Academy, then register for our Slack Workspace to start exploring. We offer a range of classes, with some being completely free and others featuring free previews of the initial sections. This allows you to experience our content and teaching approach firsthand, helping you make an informed decision before enrolling in a class.","body":"Are you prepared to transform your educational journey? \n\nBegin by signing up at Bondar Academy, then register for our Slack Workspace to start exploring. We offer a range of classes, with some being completely free and others featuring free previews of the initial sections. This allows you to experience our content and teaching approach firsthand, helping you make an informed decision before enrolling in a class.\n\nClick here to enroll: https://www.bondaracademy.com","tagList":["Enroll","Start for Free"],"createdAt":"2024-01-27T21:32:21.056Z","updatedAt":"2024-01-27T21:32:21.056Z","favorited":false,"favoritesCount":75,"author":{"username":"Artem Bondar","bio":null,"image":"https://storage.googleapis.com/bondar-academy-visuals/Android.png","following":false}}],"articlesCount":10}

19:05:10.881 [pool-2-thread-1] DEBUG com.intuit.karate - request:
2 > GET https://conduit-api.bondaracademy.com/api/articles?limit=10&offset=0
2 > Host: conduit-api.bondaracademy.com
2 > Connection: Keep-Alive
2 > User-Agent: Apache-HttpClient/4.5.14 (Java/25.0.4)
2 > Accept-Encoding: gzip,deflate


19:05:11.201 [pool-2-thread-1] DEBUG com.intuit.karate - response time in milliseconds: 318
2 < 200
2 < x-powered-by: Express
2 < vary: Origin
2 < content-type: application/json; charset=utf-8
2 < etag: W/"43a9-46vzj+oI8pt/OwQfezo2HqTiwpI"
2 < x-cloud-trace-context: 405e97d4122f3bd8af0d0e6bb2ebb7c5
2 < date: Sun, 30 Aug 2026 02:05:10 GMT
2 < server: Google Frontend
2 < Content-Length: 17321
{"articles":[{"slug":"Discover-Bondar-Academy:-Your-Gateway-to-Efficient-Learning-1","title":"Discover Bondar Academy: Your Gateway to Efficient Learning","description":"Discover Bondar Academy's unique place in the educational landscape, where value-focused and efficient learning approaches converge. Our goal is to rapidly enhance your professional technical skills, boosting your market competitiveness and paving the way for higher-paying job opportunities. The speed of your progress is in your hands – you set the pace, and we provide the solutions and support to help you achieve your desired outcomes.","body":"Bondar Academy is a leading platform for efficient education, designed to boost your technical skills and advance your career in Quality Assurance (QA). Our program features a balanced mix of pre-recorded lectures and live sessions, allowing each student to study at their own pace and at a time that suits them. \n\nOur instructors are readily available on our Slack Workspace for support. Whether it's a quick question or a more complex issue requiring a Zoom call or Slack Huddle for screen sharing and live discussion, we're here to assist. Additionally, each class comes with a comprehensive question bank for self-assessment. Following each lecture, you have the opportunity to validate your understanding and readiness to progress to the next topic. You set the pace, and we provide the solutions to ensure you achieve your desired outcomes.\n\nSignUp today: https://www.bondaracademy.com","tagList":["qa career","Bondar Academy","QA Skills","Value-Focused"],"createdAt":"2024-01-27T21:52:32.682Z","updatedAt":"2024-01-27T21:52:32.682Z","favorited":false,"favoritesCount":2217,"author":{"username":"Artem Bondar","bio":null,"image":"https://storage.googleapis.com/bondar-academy-visuals/Android.png","following":false}},{"slug":"The-value-of-pre-recorded-video-classes.-The-most-efficient-approach-to-tranfer-the-knowledge-1","title":"The value of pre-recorded video classes. The most efficient approach to tranfer the knowledge","description":"As educational practices evolve, video tutorials have emerged as the most efficient method for imparting theoretical knowledge. At Bondar Academy, we prioritize expertly structured and crafted video tutorials, ensuring you learn quickly and effectively and advance your skills.","body":"At Bondar Academy, we prioritize the value of your time and the efficiency of your education, distinguishing our approach from traditional colleges and live boot camps. Forget long, tedious live lectures on a fixed schedule. With us, you learn at your convenience and pace through optimized, structured video lectures. \n\nWe understand your goal is rapid knowledge acquisition. Our pre-recorded and well-organized lectures are designed precisely for this, ensuring no slowdowns from group dynamics or unrelated instructor anecdotes. \n\nDive straight into the subject matter, learn efficiently, and if questions arise, our immediate support on the Slack Workspace is there to streamline your learning process and swiftly remove any roadblocks.","tagList":["Bondar Academy","Video Lectures","Tutorials"],"createdAt":"2024-01-27T21:50:38.825Z","updatedAt":"2024-01-27T21:50:38.825Z","favorited":false,"favoritesCount":483,"author":{"username":"Artem Bondar","bio":null,"image":"https://storage.googleapis.com/bondar-academy-visuals/Android.png","following":false}},{"slug":"Mastering-Knowledge-with-Self-Assessments:-Identifying-and-Bridging-Learning-Gaps-in-Education-1","title":"Mastering Knowledge with Self-Assessments: Identifying and Bridging Learning Gaps in Education","description":"Self-assessment is an essential tool for gauging your understanding of lecture material. It answers critical questions: Have you grasped everything correctly? Is there anything you've missed? Are you prepared for the next lesson? These assessments ensure that you build a solid foundation of knowledge, confidently and efficiently paving the way for swift progress and effective learning outcomes.","body":"Traditional educational institutions, such as colleges and universities, commonly use tests and assessments to measure knowledge. This approach is effective for gauging student performance, but it's not without drawbacks. In these settings, assessments after every lecture aren't feasible due to the time required for teachers to evaluate them. This often leads to students having a false sense of understanding, believing they've comprehended all aspects of a lecture when, in reality, small but crucial details might be missed. These 'knowledge gaps' can accumulate, making more complex topics difficult to grasp later on.\n\nAt Bondar Academy, we address this challenge by implementing self-assessments after every lecture. These are designed to cover key questions that ensure a thorough understanding of the material, essential for comfort and success in future lectures. The number of questions varies, ranging from 3-4 to 15-20, depending on the lecture's significance and the volume of critical information. With these self-assessments, students receive immediate feedback, helping them determine if they've fully understood the lecture or if they need to revisit certain parts or seek assistance from our instructors in the Slack Workspace.","tagList":["Self-Assessment","Test","Exam"],"createdAt":"2024-01-27T21:48:36.340Z","updatedAt":"2024-01-27T21:48:36.340Z","favorited":false,"favoritesCount":247,"author":{"username":"Artem Bondar","bio":null,"image":"https://storage.googleapis.com/bondar-academy-visuals/Android.png","following":false}},{"slug":"Practical-Implementation-of-Skills:-Homework-Assignments-with-Instructor-Supervision-1","title":"Practical Implementation of Skills: Homework Assignments with Instructor Supervision","description":"Knowledge or skills not reinforced through practical exercises can quickly fade, often faster than anticipated. Homework, particularly in tasks like writing your own code, is crucial for honing these skills and cementing your understanding. At Bondar Academy, we ensure this vital step by assigning homework, rigorously evaluating the outcomes, and providing valuable feedback to guide your learning journey.","body":"Homework assignments are a fundamental component of the educational methodology at Bondar Academy, especially in technical education where learning a new programming language or framework is involved. The key to mastering these skills lies in writing code; the more you write, the better you become. However, merely replicating code seen in lectures leads to minimal learning. Often, this approach leaves students unclear about why their code works the way it does, as they focus on copying rather than understanding.\n\nA homework assignment at Bondar Academy starts with a blank page, challenging students to apply all their knowledge to write the first line of code. This process is more demanding than it appears. As you write each line, understanding and reasoning grow, making your code meaningful and comprehensible. You learn to write code that makes sense to you, enhancing your understanding.\n\nIn completing these assignments, you engage the 'thinking' part of your brain, transforming theoretical knowledge into practical skills. Recognizing the crucial role of homework in learning, our instructors at Bondar Academy are always available to assist with any challenges. Just reach out on Slack, and you'll receive the guidance and support needed for successful completion. At Bondar Academy, we fully understand the importance of homework assignments for the best outcome, so our instructors are always here to assist if you have any difficulties with completing them. Just ask in Slack and you'll be guided and assisted.","tagList":["Homework","Assignments","Practice","Coding"],"createdAt":"2024-01-27T21:46:09.512Z","updatedAt":"2024-01-27T21:46:09.512Z","favorited":false,"favoritesCount":115,"author":{"username":"Artem Bondar","bio":null,"image":"https://storage.googleapis.com/bondar-academy-visuals/Android.png","following":false}},{"slug":"Embracing-Daily-Git-Routines:-Real-Code-Reviews-on-GitHub-for-Effective-Coding-Practice.-1","title":"Embracing Daily Git Routines: Real Code Reviews on GitHub for Effective Coding Practice.","description":"Learning to code is just one part of a larger skill set; effectively managing and organizing code is equally crucial. At Bondar Academy, we integrate Git and platforms like GitHub into the core learning cycle. With us, using Git becomes a regular routine, where organizing code in branches, storing it in remote repositories, and collaborating with others through strategies like branching, merging, pull requests, and code reviews are standard practice.","body":"At Bondar Academy, mastering Git and GitHub is a fundamental step before delving into frameworks or programming languages. Effective code management, organization, and storage are crucial skills, and Git is the premier tool for this purpose. However, many learners initially find Git challenging due to its complexity and non-intuitive nature. To address this, our instructors have developed structured lectures on Git and GitHub, ensuring an efficient and thorough understanding of these essential tools. Git lessons are a mandatory prerequisite in every class. For a glimpse into our teaching approach, visit our YouTube channel: https://www.youtube.com/@BondarAcademy/playlists.\n\nIn our courses, all homework assignments are reviewed using GitHub pull requests, mirroring the workflow in real-world software development environments. Students submit their code to their working branch for review. Our instructors then provide feedback, suggesting modifications or adjustments for pull request approval. This iterative process is repeated throughout the course, establishing Git usage as a natural and routine part of your coding practice.","tagList":["YouTube","Git","GitHub"],"createdAt":"2024-01-27T21:42:31.491Z","updatedAt":"2024-01-27T21:42:31.491Z","favorited":false,"favoritesCount":104,"author":{"username":"Artem Bondar","bio":null,"image":"https://storage.googleapis.com/bondar-academy-visuals/Android.png","following":false}},{"slug":"Engaging-in-Live-Zoom-Sessions:-Interact-with-Instructors-and-Peers-Ask-Questions-in-Real-Time-1","title":"Engaging in Live Zoom Sessions: Interact with Instructors and Peers, Ask Questions in Real-Time","description":"In our increasingly online world, personal engagement remains a crucial element of effective learning. At Bondar Academy, we address this by hosting live Zoom sessions. These sessions provide a platform for live interaction between instructors and students, and among students themselves. Complementing our Slack channel, these live sessions offer an additional avenue for asking questions and engaging in meaningful discussions.","body":"In our increasingly online world, personal engagement remains a crucial element of effective learning. \nAt Bondar Academy, we address this by hosting live Zoom sessions. These sessions provide a platform for live interaction between instructors and students and among students themselves. Complementing our Slack channel, these live sessions offer an additional avenue for asking questions and engaging in meaningful discussions.","tagList":["Zoom","Live Sessions"],"createdAt":"2024-01-27T21:39:50.587Z","updatedAt":"2024-01-27T21:39:50.587Z","favorited":false,"favoritesCount":76,"author":{"username":"Artem Bondar","bio":null,"image":"https://storage.googleapis.com/bondar-academy-visuals/Android.png","following":false}},{"slug":"Utilizing-Slack-for-Continuous-Engagement:-Connect-with-Instructors-Share-Insights-and-Collaborate-1","title":"Utilizing Slack for Continuous Engagement: Connect with Instructors, Share Insights, and Collaborate","description":"Slack stands out as a widely-used messaging and collaboration platform, celebrated for its convenience and versatility. It enables simultaneous participation in multiple conversations, supports comments and emoji reactions, and allows users to share screenshots, videos, and code snippets. Its functionality extends to making calls in huddle sessions. Given these robust features, Bondar Academy has chosen Slack as our primary communication platform, facilitating seamless interaction and collaboration.","body":"As a new member of Bondar Academy, one of your initial steps should be registering for the Bondar Academy Slack Workspace. Upon registration at Bondar Academy, you'll receive a welcome email containing the URL to join. This Workspace serves as a central hub for communication with instructors and fellow students. Whether you have a question, need to share code, or want to upload screenshots, Slack makes it easy and efficient. Moreover, its compatibility with both desktop and mobile devices, by downloading and installing the app, ensures you can stay connected with your instructors and the community wherever you go.","tagList":["Slack","Community","Collaboration"],"createdAt":"2024-01-27T21:38:27.992Z","updatedAt":"2024-01-27T21:38:27.992Z","favorited":false,"favoritesCount":72,"author":{"username":"Artem Bondar","bio":null,"image":"https://storage.googleapis.com/bondar-academy-visuals/Android.png","following":false}},{"slug":"Stay-Ahead-with-Bondar-Academy:-Subscribe-to-Our-YouTube-channel-for-Latest-Tech-and-Education-Updates-1","title":"Stay Ahead with Bondar Academy: Subscribe to Our YouTube channel for Latest Tech and Education Updates","description":"Who doesn't appreciate high-quality free resources? YouTube serves as an ideal platform for sharing the latest news, updates, and a wealth of tips and tricks in test automation and technology. Keep abreast of these invaluable insights by subscribing to the @bondaracademy YouTube channel.","body":"Who doesn't appreciate high-quality free resources? \n\nYouTube serves as an ideal platform for sharing the latest news, updates, and a wealth of tips and tricks in test automation and technology. \n\nKeep abreast of these invaluable insights by subscribing to our YouTube channel: https://www.youtube.com/@bondaracademy","tagList":["YouTube"],"createdAt":"2024-01-27T21:36:32.360Z","updatedAt":"2024-01-27T21:36:32.360Z","favorited":false,"favoritesCount":67,"author":{"username":"Artem Bondar","bio":null,"image":"https://storage.googleapis.com/bondar-academy-visuals/Android.png","following":false}},{"slug":"Explore-the-Latest-in-Learning:-Bondar-Academy-Blog's-Educational-Insights-from-Our-Experts-1","title":"Explore the Latest in Learning: Bondar Academy Blog's Educational Insights from Our Experts","description":"Discover a treasure trove of knowledge on the Bondar Academy blog. Here, we share an array of tips, techniques, and valuable educational materials, all designed to keep you abreast of the latest technological trends and best practices. For easy access and continual learning, consider bookmarking our blog in your browser.","body":"On the Bondar Academy blog, we consistently provide insightful and pertinent updates on the latest in technology, test automation, and industry best practices. For your convenience, we recommend adding our blog to your browser's bookmarks. Our commitment to keeping you informed is reflected in our weekly posts, each focusing on a significant topic of the week.\n\nWe value your input and invite you to contribute to our ever-evolving content. If you have any suggestions or specific topics you'd like us to explore, please feel free to share your ideas in the Bondar Academy Slack workspace. \n\nDiscover our blog here: https://www.bondaracademy.com/blog\n","tagList":["Blog"],"createdAt":"2024-01-27T21:34:04.531Z","updatedAt":"2024-01-27T21:34:04.531Z","favorited":false,"favoritesCount":67,"author":{"username":"Artem Bondar","bio":null,"image":"https://storage.googleapis.com/bondar-academy-visuals/Android.png","following":false}},{"slug":"Take-the-Next-Step:-Join-Bondar-Academy-Today-and-Enroll-into-the-class-1","title":"Take the Next Step: Join Bondar Academy Today and Enroll into the class","description":"Are you prepared to transform your educational journey? Begin by signing up at Bondar Academy, then register for our Slack Workspace to start exploring. We offer a range of classes, with some being completely free and others featuring free previews of the initial sections. This allows you to experience our content and teaching approach firsthand, helping you make an informed decision before enrolling in a class.","body":"Are you prepared to transform your educational journey? \n\nBegin by signing up at Bondar Academy, then register for our Slack Workspace to start exploring. We offer a range of classes, with some being completely free and others featuring free previews of the initial sections. This allows you to experience our content and teaching approach firsthand, helping you make an informed decision before enrolling in a class.\n\nClick here to enroll: https://www.bondaracademy.com","tagList":["Enroll","Start for Free"],"createdAt":"2024-01-27T21:32:21.056Z","updatedAt":"2024-01-27T21:32:21.056Z","favorited":false,"favoritesCount":75,"author":{"username":"Artem Bondar","bio":null,"image":"https://storage.googleapis.com/bondar-academy-visuals/Android.png","following":false}}],"articlesCount":10}

19:05:11.244 [pool-2-thread-1] ERROR com.intuit.karate - classpath:examples/features/ArticleList.feature:52
And match response.articles[0].favoritesCount == 1
match failed: EQUALS
  $ | not equal (NUMBER:NUMBER)
  2217
  1

classpath:examples/features/ArticleList.feature:52
19:05:11.938 [pool-3-thread-1] INFO  com.intuit.karate.Suite - <<fail>> feature 1 of 3 (2 remaining) classpath:examples/features/ArticleList.feature
19:09:46.864 [main] INFO  com.intuit.karate.Runner - using system property 'karate.options': --tags @articlelist
19:09:47.806 [main] DEBUG com.intuit.karate.Suite - [config] classpath:karate-config.js
19:09:47.810 [main] INFO  com.intuit.karate.Suite - backed up existing 'target\karate-reports' dir to: target\karate-reports_1788055787807
19:09:47.815 [main] DEBUG com.intuit.karate.Suite - waiting for 3 features to complete
19:09:49.037 [pool-2-thread-1] INFO  com.intuit.karate - karate.env system property was: null 
19:09:49.306 [pool-2-thread-1] DEBUG com.intuit.karate - request:
1 > GET https://conduit-api.bondaracademy.com/api/articles?limit=10&offset=0
1 > Host: conduit-api.bondaracademy.com
1 > Connection: Keep-Alive
1 > User-Agent: Apache-HttpClient/4.5.14 (Java/25.0.4)
1 > Accept-Encoding: gzip,deflate


19:09:50.380 [pool-2-thread-1] DEBUG com.intuit.karate - response time in milliseconds: 1067
1 < 200
1 < x-powered-by: Express
1 < vary: Origin
1 < content-type: application/json; charset=utf-8
1 < etag: W/"43a9-46vzj+oI8pt/OwQfezo2HqTiwpI"
1 < x-cloud-trace-context: 07d41db8bbb8f8cc8db279a2a951a69f;o=1
1 < date: Sun, 30 Aug 2026 02:09:49 GMT
1 < server: Google Frontend
1 < Content-Length: 17321
{"articles":[{"slug":"Discover-Bondar-Academy:-Your-Gateway-to-Efficient-Learning-1","title":"Discover Bondar Academy: Your Gateway to Efficient Learning","description":"Discover Bondar Academy's unique place in the educational landscape, where value-focused and efficient learning approaches converge. Our goal is to rapidly enhance your professional technical skills, boosting your market competitiveness and paving the way for higher-paying job opportunities. The speed of your progress is in your hands – you set the pace, and we provide the solutions and support to help you achieve your desired outcomes.","body":"Bondar Academy is a leading platform for efficient education, designed to boost your technical skills and advance your career in Quality Assurance (QA). Our program features a balanced mix of pre-recorded lectures and live sessions, allowing each student to study at their own pace and at a time that suits them. \n\nOur instructors are readily available on our Slack Workspace for support. Whether it's a quick question or a more complex issue requiring a Zoom call or Slack Huddle for screen sharing and live discussion, we're here to assist. Additionally, each class comes with a comprehensive question bank for self-assessment. Following each lecture, you have the opportunity to validate your understanding and readiness to progress to the next topic. You set the pace, and we provide the solutions to ensure you achieve your desired outcomes.\n\nSignUp today: https://www.bondaracademy.com","tagList":["qa career","Bondar Academy","QA Skills","Value-Focused"],"createdAt":"2024-01-27T21:52:32.682Z","updatedAt":"2024-01-27T21:52:32.682Z","favorited":false,"favoritesCount":2217,"author":{"username":"Artem Bondar","bio":null,"image":"https://storage.googleapis.com/bondar-academy-visuals/Android.png","following":false}},{"slug":"The-value-of-pre-recorded-video-classes.-The-most-efficient-approach-to-tranfer-the-knowledge-1","title":"The value of pre-recorded video classes. The most efficient approach to tranfer the knowledge","description":"As educational practices evolve, video tutorials have emerged as the most efficient method for imparting theoretical knowledge. At Bondar Academy, we prioritize expertly structured and crafted video tutorials, ensuring you learn quickly and effectively and advance your skills.","body":"At Bondar Academy, we prioritize the value of your time and the efficiency of your education, distinguishing our approach from traditional colleges and live boot camps. Forget long, tedious live lectures on a fixed schedule. With us, you learn at your convenience and pace through optimized, structured video lectures. \n\nWe understand your goal is rapid knowledge acquisition. Our pre-recorded and well-organized lectures are designed precisely for this, ensuring no slowdowns from group dynamics or unrelated instructor anecdotes. \n\nDive straight into the subject matter, learn efficiently, and if questions arise, our immediate support on the Slack Workspace is there to streamline your learning process and swiftly remove any roadblocks.","tagList":["Bondar Academy","Video Lectures","Tutorials"],"createdAt":"2024-01-27T21:50:38.825Z","updatedAt":"2024-01-27T21:50:38.825Z","favorited":false,"favoritesCount":483,"author":{"username":"Artem Bondar","bio":null,"image":"https://storage.googleapis.com/bondar-academy-visuals/Android.png","following":false}},{"slug":"Mastering-Knowledge-with-Self-Assessments:-Identifying-and-Bridging-Learning-Gaps-in-Education-1","title":"Mastering Knowledge with Self-Assessments: Identifying and Bridging Learning Gaps in Education","description":"Self-assessment is an essential tool for gauging your understanding of lecture material. It answers critical questions: Have you grasped everything correctly? Is there anything you've missed? Are you prepared for the next lesson? These assessments ensure that you build a solid foundation of knowledge, confidently and efficiently paving the way for swift progress and effective learning outcomes.","body":"Traditional educational institutions, such as colleges and universities, commonly use tests and assessments to measure knowledge. This approach is effective for gauging student performance, but it's not without drawbacks. In these settings, assessments after every lecture aren't feasible due to the time required for teachers to evaluate them. This often leads to students having a false sense of understanding, believing they've comprehended all aspects of a lecture when, in reality, small but crucial details might be missed. These 'knowledge gaps' can accumulate, making more complex topics difficult to grasp later on.\n\nAt Bondar Academy, we address this challenge by implementing self-assessments after every lecture. These are designed to cover key questions that ensure a thorough understanding of the material, essential for comfort and success in future lectures. The number of questions varies, ranging from 3-4 to 15-20, depending on the lecture's significance and the volume of critical information. With these self-assessments, students receive immediate feedback, helping them determine if they've fully understood the lecture or if they need to revisit certain parts or seek assistance from our instructors in the Slack Workspace.","tagList":["Self-Assessment","Test","Exam"],"createdAt":"2024-01-27T21:48:36.340Z","updatedAt":"2024-01-27T21:48:36.340Z","favorited":false,"favoritesCount":247,"author":{"username":"Artem Bondar","bio":null,"image":"https://storage.googleapis.com/bondar-academy-visuals/Android.png","following":false}},{"slug":"Practical-Implementation-of-Skills:-Homework-Assignments-with-Instructor-Supervision-1","title":"Practical Implementation of Skills: Homework Assignments with Instructor Supervision","description":"Knowledge or skills not reinforced through practical exercises can quickly fade, often faster than anticipated. Homework, particularly in tasks like writing your own code, is crucial for honing these skills and cementing your understanding. At Bondar Academy, we ensure this vital step by assigning homework, rigorously evaluating the outcomes, and providing valuable feedback to guide your learning journey.","body":"Homework assignments are a fundamental component of the educational methodology at Bondar Academy, especially in technical education where learning a new programming language or framework is involved. The key to mastering these skills lies in writing code; the more you write, the better you become. However, merely replicating code seen in lectures leads to minimal learning. Often, this approach leaves students unclear about why their code works the way it does, as they focus on copying rather than understanding.\n\nA homework assignment at Bondar Academy starts with a blank page, challenging students to apply all their knowledge to write the first line of code. This process is more demanding than it appears. As you write each line, understanding and reasoning grow, making your code meaningful and comprehensible. You learn to write code that makes sense to you, enhancing your understanding.\n\nIn completing these assignments, you engage the 'thinking' part of your brain, transforming theoretical knowledge into practical skills. Recognizing the crucial role of homework in learning, our instructors at Bondar Academy are always available to assist with any challenges. Just reach out on Slack, and you'll receive the guidance and support needed for successful completion. At Bondar Academy, we fully understand the importance of homework assignments for the best outcome, so our instructors are always here to assist if you have any difficulties with completing them. Just ask in Slack and you'll be guided and assisted.","tagList":["Homework","Assignments","Practice","Coding"],"createdAt":"2024-01-27T21:46:09.512Z","updatedAt":"2024-01-27T21:46:09.512Z","favorited":false,"favoritesCount":115,"author":{"username":"Artem Bondar","bio":null,"image":"https://storage.googleapis.com/bondar-academy-visuals/Android.png","following":false}},{"slug":"Embracing-Daily-Git-Routines:-Real-Code-Reviews-on-GitHub-for-Effective-Coding-Practice.-1","title":"Embracing Daily Git Routines: Real Code Reviews on GitHub for Effective Coding Practice.","description":"Learning to code is just one part of a larger skill set; effectively managing and organizing code is equally crucial. At Bondar Academy, we integrate Git and platforms like GitHub into the core learning cycle. With us, using Git becomes a regular routine, where organizing code in branches, storing it in remote repositories, and collaborating with others through strategies like branching, merging, pull requests, and code reviews are standard practice.","body":"At Bondar Academy, mastering Git and GitHub is a fundamental step before delving into frameworks or programming languages. Effective code management, organization, and storage are crucial skills, and Git is the premier tool for this purpose. However, many learners initially find Git challenging due to its complexity and non-intuitive nature. To address this, our instructors have developed structured lectures on Git and GitHub, ensuring an efficient and thorough understanding of these essential tools. Git lessons are a mandatory prerequisite in every class. For a glimpse into our teaching approach, visit our YouTube channel: https://www.youtube.com/@BondarAcademy/playlists.\n\nIn our courses, all homework assignments are reviewed using GitHub pull requests, mirroring the workflow in real-world software development environments. Students submit their code to their working branch for review. Our instructors then provide feedback, suggesting modifications or adjustments for pull request approval. This iterative process is repeated throughout the course, establishing Git usage as a natural and routine part of your coding practice.","tagList":["YouTube","Git","GitHub"],"createdAt":"2024-01-27T21:42:31.491Z","updatedAt":"2024-01-27T21:42:31.491Z","favorited":false,"favoritesCount":104,"author":{"username":"Artem Bondar","bio":null,"image":"https://storage.googleapis.com/bondar-academy-visuals/Android.png","following":false}},{"slug":"Engaging-in-Live-Zoom-Sessions:-Interact-with-Instructors-and-Peers-Ask-Questions-in-Real-Time-1","title":"Engaging in Live Zoom Sessions: Interact with Instructors and Peers, Ask Questions in Real-Time","description":"In our increasingly online world, personal engagement remains a crucial element of effective learning. At Bondar Academy, we address this by hosting live Zoom sessions. These sessions provide a platform for live interaction between instructors and students, and among students themselves. Complementing our Slack channel, these live sessions offer an additional avenue for asking questions and engaging in meaningful discussions.","body":"In our increasingly online world, personal engagement remains a crucial element of effective learning. \nAt Bondar Academy, we address this by hosting live Zoom sessions. These sessions provide a platform for live interaction between instructors and students and among students themselves. Complementing our Slack channel, these live sessions offer an additional avenue for asking questions and engaging in meaningful discussions.","tagList":["Zoom","Live Sessions"],"createdAt":"2024-01-27T21:39:50.587Z","updatedAt":"2024-01-27T21:39:50.587Z","favorited":false,"favoritesCount":76,"author":{"username":"Artem Bondar","bio":null,"image":"https://storage.googleapis.com/bondar-academy-visuals/Android.png","following":false}},{"slug":"Utilizing-Slack-for-Continuous-Engagement:-Connect-with-Instructors-Share-Insights-and-Collaborate-1","title":"Utilizing Slack for Continuous Engagement: Connect with Instructors, Share Insights, and Collaborate","description":"Slack stands out as a widely-used messaging and collaboration platform, celebrated for its convenience and versatility. It enables simultaneous participation in multiple conversations, supports comments and emoji reactions, and allows users to share screenshots, videos, and code snippets. Its functionality extends to making calls in huddle sessions. Given these robust features, Bondar Academy has chosen Slack as our primary communication platform, facilitating seamless interaction and collaboration.","body":"As a new member of Bondar Academy, one of your initial steps should be registering for the Bondar Academy Slack Workspace. Upon registration at Bondar Academy, you'll receive a welcome email containing the URL to join. This Workspace serves as a central hub for communication with instructors and fellow students. Whether you have a question, need to share code, or want to upload screenshots, Slack makes it easy and efficient. Moreover, its compatibility with both desktop and mobile devices, by downloading and installing the app, ensures you can stay connected with your instructors and the community wherever you go.","tagList":["Slack","Community","Collaboration"],"createdAt":"2024-01-27T21:38:27.992Z","updatedAt":"2024-01-27T21:38:27.992Z","favorited":false,"favoritesCount":72,"author":{"username":"Artem Bondar","bio":null,"image":"https://storage.googleapis.com/bondar-academy-visuals/Android.png","following":false}},{"slug":"Stay-Ahead-with-Bondar-Academy:-Subscribe-to-Our-YouTube-channel-for-Latest-Tech-and-Education-Updates-1","title":"Stay Ahead with Bondar Academy: Subscribe to Our YouTube channel for Latest Tech and Education Updates","description":"Who doesn't appreciate high-quality free resources? YouTube serves as an ideal platform for sharing the latest news, updates, and a wealth of tips and tricks in test automation and technology. Keep abreast of these invaluable insights by subscribing to the @bondaracademy YouTube channel.","body":"Who doesn't appreciate high-quality free resources? \n\nYouTube serves as an ideal platform for sharing the latest news, updates, and a wealth of tips and tricks in test automation and technology. \n\nKeep abreast of these invaluable insights by subscribing to our YouTube channel: https://www.youtube.com/@bondaracademy","tagList":["YouTube"],"createdAt":"2024-01-27T21:36:32.360Z","updatedAt":"2024-01-27T21:36:32.360Z","favorited":false,"favoritesCount":67,"author":{"username":"Artem Bondar","bio":null,"image":"https://storage.googleapis.com/bondar-academy-visuals/Android.png","following":false}},{"slug":"Explore-the-Latest-in-Learning:-Bondar-Academy-Blog's-Educational-Insights-from-Our-Experts-1","title":"Explore the Latest in Learning: Bondar Academy Blog's Educational Insights from Our Experts","description":"Discover a treasure trove of knowledge on the Bondar Academy blog. Here, we share an array of tips, techniques, and valuable educational materials, all designed to keep you abreast of the latest technological trends and best practices. For easy access and continual learning, consider bookmarking our blog in your browser.","body":"On the Bondar Academy blog, we consistently provide insightful and pertinent updates on the latest in technology, test automation, and industry best practices. For your convenience, we recommend adding our blog to your browser's bookmarks. Our commitment to keeping you informed is reflected in our weekly posts, each focusing on a significant topic of the week.\n\nWe value your input and invite you to contribute to our ever-evolving content. If you have any suggestions or specific topics you'd like us to explore, please feel free to share your ideas in the Bondar Academy Slack workspace. \n\nDiscover our blog here: https://www.bondaracademy.com/blog\n","tagList":["Blog"],"createdAt":"2024-01-27T21:34:04.531Z","updatedAt":"2024-01-27T21:34:04.531Z","favorited":false,"favoritesCount":67,"author":{"username":"Artem Bondar","bio":null,"image":"https://storage.googleapis.com/bondar-academy-visuals/Android.png","following":false}},{"slug":"Take-the-Next-Step:-Join-Bondar-Academy-Today-and-Enroll-into-the-class-1","title":"Take the Next Step: Join Bondar Academy Today and Enroll into the class","description":"Are you prepared to transform your educational journey? Begin by signing up at Bondar Academy, then register for our Slack Workspace to start exploring. We offer a range of classes, with some being completely free and others featuring free previews of the initial sections. This allows you to experience our content and teaching approach firsthand, helping you make an informed decision before enrolling in a class.","body":"Are you prepared to transform your educational journey? \n\nBegin by signing up at Bondar Academy, then register for our Slack Workspace to start exploring. We offer a range of classes, with some being completely free and others featuring free previews of the initial sections. This allows you to experience our content and teaching approach firsthand, helping you make an informed decision before enrolling in a class.\n\nClick here to enroll: https://www.bondaracademy.com","tagList":["Enroll","Start for Free"],"createdAt":"2024-01-27T21:32:21.056Z","updatedAt":"2024-01-27T21:32:21.056Z","favorited":false,"favoritesCount":75,"author":{"username":"Artem Bondar","bio":null,"image":"https://storage.googleapis.com/bondar-academy-visuals/Android.png","following":false}}],"articlesCount":10}

19:09:50.414 [pool-2-thread-1] DEBUG com.intuit.karate - request:
2 > GET https://conduit-api.bondaracademy.com/api/articles?limit=10&offset=0
2 > Host: conduit-api.bondaracademy.com
2 > Connection: Keep-Alive
2 > User-Agent: Apache-HttpClient/4.5.14 (Java/25.0.4)
2 > Accept-Encoding: gzip,deflate


19:09:50.696 [pool-2-thread-1] DEBUG com.intuit.karate - response time in milliseconds: 280
2 < 200
2 < x-powered-by: Express
2 < vary: Origin
2 < content-type: application/json; charset=utf-8
2 < etag: W/"43a9-46vzj+oI8pt/OwQfezo2HqTiwpI"
2 < x-cloud-trace-context: fe1472f1961d00c0195ed66fedbb2df9
2 < date: Sun, 30 Aug 2026 02:09:49 GMT
2 < server: Google Frontend
2 < Content-Length: 17321
{"articles":[{"slug":"Discover-Bondar-Academy:-Your-Gateway-to-Efficient-Learning-1","title":"Discover Bondar Academy: Your Gateway to Efficient Learning","description":"Discover Bondar Academy's unique place in the educational landscape, where value-focused and efficient learning approaches converge. Our goal is to rapidly enhance your professional technical skills, boosting your market competitiveness and paving the way for higher-paying job opportunities. The speed of your progress is in your hands – you set the pace, and we provide the solutions and support to help you achieve your desired outcomes.","body":"Bondar Academy is a leading platform for efficient education, designed to boost your technical skills and advance your career in Quality Assurance (QA). Our program features a balanced mix of pre-recorded lectures and live sessions, allowing each student to study at their own pace and at a time that suits them. \n\nOur instructors are readily available on our Slack Workspace for support. Whether it's a quick question or a more complex issue requiring a Zoom call or Slack Huddle for screen sharing and live discussion, we're here to assist. Additionally, each class comes with a comprehensive question bank for self-assessment. Following each lecture, you have the opportunity to validate your understanding and readiness to progress to the next topic. You set the pace, and we provide the solutions to ensure you achieve your desired outcomes.\n\nSignUp today: https://www.bondaracademy.com","tagList":["qa career","Bondar Academy","QA Skills","Value-Focused"],"createdAt":"2024-01-27T21:52:32.682Z","updatedAt":"2024-01-27T21:52:32.682Z","favorited":false,"favoritesCount":2217,"author":{"username":"Artem Bondar","bio":null,"image":"https://storage.googleapis.com/bondar-academy-visuals/Android.png","following":false}},{"slug":"The-value-of-pre-recorded-video-classes.-The-most-efficient-approach-to-tranfer-the-knowledge-1","title":"The value of pre-recorded video classes. The most efficient approach to tranfer the knowledge","description":"As educational practices evolve, video tutorials have emerged as the most efficient method for imparting theoretical knowledge. At Bondar Academy, we prioritize expertly structured and crafted video tutorials, ensuring you learn quickly and effectively and advance your skills.","body":"At Bondar Academy, we prioritize the value of your time and the efficiency of your education, distinguishing our approach from traditional colleges and live boot camps. Forget long, tedious live lectures on a fixed schedule. With us, you learn at your convenience and pace through optimized, structured video lectures. \n\nWe understand your goal is rapid knowledge acquisition. Our pre-recorded and well-organized lectures are designed precisely for this, ensuring no slowdowns from group dynamics or unrelated instructor anecdotes. \n\nDive straight into the subject matter, learn efficiently, and if questions arise, our immediate support on the Slack Workspace is there to streamline your learning process and swiftly remove any roadblocks.","tagList":["Bondar Academy","Video Lectures","Tutorials"],"createdAt":"2024-01-27T21:50:38.825Z","updatedAt":"2024-01-27T21:50:38.825Z","favorited":false,"favoritesCount":483,"author":{"username":"Artem Bondar","bio":null,"image":"https://storage.googleapis.com/bondar-academy-visuals/Android.png","following":false}},{"slug":"Mastering-Knowledge-with-Self-Assessments:-Identifying-and-Bridging-Learning-Gaps-in-Education-1","title":"Mastering Knowledge with Self-Assessments: Identifying and Bridging Learning Gaps in Education","description":"Self-assessment is an essential tool for gauging your understanding of lecture material. It answers critical questions: Have you grasped everything correctly? Is there anything you've missed? Are you prepared for the next lesson? These assessments ensure that you build a solid foundation of knowledge, confidently and efficiently paving the way for swift progress and effective learning outcomes.","body":"Traditional educational institutions, such as colleges and universities, commonly use tests and assessments to measure knowledge. This approach is effective for gauging student performance, but it's not without drawbacks. In these settings, assessments after every lecture aren't feasible due to the time required for teachers to evaluate them. This often leads to students having a false sense of understanding, believing they've comprehended all aspects of a lecture when, in reality, small but crucial details might be missed. These 'knowledge gaps' can accumulate, making more complex topics difficult to grasp later on.\n\nAt Bondar Academy, we address this challenge by implementing self-assessments after every lecture. These are designed to cover key questions that ensure a thorough understanding of the material, essential for comfort and success in future lectures. The number of questions varies, ranging from 3-4 to 15-20, depending on the lecture's significance and the volume of critical information. With these self-assessments, students receive immediate feedback, helping them determine if they've fully understood the lecture or if they need to revisit certain parts or seek assistance from our instructors in the Slack Workspace.","tagList":["Self-Assessment","Test","Exam"],"createdAt":"2024-01-27T21:48:36.340Z","updatedAt":"2024-01-27T21:48:36.340Z","favorited":false,"favoritesCount":247,"author":{"username":"Artem Bondar","bio":null,"image":"https://storage.googleapis.com/bondar-academy-visuals/Android.png","following":false}},{"slug":"Practical-Implementation-of-Skills:-Homework-Assignments-with-Instructor-Supervision-1","title":"Practical Implementation of Skills: Homework Assignments with Instructor Supervision","description":"Knowledge or skills not reinforced through practical exercises can quickly fade, often faster than anticipated. Homework, particularly in tasks like writing your own code, is crucial for honing these skills and cementing your understanding. At Bondar Academy, we ensure this vital step by assigning homework, rigorously evaluating the outcomes, and providing valuable feedback to guide your learning journey.","body":"Homework assignments are a fundamental component of the educational methodology at Bondar Academy, especially in technical education where learning a new programming language or framework is involved. The key to mastering these skills lies in writing code; the more you write, the better you become. However, merely replicating code seen in lectures leads to minimal learning. Often, this approach leaves students unclear about why their code works the way it does, as they focus on copying rather than understanding.\n\nA homework assignment at Bondar Academy starts with a blank page, challenging students to apply all their knowledge to write the first line of code. This process is more demanding than it appears. As you write each line, understanding and reasoning grow, making your code meaningful and comprehensible. You learn to write code that makes sense to you, enhancing your understanding.\n\nIn completing these assignments, you engage the 'thinking' part of your brain, transforming theoretical knowledge into practical skills. Recognizing the crucial role of homework in learning, our instructors at Bondar Academy are always available to assist with any challenges. Just reach out on Slack, and you'll receive the guidance and support needed for successful completion. At Bondar Academy, we fully understand the importance of homework assignments for the best outcome, so our instructors are always here to assist if you have any difficulties with completing them. Just ask in Slack and you'll be guided and assisted.","tagList":["Homework","Assignments","Practice","Coding"],"createdAt":"2024-01-27T21:46:09.512Z","updatedAt":"2024-01-27T21:46:09.512Z","favorited":false,"favoritesCount":115,"author":{"username":"Artem Bondar","bio":null,"image":"https://storage.googleapis.com/bondar-academy-visuals/Android.png","following":false}},{"slug":"Embracing-Daily-Git-Routines:-Real-Code-Reviews-on-GitHub-for-Effective-Coding-Practice.-1","title":"Embracing Daily Git Routines: Real Code Reviews on GitHub for Effective Coding Practice.","description":"Learning to code is just one part of a larger skill set; effectively managing and organizing code is equally crucial. At Bondar Academy, we integrate Git and platforms like GitHub into the core learning cycle. With us, using Git becomes a regular routine, where organizing code in branches, storing it in remote repositories, and collaborating with others through strategies like branching, merging, pull requests, and code reviews are standard practice.","body":"At Bondar Academy, mastering Git and GitHub is a fundamental step before delving into frameworks or programming languages. Effective code management, organization, and storage are crucial skills, and Git is the premier tool for this purpose. However, many learners initially find Git challenging due to its complexity and non-intuitive nature. To address this, our instructors have developed structured lectures on Git and GitHub, ensuring an efficient and thorough understanding of these essential tools. Git lessons are a mandatory prerequisite in every class. For a glimpse into our teaching approach, visit our YouTube channel: https://www.youtube.com/@BondarAcademy/playlists.\n\nIn our courses, all homework assignments are reviewed using GitHub pull requests, mirroring the workflow in real-world software development environments. Students submit their code to their working branch for review. Our instructors then provide feedback, suggesting modifications or adjustments for pull request approval. This iterative process is repeated throughout the course, establishing Git usage as a natural and routine part of your coding practice.","tagList":["YouTube","Git","GitHub"],"createdAt":"2024-01-27T21:42:31.491Z","updatedAt":"2024-01-27T21:42:31.491Z","favorited":false,"favoritesCount":104,"author":{"username":"Artem Bondar","bio":null,"image":"https://storage.googleapis.com/bondar-academy-visuals/Android.png","following":false}},{"slug":"Engaging-in-Live-Zoom-Sessions:-Interact-with-Instructors-and-Peers-Ask-Questions-in-Real-Time-1","title":"Engaging in Live Zoom Sessions: Interact with Instructors and Peers, Ask Questions in Real-Time","description":"In our increasingly online world, personal engagement remains a crucial element of effective learning. At Bondar Academy, we address this by hosting live Zoom sessions. These sessions provide a platform for live interaction between instructors and students, and among students themselves. Complementing our Slack channel, these live sessions offer an additional avenue for asking questions and engaging in meaningful discussions.","body":"In our increasingly online world, personal engagement remains a crucial element of effective learning. \nAt Bondar Academy, we address this by hosting live Zoom sessions. These sessions provide a platform for live interaction between instructors and students and among students themselves. Complementing our Slack channel, these live sessions offer an additional avenue for asking questions and engaging in meaningful discussions.","tagList":["Zoom","Live Sessions"],"createdAt":"2024-01-27T21:39:50.587Z","updatedAt":"2024-01-27T21:39:50.587Z","favorited":false,"favoritesCount":76,"author":{"username":"Artem Bondar","bio":null,"image":"https://storage.googleapis.com/bondar-academy-visuals/Android.png","following":false}},{"slug":"Utilizing-Slack-for-Continuous-Engagement:-Connect-with-Instructors-Share-Insights-and-Collaborate-1","title":"Utilizing Slack for Continuous Engagement: Connect with Instructors, Share Insights, and Collaborate","description":"Slack stands out as a widely-used messaging and collaboration platform, celebrated for its convenience and versatility. It enables simultaneous participation in multiple conversations, supports comments and emoji reactions, and allows users to share screenshots, videos, and code snippets. Its functionality extends to making calls in huddle sessions. Given these robust features, Bondar Academy has chosen Slack as our primary communication platform, facilitating seamless interaction and collaboration.","body":"As a new member of Bondar Academy, one of your initial steps should be registering for the Bondar Academy Slack Workspace. Upon registration at Bondar Academy, you'll receive a welcome email containing the URL to join. This Workspace serves as a central hub for communication with instructors and fellow students. Whether you have a question, need to share code, or want to upload screenshots, Slack makes it easy and efficient. Moreover, its compatibility with both desktop and mobile devices, by downloading and installing the app, ensures you can stay connected with your instructors and the community wherever you go.","tagList":["Slack","Community","Collaboration"],"createdAt":"2024-01-27T21:38:27.992Z","updatedAt":"2024-01-27T21:38:27.992Z","favorited":false,"favoritesCount":72,"author":{"username":"Artem Bondar","bio":null,"image":"https://storage.googleapis.com/bondar-academy-visuals/Android.png","following":false}},{"slug":"Stay-Ahead-with-Bondar-Academy:-Subscribe-to-Our-YouTube-channel-for-Latest-Tech-and-Education-Updates-1","title":"Stay Ahead with Bondar Academy: Subscribe to Our YouTube channel for Latest Tech and Education Updates","description":"Who doesn't appreciate high-quality free resources? YouTube serves as an ideal platform for sharing the latest news, updates, and a wealth of tips and tricks in test automation and technology. Keep abreast of these invaluable insights by subscribing to the @bondaracademy YouTube channel.","body":"Who doesn't appreciate high-quality free resources? \n\nYouTube serves as an ideal platform for sharing the latest news, updates, and a wealth of tips and tricks in test automation and technology. \n\nKeep abreast of these invaluable insights by subscribing to our YouTube channel: https://www.youtube.com/@bondaracademy","tagList":["YouTube"],"createdAt":"2024-01-27T21:36:32.360Z","updatedAt":"2024-01-27T21:36:32.360Z","favorited":false,"favoritesCount":67,"author":{"username":"Artem Bondar","bio":null,"image":"https://storage.googleapis.com/bondar-academy-visuals/Android.png","following":false}},{"slug":"Explore-the-Latest-in-Learning:-Bondar-Academy-Blog's-Educational-Insights-from-Our-Experts-1","title":"Explore the Latest in Learning: Bondar Academy Blog's Educational Insights from Our Experts","description":"Discover a treasure trove of knowledge on the Bondar Academy blog. Here, we share an array of tips, techniques, and valuable educational materials, all designed to keep you abreast of the latest technological trends and best practices. For easy access and continual learning, consider bookmarking our blog in your browser.","body":"On the Bondar Academy blog, we consistently provide insightful and pertinent updates on the latest in technology, test automation, and industry best practices. For your convenience, we recommend adding our blog to your browser's bookmarks. Our commitment to keeping you informed is reflected in our weekly posts, each focusing on a significant topic of the week.\n\nWe value your input and invite you to contribute to our ever-evolving content. If you have any suggestions or specific topics you'd like us to explore, please feel free to share your ideas in the Bondar Academy Slack workspace. \n\nDiscover our blog here: https://www.bondaracademy.com/blog\n","tagList":["Blog"],"createdAt":"2024-01-27T21:34:04.531Z","updatedAt":"2024-01-27T21:34:04.531Z","favorited":false,"favoritesCount":67,"author":{"username":"Artem Bondar","bio":null,"image":"https://storage.googleapis.com/bondar-academy-visuals/Android.png","following":false}},{"slug":"Take-the-Next-Step:-Join-Bondar-Academy-Today-and-Enroll-into-the-class-1","title":"Take the Next Step: Join Bondar Academy Today and Enroll into the class","description":"Are you prepared to transform your educational journey? Begin by signing up at Bondar Academy, then register for our Slack Workspace to start exploring. We offer a range of classes, with some being completely free and others featuring free previews of the initial sections. This allows you to experience our content and teaching approach firsthand, helping you make an informed decision before enrolling in a class.","body":"Are you prepared to transform your educational journey? \n\nBegin by signing up at Bondar Academy, then register for our Slack Workspace to start exploring. We offer a range of classes, with some being completely free and others featuring free previews of the initial sections. This allows you to experience our content and teaching approach firsthand, helping you make an informed decision before enrolling in a class.\n\nClick here to enroll: https://www.bondaracademy.com","tagList":["Enroll","Start for Free"],"createdAt":"2024-01-27T21:32:21.056Z","updatedAt":"2024-01-27T21:32:21.056Z","favorited":false,"favoritesCount":75,"author":{"username":"Artem Bondar","bio":null,"image":"https://storage.googleapis.com/bondar-academy-visuals/Android.png","following":false}}],"articlesCount":10}

19:09:50.724 [pool-2-thread-1] ERROR com.intuit.karate - classpath:examples/features/ArticleList.feature:52
And match response.articles[0].favoritesCount == 1
match failed: EQUALS
  $ | not equal (NUMBER:NUMBER)
  2217
  1

classpath:examples/features/ArticleList.feature:52
19:09:51.515 [pool-3-thread-1] INFO  com.intuit.karate.Suite - <<fail>> feature 1 of 3 (2 remaining) classpath:examples/features/ArticleList.feature
19:11:34.785 [main] INFO  com.intuit.karate.Runner - using system property 'karate.options': --tags @articlelist
19:11:35.770 [main] DEBUG com.intuit.karate.Suite - [config] classpath:karate-config.js
19:11:35.776 [main] INFO  com.intuit.karate.Suite - backed up existing 'target\karate-reports' dir to: target\karate-reports_1788055895772
19:11:35.786 [main] DEBUG com.intuit.karate.Suite - waiting for 3 features to complete
19:11:37.161 [pool-2-thread-1] INFO  com.intuit.karate - karate.env system property was: null 
19:11:37.434 [pool-2-thread-1] DEBUG com.intuit.karate - request:
1 > GET https://conduit-api.bondaracademy.com/api/articles?limit=10&offset=0
1 > Host: conduit-api.bondaracademy.com
1 > Connection: Keep-Alive
1 > User-Agent: Apache-HttpClient/4.5.14 (Java/25.0.4)
1 > Accept-Encoding: gzip,deflate


19:11:38.533 [pool-2-thread-1] DEBUG com.intuit.karate - response time in milliseconds: 1093
1 < 200
1 < x-powered-by: Express
1 < vary: Origin
1 < content-type: application/json; charset=utf-8
1 < etag: W/"43a9-46vzj+oI8pt/OwQfezo2HqTiwpI"
1 < x-cloud-trace-context: bb01edabfd53439bf1bd1e5722ca49c0;o=1
1 < date: Sun, 30 Aug 2026 02:11:37 GMT
1 < server: Google Frontend
1 < Content-Length: 17321
{"articles":[{"slug":"Discover-Bondar-Academy:-Your-Gateway-to-Efficient-Learning-1","title":"Discover Bondar Academy: Your Gateway to Efficient Learning","description":"Discover Bondar Academy's unique place in the educational landscape, where value-focused and efficient learning approaches converge. Our goal is to rapidly enhance your professional technical skills, boosting your market competitiveness and paving the way for higher-paying job opportunities. The speed of your progress is in your hands – you set the pace, and we provide the solutions and support to help you achieve your desired outcomes.","body":"Bondar Academy is a leading platform for efficient education, designed to boost your technical skills and advance your career in Quality Assurance (QA). Our program features a balanced mix of pre-recorded lectures and live sessions, allowing each student to study at their own pace and at a time that suits them. \n\nOur instructors are readily available on our Slack Workspace for support. Whether it's a quick question or a more complex issue requiring a Zoom call or Slack Huddle for screen sharing and live discussion, we're here to assist. Additionally, each class comes with a comprehensive question bank for self-assessment. Following each lecture, you have the opportunity to validate your understanding and readiness to progress to the next topic. You set the pace, and we provide the solutions to ensure you achieve your desired outcomes.\n\nSignUp today: https://www.bondaracademy.com","tagList":["qa career","Bondar Academy","QA Skills","Value-Focused"],"createdAt":"2024-01-27T21:52:32.682Z","updatedAt":"2024-01-27T21:52:32.682Z","favorited":false,"favoritesCount":2217,"author":{"username":"Artem Bondar","bio":null,"image":"https://storage.googleapis.com/bondar-academy-visuals/Android.png","following":false}},{"slug":"The-value-of-pre-recorded-video-classes.-The-most-efficient-approach-to-tranfer-the-knowledge-1","title":"The value of pre-recorded video classes. The most efficient approach to tranfer the knowledge","description":"As educational practices evolve, video tutorials have emerged as the most efficient method for imparting theoretical knowledge. At Bondar Academy, we prioritize expertly structured and crafted video tutorials, ensuring you learn quickly and effectively and advance your skills.","body":"At Bondar Academy, we prioritize the value of your time and the efficiency of your education, distinguishing our approach from traditional colleges and live boot camps. Forget long, tedious live lectures on a fixed schedule. With us, you learn at your convenience and pace through optimized, structured video lectures. \n\nWe understand your goal is rapid knowledge acquisition. Our pre-recorded and well-organized lectures are designed precisely for this, ensuring no slowdowns from group dynamics or unrelated instructor anecdotes. \n\nDive straight into the subject matter, learn efficiently, and if questions arise, our immediate support on the Slack Workspace is there to streamline your learning process and swiftly remove any roadblocks.","tagList":["Bondar Academy","Video Lectures","Tutorials"],"createdAt":"2024-01-27T21:50:38.825Z","updatedAt":"2024-01-27T21:50:38.825Z","favorited":false,"favoritesCount":483,"author":{"username":"Artem Bondar","bio":null,"image":"https://storage.googleapis.com/bondar-academy-visuals/Android.png","following":false}},{"slug":"Mastering-Knowledge-with-Self-Assessments:-Identifying-and-Bridging-Learning-Gaps-in-Education-1","title":"Mastering Knowledge with Self-Assessments: Identifying and Bridging Learning Gaps in Education","description":"Self-assessment is an essential tool for gauging your understanding of lecture material. It answers critical questions: Have you grasped everything correctly? Is there anything you've missed? Are you prepared for the next lesson? These assessments ensure that you build a solid foundation of knowledge, confidently and efficiently paving the way for swift progress and effective learning outcomes.","body":"Traditional educational institutions, such as colleges and universities, commonly use tests and assessments to measure knowledge. This approach is effective for gauging student performance, but it's not without drawbacks. In these settings, assessments after every lecture aren't feasible due to the time required for teachers to evaluate them. This often leads to students having a false sense of understanding, believing they've comprehended all aspects of a lecture when, in reality, small but crucial details might be missed. These 'knowledge gaps' can accumulate, making more complex topics difficult to grasp later on.\n\nAt Bondar Academy, we address this challenge by implementing self-assessments after every lecture. These are designed to cover key questions that ensure a thorough understanding of the material, essential for comfort and success in future lectures. The number of questions varies, ranging from 3-4 to 15-20, depending on the lecture's significance and the volume of critical information. With these self-assessments, students receive immediate feedback, helping them determine if they've fully understood the lecture or if they need to revisit certain parts or seek assistance from our instructors in the Slack Workspace.","tagList":["Self-Assessment","Test","Exam"],"createdAt":"2024-01-27T21:48:36.340Z","updatedAt":"2024-01-27T21:48:36.340Z","favorited":false,"favoritesCount":247,"author":{"username":"Artem Bondar","bio":null,"image":"https://storage.googleapis.com/bondar-academy-visuals/Android.png","following":false}},{"slug":"Practical-Implementation-of-Skills:-Homework-Assignments-with-Instructor-Supervision-1","title":"Practical Implementation of Skills: Homework Assignments with Instructor Supervision","description":"Knowledge or skills not reinforced through practical exercises can quickly fade, often faster than anticipated. Homework, particularly in tasks like writing your own code, is crucial for honing these skills and cementing your understanding. At Bondar Academy, we ensure this vital step by assigning homework, rigorously evaluating the outcomes, and providing valuable feedback to guide your learning journey.","body":"Homework assignments are a fundamental component of the educational methodology at Bondar Academy, especially in technical education where learning a new programming language or framework is involved. The key to mastering these skills lies in writing code; the more you write, the better you become. However, merely replicating code seen in lectures leads to minimal learning. Often, this approach leaves students unclear about why their code works the way it does, as they focus on copying rather than understanding.\n\nA homework assignment at Bondar Academy starts with a blank page, challenging students to apply all their knowledge to write the first line of code. This process is more demanding than it appears. As you write each line, understanding and reasoning grow, making your code meaningful and comprehensible. You learn to write code that makes sense to you, enhancing your understanding.\n\nIn completing these assignments, you engage the 'thinking' part of your brain, transforming theoretical knowledge into practical skills. Recognizing the crucial role of homework in learning, our instructors at Bondar Academy are always available to assist with any challenges. Just reach out on Slack, and you'll receive the guidance and support needed for successful completion. At Bondar Academy, we fully understand the importance of homework assignments for the best outcome, so our instructors are always here to assist if you have any difficulties with completing them. Just ask in Slack and you'll be guided and assisted.","tagList":["Homework","Assignments","Practice","Coding"],"createdAt":"2024-01-27T21:46:09.512Z","updatedAt":"2024-01-27T21:46:09.512Z","favorited":false,"favoritesCount":115,"author":{"username":"Artem Bondar","bio":null,"image":"https://storage.googleapis.com/bondar-academy-visuals/Android.png","following":false}},{"slug":"Embracing-Daily-Git-Routines:-Real-Code-Reviews-on-GitHub-for-Effective-Coding-Practice.-1","title":"Embracing Daily Git Routines: Real Code Reviews on GitHub for Effective Coding Practice.","description":"Learning to code is just one part of a larger skill set; effectively managing and organizing code is equally crucial. At Bondar Academy, we integrate Git and platforms like GitHub into the core learning cycle. With us, using Git becomes a regular routine, where organizing code in branches, storing it in remote repositories, and collaborating with others through strategies like branching, merging, pull requests, and code reviews are standard practice.","body":"At Bondar Academy, mastering Git and GitHub is a fundamental step before delving into frameworks or programming languages. Effective code management, organization, and storage are crucial skills, and Git is the premier tool for this purpose. However, many learners initially find Git challenging due to its complexity and non-intuitive nature. To address this, our instructors have developed structured lectures on Git and GitHub, ensuring an efficient and thorough understanding of these essential tools. Git lessons are a mandatory prerequisite in every class. For a glimpse into our teaching approach, visit our YouTube channel: https://www.youtube.com/@BondarAcademy/playlists.\n\nIn our courses, all homework assignments are reviewed using GitHub pull requests, mirroring the workflow in real-world software development environments. Students submit their code to their working branch for review. Our instructors then provide feedback, suggesting modifications or adjustments for pull request approval. This iterative process is repeated throughout the course, establishing Git usage as a natural and routine part of your coding practice.","tagList":["YouTube","Git","GitHub"],"createdAt":"2024-01-27T21:42:31.491Z","updatedAt":"2024-01-27T21:42:31.491Z","favorited":false,"favoritesCount":104,"author":{"username":"Artem Bondar","bio":null,"image":"https://storage.googleapis.com/bondar-academy-visuals/Android.png","following":false}},{"slug":"Engaging-in-Live-Zoom-Sessions:-Interact-with-Instructors-and-Peers-Ask-Questions-in-Real-Time-1","title":"Engaging in Live Zoom Sessions: Interact with Instructors and Peers, Ask Questions in Real-Time","description":"In our increasingly online world, personal engagement remains a crucial element of effective learning. At Bondar Academy, we address this by hosting live Zoom sessions. These sessions provide a platform for live interaction between instructors and students, and among students themselves. Complementing our Slack channel, these live sessions offer an additional avenue for asking questions and engaging in meaningful discussions.","body":"In our increasingly online world, personal engagement remains a crucial element of effective learning. \nAt Bondar Academy, we address this by hosting live Zoom sessions. These sessions provide a platform for live interaction between instructors and students and among students themselves. Complementing our Slack channel, these live sessions offer an additional avenue for asking questions and engaging in meaningful discussions.","tagList":["Zoom","Live Sessions"],"createdAt":"2024-01-27T21:39:50.587Z","updatedAt":"2024-01-27T21:39:50.587Z","favorited":false,"favoritesCount":76,"author":{"username":"Artem Bondar","bio":null,"image":"https://storage.googleapis.com/bondar-academy-visuals/Android.png","following":false}},{"slug":"Utilizing-Slack-for-Continuous-Engagement:-Connect-with-Instructors-Share-Insights-and-Collaborate-1","title":"Utilizing Slack for Continuous Engagement: Connect with Instructors, Share Insights, and Collaborate","description":"Slack stands out as a widely-used messaging and collaboration platform, celebrated for its convenience and versatility. It enables simultaneous participation in multiple conversations, supports comments and emoji reactions, and allows users to share screenshots, videos, and code snippets. Its functionality extends to making calls in huddle sessions. Given these robust features, Bondar Academy has chosen Slack as our primary communication platform, facilitating seamless interaction and collaboration.","body":"As a new member of Bondar Academy, one of your initial steps should be registering for the Bondar Academy Slack Workspace. Upon registration at Bondar Academy, you'll receive a welcome email containing the URL to join. This Workspace serves as a central hub for communication with instructors and fellow students. Whether you have a question, need to share code, or want to upload screenshots, Slack makes it easy and efficient. Moreover, its compatibility with both desktop and mobile devices, by downloading and installing the app, ensures you can stay connected with your instructors and the community wherever you go.","tagList":["Slack","Community","Collaboration"],"createdAt":"2024-01-27T21:38:27.992Z","updatedAt":"2024-01-27T21:38:27.992Z","favorited":false,"favoritesCount":72,"author":{"username":"Artem Bondar","bio":null,"image":"https://storage.googleapis.com/bondar-academy-visuals/Android.png","following":false}},{"slug":"Stay-Ahead-with-Bondar-Academy:-Subscribe-to-Our-YouTube-channel-for-Latest-Tech-and-Education-Updates-1","title":"Stay Ahead with Bondar Academy: Subscribe to Our YouTube channel for Latest Tech and Education Updates","description":"Who doesn't appreciate high-quality free resources? YouTube serves as an ideal platform for sharing the latest news, updates, and a wealth of tips and tricks in test automation and technology. Keep abreast of these invaluable insights by subscribing to the @bondaracademy YouTube channel.","body":"Who doesn't appreciate high-quality free resources? \n\nYouTube serves as an ideal platform for sharing the latest news, updates, and a wealth of tips and tricks in test automation and technology. \n\nKeep abreast of these invaluable insights by subscribing to our YouTube channel: https://www.youtube.com/@bondaracademy","tagList":["YouTube"],"createdAt":"2024-01-27T21:36:32.360Z","updatedAt":"2024-01-27T21:36:32.360Z","favorited":false,"favoritesCount":67,"author":{"username":"Artem Bondar","bio":null,"image":"https://storage.googleapis.com/bondar-academy-visuals/Android.png","following":false}},{"slug":"Explore-the-Latest-in-Learning:-Bondar-Academy-Blog's-Educational-Insights-from-Our-Experts-1","title":"Explore the Latest in Learning: Bondar Academy Blog's Educational Insights from Our Experts","description":"Discover a treasure trove of knowledge on the Bondar Academy blog. Here, we share an array of tips, techniques, and valuable educational materials, all designed to keep you abreast of the latest technological trends and best practices. For easy access and continual learning, consider bookmarking our blog in your browser.","body":"On the Bondar Academy blog, we consistently provide insightful and pertinent updates on the latest in technology, test automation, and industry best practices. For your convenience, we recommend adding our blog to your browser's bookmarks. Our commitment to keeping you informed is reflected in our weekly posts, each focusing on a significant topic of the week.\n\nWe value your input and invite you to contribute to our ever-evolving content. If you have any suggestions or specific topics you'd like us to explore, please feel free to share your ideas in the Bondar Academy Slack workspace. \n\nDiscover our blog here: https://www.bondaracademy.com/blog\n","tagList":["Blog"],"createdAt":"2024-01-27T21:34:04.531Z","updatedAt":"2024-01-27T21:34:04.531Z","favorited":false,"favoritesCount":67,"author":{"username":"Artem Bondar","bio":null,"image":"https://storage.googleapis.com/bondar-academy-visuals/Android.png","following":false}},{"slug":"Take-the-Next-Step:-Join-Bondar-Academy-Today-and-Enroll-into-the-class-1","title":"Take the Next Step: Join Bondar Academy Today and Enroll into the class","description":"Are you prepared to transform your educational journey? Begin by signing up at Bondar Academy, then register for our Slack Workspace to start exploring. We offer a range of classes, with some being completely free and others featuring free previews of the initial sections. This allows you to experience our content and teaching approach firsthand, helping you make an informed decision before enrolling in a class.","body":"Are you prepared to transform your educational journey? \n\nBegin by signing up at Bondar Academy, then register for our Slack Workspace to start exploring. We offer a range of classes, with some being completely free and others featuring free previews of the initial sections. This allows you to experience our content and teaching approach firsthand, helping you make an informed decision before enrolling in a class.\n\nClick here to enroll: https://www.bondaracademy.com","tagList":["Enroll","Start for Free"],"createdAt":"2024-01-27T21:32:21.056Z","updatedAt":"2024-01-27T21:32:21.056Z","favorited":false,"favoritesCount":75,"author":{"username":"Artem Bondar","bio":null,"image":"https://storage.googleapis.com/bondar-academy-visuals/Android.png","following":false}}],"articlesCount":10}

19:11:38.560 [pool-2-thread-1] INFO  com.intuit.karate - [print] 2217 
19:11:38.568 [pool-2-thread-1] DEBUG com.intuit.karate - request:
2 > GET https://conduit-api.bondaracademy.com/api/articles?limit=10&offset=0
2 > Host: conduit-api.bondaracademy.com
2 > Connection: Keep-Alive
2 > User-Agent: Apache-HttpClient/4.5.14 (Java/25.0.4)
2 > Accept-Encoding: gzip,deflate


19:11:38.862 [pool-2-thread-1] DEBUG com.intuit.karate - response time in milliseconds: 290
2 < 200
2 < x-powered-by: Express
2 < vary: Origin
2 < content-type: application/json; charset=utf-8
2 < etag: W/"43a9-46vzj+oI8pt/OwQfezo2HqTiwpI"
2 < x-cloud-trace-context: 8d0b0ae01e164e16f10ee792990c39e0
2 < date: Sun, 30 Aug 2026 02:11:38 GMT
2 < server: Google Frontend
2 < Content-Length: 17321
{"articles":[{"slug":"Discover-Bondar-Academy:-Your-Gateway-to-Efficient-Learning-1","title":"Discover Bondar Academy: Your Gateway to Efficient Learning","description":"Discover Bondar Academy's unique place in the educational landscape, where value-focused and efficient learning approaches converge. Our goal is to rapidly enhance your professional technical skills, boosting your market competitiveness and paving the way for higher-paying job opportunities. The speed of your progress is in your hands – you set the pace, and we provide the solutions and support to help you achieve your desired outcomes.","body":"Bondar Academy is a leading platform for efficient education, designed to boost your technical skills and advance your career in Quality Assurance (QA). Our program features a balanced mix of pre-recorded lectures and live sessions, allowing each student to study at their own pace and at a time that suits them. \n\nOur instructors are readily available on our Slack Workspace for support. Whether it's a quick question or a more complex issue requiring a Zoom call or Slack Huddle for screen sharing and live discussion, we're here to assist. Additionally, each class comes with a comprehensive question bank for self-assessment. Following each lecture, you have the opportunity to validate your understanding and readiness to progress to the next topic. You set the pace, and we provide the solutions to ensure you achieve your desired outcomes.\n\nSignUp today: https://www.bondaracademy.com","tagList":["qa career","Bondar Academy","QA Skills","Value-Focused"],"createdAt":"2024-01-27T21:52:32.682Z","updatedAt":"2024-01-27T21:52:32.682Z","favorited":false,"favoritesCount":2217,"author":{"username":"Artem Bondar","bio":null,"image":"https://storage.googleapis.com/bondar-academy-visuals/Android.png","following":false}},{"slug":"The-value-of-pre-recorded-video-classes.-The-most-efficient-approach-to-tranfer-the-knowledge-1","title":"The value of pre-recorded video classes. The most efficient approach to tranfer the knowledge","description":"As educational practices evolve, video tutorials have emerged as the most efficient method for imparting theoretical knowledge. At Bondar Academy, we prioritize expertly structured and crafted video tutorials, ensuring you learn quickly and effectively and advance your skills.","body":"At Bondar Academy, we prioritize the value of your time and the efficiency of your education, distinguishing our approach from traditional colleges and live boot camps. Forget long, tedious live lectures on a fixed schedule. With us, you learn at your convenience and pace through optimized, structured video lectures. \n\nWe understand your goal is rapid knowledge acquisition. Our pre-recorded and well-organized lectures are designed precisely for this, ensuring no slowdowns from group dynamics or unrelated instructor anecdotes. \n\nDive straight into the subject matter, learn efficiently, and if questions arise, our immediate support on the Slack Workspace is there to streamline your learning process and swiftly remove any roadblocks.","tagList":["Bondar Academy","Video Lectures","Tutorials"],"createdAt":"2024-01-27T21:50:38.825Z","updatedAt":"2024-01-27T21:50:38.825Z","favorited":false,"favoritesCount":483,"author":{"username":"Artem Bondar","bio":null,"image":"https://storage.googleapis.com/bondar-academy-visuals/Android.png","following":false}},{"slug":"Mastering-Knowledge-with-Self-Assessments:-Identifying-and-Bridging-Learning-Gaps-in-Education-1","title":"Mastering Knowledge with Self-Assessments: Identifying and Bridging Learning Gaps in Education","description":"Self-assessment is an essential tool for gauging your understanding of lecture material. It answers critical questions: Have you grasped everything correctly? Is there anything you've missed? Are you prepared for the next lesson? These assessments ensure that you build a solid foundation of knowledge, confidently and efficiently paving the way for swift progress and effective learning outcomes.","body":"Traditional educational institutions, such as colleges and universities, commonly use tests and assessments to measure knowledge. This approach is effective for gauging student performance, but it's not without drawbacks. In these settings, assessments after every lecture aren't feasible due to the time required for teachers to evaluate them. This often leads to students having a false sense of understanding, believing they've comprehended all aspects of a lecture when, in reality, small but crucial details might be missed. These 'knowledge gaps' can accumulate, making more complex topics difficult to grasp later on.\n\nAt Bondar Academy, we address this challenge by implementing self-assessments after every lecture. These are designed to cover key questions that ensure a thorough understanding of the material, essential for comfort and success in future lectures. The number of questions varies, ranging from 3-4 to 15-20, depending on the lecture's significance and the volume of critical information. With these self-assessments, students receive immediate feedback, helping them determine if they've fully understood the lecture or if they need to revisit certain parts or seek assistance from our instructors in the Slack Workspace.","tagList":["Self-Assessment","Test","Exam"],"createdAt":"2024-01-27T21:48:36.340Z","updatedAt":"2024-01-27T21:48:36.340Z","favorited":false,"favoritesCount":247,"author":{"username":"Artem Bondar","bio":null,"image":"https://storage.googleapis.com/bondar-academy-visuals/Android.png","following":false}},{"slug":"Practical-Implementation-of-Skills:-Homework-Assignments-with-Instructor-Supervision-1","title":"Practical Implementation of Skills: Homework Assignments with Instructor Supervision","description":"Knowledge or skills not reinforced through practical exercises can quickly fade, often faster than anticipated. Homework, particularly in tasks like writing your own code, is crucial for honing these skills and cementing your understanding. At Bondar Academy, we ensure this vital step by assigning homework, rigorously evaluating the outcomes, and providing valuable feedback to guide your learning journey.","body":"Homework assignments are a fundamental component of the educational methodology at Bondar Academy, especially in technical education where learning a new programming language or framework is involved. The key to mastering these skills lies in writing code; the more you write, the better you become. However, merely replicating code seen in lectures leads to minimal learning. Often, this approach leaves students unclear about why their code works the way it does, as they focus on copying rather than understanding.\n\nA homework assignment at Bondar Academy starts with a blank page, challenging students to apply all their knowledge to write the first line of code. This process is more demanding than it appears. As you write each line, understanding and reasoning grow, making your code meaningful and comprehensible. You learn to write code that makes sense to you, enhancing your understanding.\n\nIn completing these assignments, you engage the 'thinking' part of your brain, transforming theoretical knowledge into practical skills. Recognizing the crucial role of homework in learning, our instructors at Bondar Academy are always available to assist with any challenges. Just reach out on Slack, and you'll receive the guidance and support needed for successful completion. At Bondar Academy, we fully understand the importance of homework assignments for the best outcome, so our instructors are always here to assist if you have any difficulties with completing them. Just ask in Slack and you'll be guided and assisted.","tagList":["Homework","Assignments","Practice","Coding"],"createdAt":"2024-01-27T21:46:09.512Z","updatedAt":"2024-01-27T21:46:09.512Z","favorited":false,"favoritesCount":115,"author":{"username":"Artem Bondar","bio":null,"image":"https://storage.googleapis.com/bondar-academy-visuals/Android.png","following":false}},{"slug":"Embracing-Daily-Git-Routines:-Real-Code-Reviews-on-GitHub-for-Effective-Coding-Practice.-1","title":"Embracing Daily Git Routines: Real Code Reviews on GitHub for Effective Coding Practice.","description":"Learning to code is just one part of a larger skill set; effectively managing and organizing code is equally crucial. At Bondar Academy, we integrate Git and platforms like GitHub into the core learning cycle. With us, using Git becomes a regular routine, where organizing code in branches, storing it in remote repositories, and collaborating with others through strategies like branching, merging, pull requests, and code reviews are standard practice.","body":"At Bondar Academy, mastering Git and GitHub is a fundamental step before delving into frameworks or programming languages. Effective code management, organization, and storage are crucial skills, and Git is the premier tool for this purpose. However, many learners initially find Git challenging due to its complexity and non-intuitive nature. To address this, our instructors have developed structured lectures on Git and GitHub, ensuring an efficient and thorough understanding of these essential tools. Git lessons are a mandatory prerequisite in every class. For a glimpse into our teaching approach, visit our YouTube channel: https://www.youtube.com/@BondarAcademy/playlists.\n\nIn our courses, all homework assignments are reviewed using GitHub pull requests, mirroring the workflow in real-world software development environments. Students submit their code to their working branch for review. Our instructors then provide feedback, suggesting modifications or adjustments for pull request approval. This iterative process is repeated throughout the course, establishing Git usage as a natural and routine part of your coding practice.","tagList":["YouTube","Git","GitHub"],"createdAt":"2024-01-27T21:42:31.491Z","updatedAt":"2024-01-27T21:42:31.491Z","favorited":false,"favoritesCount":104,"author":{"username":"Artem Bondar","bio":null,"image":"https://storage.googleapis.com/bondar-academy-visuals/Android.png","following":false}},{"slug":"Engaging-in-Live-Zoom-Sessions:-Interact-with-Instructors-and-Peers-Ask-Questions-in-Real-Time-1","title":"Engaging in Live Zoom Sessions: Interact with Instructors and Peers, Ask Questions in Real-Time","description":"In our increasingly online world, personal engagement remains a crucial element of effective learning. At Bondar Academy, we address this by hosting live Zoom sessions. These sessions provide a platform for live interaction between instructors and students, and among students themselves. Complementing our Slack channel, these live sessions offer an additional avenue for asking questions and engaging in meaningful discussions.","body":"In our increasingly online world, personal engagement remains a crucial element of effective learning. \nAt Bondar Academy, we address this by hosting live Zoom sessions. These sessions provide a platform for live interaction between instructors and students and among students themselves. Complementing our Slack channel, these live sessions offer an additional avenue for asking questions and engaging in meaningful discussions.","tagList":["Zoom","Live Sessions"],"createdAt":"2024-01-27T21:39:50.587Z","updatedAt":"2024-01-27T21:39:50.587Z","favorited":false,"favoritesCount":76,"author":{"username":"Artem Bondar","bio":null,"image":"https://storage.googleapis.com/bondar-academy-visuals/Android.png","following":false}},{"slug":"Utilizing-Slack-for-Continuous-Engagement:-Connect-with-Instructors-Share-Insights-and-Collaborate-1","title":"Utilizing Slack for Continuous Engagement: Connect with Instructors, Share Insights, and Collaborate","description":"Slack stands out as a widely-used messaging and collaboration platform, celebrated for its convenience and versatility. It enables simultaneous participation in multiple conversations, supports comments and emoji reactions, and allows users to share screenshots, videos, and code snippets. Its functionality extends to making calls in huddle sessions. Given these robust features, Bondar Academy has chosen Slack as our primary communication platform, facilitating seamless interaction and collaboration.","body":"As a new member of Bondar Academy, one of your initial steps should be registering for the Bondar Academy Slack Workspace. Upon registration at Bondar Academy, you'll receive a welcome email containing the URL to join. This Workspace serves as a central hub for communication with instructors and fellow students. Whether you have a question, need to share code, or want to upload screenshots, Slack makes it easy and efficient. Moreover, its compatibility with both desktop and mobile devices, by downloading and installing the app, ensures you can stay connected with your instructors and the community wherever you go.","tagList":["Slack","Community","Collaboration"],"createdAt":"2024-01-27T21:38:27.992Z","updatedAt":"2024-01-27T21:38:27.992Z","favorited":false,"favoritesCount":72,"author":{"username":"Artem Bondar","bio":null,"image":"https://storage.googleapis.com/bondar-academy-visuals/Android.png","following":false}},{"slug":"Stay-Ahead-with-Bondar-Academy:-Subscribe-to-Our-YouTube-channel-for-Latest-Tech-and-Education-Updates-1","title":"Stay Ahead with Bondar Academy: Subscribe to Our YouTube channel for Latest Tech and Education Updates","description":"Who doesn't appreciate high-quality free resources? YouTube serves as an ideal platform for sharing the latest news, updates, and a wealth of tips and tricks in test automation and technology. Keep abreast of these invaluable insights by subscribing to the @bondaracademy YouTube channel.","body":"Who doesn't appreciate high-quality free resources? \n\nYouTube serves as an ideal platform for sharing the latest news, updates, and a wealth of tips and tricks in test automation and technology. \n\nKeep abreast of these invaluable insights by subscribing to our YouTube channel: https://www.youtube.com/@bondaracademy","tagList":["YouTube"],"createdAt":"2024-01-27T21:36:32.360Z","updatedAt":"2024-01-27T21:36:32.360Z","favorited":false,"favoritesCount":67,"author":{"username":"Artem Bondar","bio":null,"image":"https://storage.googleapis.com/bondar-academy-visuals/Android.png","following":false}},{"slug":"Explore-the-Latest-in-Learning:-Bondar-Academy-Blog's-Educational-Insights-from-Our-Experts-1","title":"Explore the Latest in Learning: Bondar Academy Blog's Educational Insights from Our Experts","description":"Discover a treasure trove of knowledge on the Bondar Academy blog. Here, we share an array of tips, techniques, and valuable educational materials, all designed to keep you abreast of the latest technological trends and best practices. For easy access and continual learning, consider bookmarking our blog in your browser.","body":"On the Bondar Academy blog, we consistently provide insightful and pertinent updates on the latest in technology, test automation, and industry best practices. For your convenience, we recommend adding our blog to your browser's bookmarks. Our commitment to keeping you informed is reflected in our weekly posts, each focusing on a significant topic of the week.\n\nWe value your input and invite you to contribute to our ever-evolving content. If you have any suggestions or specific topics you'd like us to explore, please feel free to share your ideas in the Bondar Academy Slack workspace. \n\nDiscover our blog here: https://www.bondaracademy.com/blog\n","tagList":["Blog"],"createdAt":"2024-01-27T21:34:04.531Z","updatedAt":"2024-01-27T21:34:04.531Z","favorited":false,"favoritesCount":67,"author":{"username":"Artem Bondar","bio":null,"image":"https://storage.googleapis.com/bondar-academy-visuals/Android.png","following":false}},{"slug":"Take-the-Next-Step:-Join-Bondar-Academy-Today-and-Enroll-into-the-class-1","title":"Take the Next Step: Join Bondar Academy Today and Enroll into the class","description":"Are you prepared to transform your educational journey? Begin by signing up at Bondar Academy, then register for our Slack Workspace to start exploring. We offer a range of classes, with some being completely free and others featuring free previews of the initial sections. This allows you to experience our content and teaching approach firsthand, helping you make an informed decision before enrolling in a class.","body":"Are you prepared to transform your educational journey? \n\nBegin by signing up at Bondar Academy, then register for our Slack Workspace to start exploring. We offer a range of classes, with some being completely free and others featuring free previews of the initial sections. This allows you to experience our content and teaching approach firsthand, helping you make an informed decision before enrolling in a class.\n\nClick here to enroll: https://www.bondaracademy.com","tagList":["Enroll","Start for Free"],"createdAt":"2024-01-27T21:32:21.056Z","updatedAt":"2024-01-27T21:32:21.056Z","favorited":false,"favoritesCount":75,"author":{"username":"Artem Bondar","bio":null,"image":"https://storage.googleapis.com/bondar-academy-visuals/Android.png","following":false}}],"articlesCount":10}

19:11:38.896 [pool-2-thread-1] ERROR com.intuit.karate - classpath:examples/features/ArticleList.feature:53
And match response.articles[0].favoritesCount == 1
match failed: EQUALS
  $ | not equal (NUMBER:NUMBER)
  2217
  1

classpath:examples/features/ArticleList.feature:53
19:11:39.518 [pool-3-thread-1] INFO  com.intuit.karate.Suite - <<fail>> feature 1 of 3 (2 remaining) classpath:examples/features/ArticleList.feature
19:15:33.048 [main] INFO  com.intuit.karate.Runner - using system property 'karate.options': --tags @articlelist
19:15:33.887 [main] DEBUG com.intuit.karate.Suite - [config] classpath:karate-config.js
19:15:33.898 [main] INFO  com.intuit.karate.Suite - backed up existing 'target\karate-reports' dir to: target\karate-reports_1788056133888
19:15:33.903 [main] DEBUG com.intuit.karate.Suite - waiting for 3 features to complete
19:15:35.040 [pool-2-thread-1] INFO  com.intuit.karate - karate.env system property was: null 
19:15:35.301 [pool-2-thread-1] DEBUG com.intuit.karate - request:
1 > GET https://conduit-api.bondaracademy.com/api/articles?limit=10&offset=0
1 > Host: conduit-api.bondaracademy.com
1 > Connection: Keep-Alive
1 > User-Agent: Apache-HttpClient/4.5.14 (Java/25.0.4)
1 > Accept-Encoding: gzip,deflate


19:15:36.724 [pool-2-thread-1] DEBUG com.intuit.karate - response time in milliseconds: 1417
1 < 200
1 < x-powered-by: Express
1 < vary: Origin
1 < content-type: application/json; charset=utf-8
1 < etag: W/"43a9-46vzj+oI8pt/OwQfezo2HqTiwpI"
1 < x-cloud-trace-context: 8781f622b48bdd927e1b7ce7edadeacd;o=1
1 < date: Sun, 30 Aug 2026 02:15:35 GMT
1 < server: Google Frontend
1 < Content-Length: 17321
{"articles":[{"slug":"Discover-Bondar-Academy:-Your-Gateway-to-Efficient-Learning-1","title":"Discover Bondar Academy: Your Gateway to Efficient Learning","description":"Discover Bondar Academy's unique place in the educational landscape, where value-focused and efficient learning approaches converge. Our goal is to rapidly enhance your professional technical skills, boosting your market competitiveness and paving the way for higher-paying job opportunities. The speed of your progress is in your hands – you set the pace, and we provide the solutions and support to help you achieve your desired outcomes.","body":"Bondar Academy is a leading platform for efficient education, designed to boost your technical skills and advance your career in Quality Assurance (QA). Our program features a balanced mix of pre-recorded lectures and live sessions, allowing each student to study at their own pace and at a time that suits them. \n\nOur instructors are readily available on our Slack Workspace for support. Whether it's a quick question or a more complex issue requiring a Zoom call or Slack Huddle for screen sharing and live discussion, we're here to assist. Additionally, each class comes with a comprehensive question bank for self-assessment. Following each lecture, you have the opportunity to validate your understanding and readiness to progress to the next topic. You set the pace, and we provide the solutions to ensure you achieve your desired outcomes.\n\nSignUp today: https://www.bondaracademy.com","tagList":["qa career","Bondar Academy","QA Skills","Value-Focused"],"createdAt":"2024-01-27T21:52:32.682Z","updatedAt":"2024-01-27T21:52:32.682Z","favorited":false,"favoritesCount":2217,"author":{"username":"Artem Bondar","bio":null,"image":"https://storage.googleapis.com/bondar-academy-visuals/Android.png","following":false}},{"slug":"The-value-of-pre-recorded-video-classes.-The-most-efficient-approach-to-tranfer-the-knowledge-1","title":"The value of pre-recorded video classes. The most efficient approach to tranfer the knowledge","description":"As educational practices evolve, video tutorials have emerged as the most efficient method for imparting theoretical knowledge. At Bondar Academy, we prioritize expertly structured and crafted video tutorials, ensuring you learn quickly and effectively and advance your skills.","body":"At Bondar Academy, we prioritize the value of your time and the efficiency of your education, distinguishing our approach from traditional colleges and live boot camps. Forget long, tedious live lectures on a fixed schedule. With us, you learn at your convenience and pace through optimized, structured video lectures. \n\nWe understand your goal is rapid knowledge acquisition. Our pre-recorded and well-organized lectures are designed precisely for this, ensuring no slowdowns from group dynamics or unrelated instructor anecdotes. \n\nDive straight into the subject matter, learn efficiently, and if questions arise, our immediate support on the Slack Workspace is there to streamline your learning process and swiftly remove any roadblocks.","tagList":["Bondar Academy","Video Lectures","Tutorials"],"createdAt":"2024-01-27T21:50:38.825Z","updatedAt":"2024-01-27T21:50:38.825Z","favorited":false,"favoritesCount":483,"author":{"username":"Artem Bondar","bio":null,"image":"https://storage.googleapis.com/bondar-academy-visuals/Android.png","following":false}},{"slug":"Mastering-Knowledge-with-Self-Assessments:-Identifying-and-Bridging-Learning-Gaps-in-Education-1","title":"Mastering Knowledge with Self-Assessments: Identifying and Bridging Learning Gaps in Education","description":"Self-assessment is an essential tool for gauging your understanding of lecture material. It answers critical questions: Have you grasped everything correctly? Is there anything you've missed? Are you prepared for the next lesson? These assessments ensure that you build a solid foundation of knowledge, confidently and efficiently paving the way for swift progress and effective learning outcomes.","body":"Traditional educational institutions, such as colleges and universities, commonly use tests and assessments to measure knowledge. This approach is effective for gauging student performance, but it's not without drawbacks. In these settings, assessments after every lecture aren't feasible due to the time required for teachers to evaluate them. This often leads to students having a false sense of understanding, believing they've comprehended all aspects of a lecture when, in reality, small but crucial details might be missed. These 'knowledge gaps' can accumulate, making more complex topics difficult to grasp later on.\n\nAt Bondar Academy, we address this challenge by implementing self-assessments after every lecture. These are designed to cover key questions that ensure a thorough understanding of the material, essential for comfort and success in future lectures. The number of questions varies, ranging from 3-4 to 15-20, depending on the lecture's significance and the volume of critical information. With these self-assessments, students receive immediate feedback, helping them determine if they've fully understood the lecture or if they need to revisit certain parts or seek assistance from our instructors in the Slack Workspace.","tagList":["Self-Assessment","Test","Exam"],"createdAt":"2024-01-27T21:48:36.340Z","updatedAt":"2024-01-27T21:48:36.340Z","favorited":false,"favoritesCount":247,"author":{"username":"Artem Bondar","bio":null,"image":"https://storage.googleapis.com/bondar-academy-visuals/Android.png","following":false}},{"slug":"Practical-Implementation-of-Skills:-Homework-Assignments-with-Instructor-Supervision-1","title":"Practical Implementation of Skills: Homework Assignments with Instructor Supervision","description":"Knowledge or skills not reinforced through practical exercises can quickly fade, often faster than anticipated. Homework, particularly in tasks like writing your own code, is crucial for honing these skills and cementing your understanding. At Bondar Academy, we ensure this vital step by assigning homework, rigorously evaluating the outcomes, and providing valuable feedback to guide your learning journey.","body":"Homework assignments are a fundamental component of the educational methodology at Bondar Academy, especially in technical education where learning a new programming language or framework is involved. The key to mastering these skills lies in writing code; the more you write, the better you become. However, merely replicating code seen in lectures leads to minimal learning. Often, this approach leaves students unclear about why their code works the way it does, as they focus on copying rather than understanding.\n\nA homework assignment at Bondar Academy starts with a blank page, challenging students to apply all their knowledge to write the first line of code. This process is more demanding than it appears. As you write each line, understanding and reasoning grow, making your code meaningful and comprehensible. You learn to write code that makes sense to you, enhancing your understanding.\n\nIn completing these assignments, you engage the 'thinking' part of your brain, transforming theoretical knowledge into practical skills. Recognizing the crucial role of homework in learning, our instructors at Bondar Academy are always available to assist with any challenges. Just reach out on Slack, and you'll receive the guidance and support needed for successful completion. At Bondar Academy, we fully understand the importance of homework assignments for the best outcome, so our instructors are always here to assist if you have any difficulties with completing them. Just ask in Slack and you'll be guided and assisted.","tagList":["Homework","Assignments","Practice","Coding"],"createdAt":"2024-01-27T21:46:09.512Z","updatedAt":"2024-01-27T21:46:09.512Z","favorited":false,"favoritesCount":115,"author":{"username":"Artem Bondar","bio":null,"image":"https://storage.googleapis.com/bondar-academy-visuals/Android.png","following":false}},{"slug":"Embracing-Daily-Git-Routines:-Real-Code-Reviews-on-GitHub-for-Effective-Coding-Practice.-1","title":"Embracing Daily Git Routines: Real Code Reviews on GitHub for Effective Coding Practice.","description":"Learning to code is just one part of a larger skill set; effectively managing and organizing code is equally crucial. At Bondar Academy, we integrate Git and platforms like GitHub into the core learning cycle. With us, using Git becomes a regular routine, where organizing code in branches, storing it in remote repositories, and collaborating with others through strategies like branching, merging, pull requests, and code reviews are standard practice.","body":"At Bondar Academy, mastering Git and GitHub is a fundamental step before delving into frameworks or programming languages. Effective code management, organization, and storage are crucial skills, and Git is the premier tool for this purpose. However, many learners initially find Git challenging due to its complexity and non-intuitive nature. To address this, our instructors have developed structured lectures on Git and GitHub, ensuring an efficient and thorough understanding of these essential tools. Git lessons are a mandatory prerequisite in every class. For a glimpse into our teaching approach, visit our YouTube channel: https://www.youtube.com/@BondarAcademy/playlists.\n\nIn our courses, all homework assignments are reviewed using GitHub pull requests, mirroring the workflow in real-world software development environments. Students submit their code to their working branch for review. Our instructors then provide feedback, suggesting modifications or adjustments for pull request approval. This iterative process is repeated throughout the course, establishing Git usage as a natural and routine part of your coding practice.","tagList":["YouTube","Git","GitHub"],"createdAt":"2024-01-27T21:42:31.491Z","updatedAt":"2024-01-27T21:42:31.491Z","favorited":false,"favoritesCount":104,"author":{"username":"Artem Bondar","bio":null,"image":"https://storage.googleapis.com/bondar-academy-visuals/Android.png","following":false}},{"slug":"Engaging-in-Live-Zoom-Sessions:-Interact-with-Instructors-and-Peers-Ask-Questions-in-Real-Time-1","title":"Engaging in Live Zoom Sessions: Interact with Instructors and Peers, Ask Questions in Real-Time","description":"In our increasingly online world, personal engagement remains a crucial element of effective learning. At Bondar Academy, we address this by hosting live Zoom sessions. These sessions provide a platform for live interaction between instructors and students, and among students themselves. Complementing our Slack channel, these live sessions offer an additional avenue for asking questions and engaging in meaningful discussions.","body":"In our increasingly online world, personal engagement remains a crucial element of effective learning. \nAt Bondar Academy, we address this by hosting live Zoom sessions. These sessions provide a platform for live interaction between instructors and students and among students themselves. Complementing our Slack channel, these live sessions offer an additional avenue for asking questions and engaging in meaningful discussions.","tagList":["Zoom","Live Sessions"],"createdAt":"2024-01-27T21:39:50.587Z","updatedAt":"2024-01-27T21:39:50.587Z","favorited":false,"favoritesCount":76,"author":{"username":"Artem Bondar","bio":null,"image":"https://storage.googleapis.com/bondar-academy-visuals/Android.png","following":false}},{"slug":"Utilizing-Slack-for-Continuous-Engagement:-Connect-with-Instructors-Share-Insights-and-Collaborate-1","title":"Utilizing Slack for Continuous Engagement: Connect with Instructors, Share Insights, and Collaborate","description":"Slack stands out as a widely-used messaging and collaboration platform, celebrated for its convenience and versatility. It enables simultaneous participation in multiple conversations, supports comments and emoji reactions, and allows users to share screenshots, videos, and code snippets. Its functionality extends to making calls in huddle sessions. Given these robust features, Bondar Academy has chosen Slack as our primary communication platform, facilitating seamless interaction and collaboration.","body":"As a new member of Bondar Academy, one of your initial steps should be registering for the Bondar Academy Slack Workspace. Upon registration at Bondar Academy, you'll receive a welcome email containing the URL to join. This Workspace serves as a central hub for communication with instructors and fellow students. Whether you have a question, need to share code, or want to upload screenshots, Slack makes it easy and efficient. Moreover, its compatibility with both desktop and mobile devices, by downloading and installing the app, ensures you can stay connected with your instructors and the community wherever you go.","tagList":["Slack","Community","Collaboration"],"createdAt":"2024-01-27T21:38:27.992Z","updatedAt":"2024-01-27T21:38:27.992Z","favorited":false,"favoritesCount":72,"author":{"username":"Artem Bondar","bio":null,"image":"https://storage.googleapis.com/bondar-academy-visuals/Android.png","following":false}},{"slug":"Stay-Ahead-with-Bondar-Academy:-Subscribe-to-Our-YouTube-channel-for-Latest-Tech-and-Education-Updates-1","title":"Stay Ahead with Bondar Academy: Subscribe to Our YouTube channel for Latest Tech and Education Updates","description":"Who doesn't appreciate high-quality free resources? YouTube serves as an ideal platform for sharing the latest news, updates, and a wealth of tips and tricks in test automation and technology. Keep abreast of these invaluable insights by subscribing to the @bondaracademy YouTube channel.","body":"Who doesn't appreciate high-quality free resources? \n\nYouTube serves as an ideal platform for sharing the latest news, updates, and a wealth of tips and tricks in test automation and technology. \n\nKeep abreast of these invaluable insights by subscribing to our YouTube channel: https://www.youtube.com/@bondaracademy","tagList":["YouTube"],"createdAt":"2024-01-27T21:36:32.360Z","updatedAt":"2024-01-27T21:36:32.360Z","favorited":false,"favoritesCount":67,"author":{"username":"Artem Bondar","bio":null,"image":"https://storage.googleapis.com/bondar-academy-visuals/Android.png","following":false}},{"slug":"Explore-the-Latest-in-Learning:-Bondar-Academy-Blog's-Educational-Insights-from-Our-Experts-1","title":"Explore the Latest in Learning: Bondar Academy Blog's Educational Insights from Our Experts","description":"Discover a treasure trove of knowledge on the Bondar Academy blog. Here, we share an array of tips, techniques, and valuable educational materials, all designed to keep you abreast of the latest technological trends and best practices. For easy access and continual learning, consider bookmarking our blog in your browser.","body":"On the Bondar Academy blog, we consistently provide insightful and pertinent updates on the latest in technology, test automation, and industry best practices. For your convenience, we recommend adding our blog to your browser's bookmarks. Our commitment to keeping you informed is reflected in our weekly posts, each focusing on a significant topic of the week.\n\nWe value your input and invite you to contribute to our ever-evolving content. If you have any suggestions or specific topics you'd like us to explore, please feel free to share your ideas in the Bondar Academy Slack workspace. \n\nDiscover our blog here: https://www.bondaracademy.com/blog\n","tagList":["Blog"],"createdAt":"2024-01-27T21:34:04.531Z","updatedAt":"2024-01-27T21:34:04.531Z","favorited":false,"favoritesCount":67,"author":{"username":"Artem Bondar","bio":null,"image":"https://storage.googleapis.com/bondar-academy-visuals/Android.png","following":false}},{"slug":"Take-the-Next-Step:-Join-Bondar-Academy-Today-and-Enroll-into-the-class-1","title":"Take the Next Step: Join Bondar Academy Today and Enroll into the class","description":"Are you prepared to transform your educational journey? Begin by signing up at Bondar Academy, then register for our Slack Workspace to start exploring. We offer a range of classes, with some being completely free and others featuring free previews of the initial sections. This allows you to experience our content and teaching approach firsthand, helping you make an informed decision before enrolling in a class.","body":"Are you prepared to transform your educational journey? \n\nBegin by signing up at Bondar Academy, then register for our Slack Workspace to start exploring. We offer a range of classes, with some being completely free and others featuring free previews of the initial sections. This allows you to experience our content and teaching approach firsthand, helping you make an informed decision before enrolling in a class.\n\nClick here to enroll: https://www.bondaracademy.com","tagList":["Enroll","Start for Free"],"createdAt":"2024-01-27T21:32:21.056Z","updatedAt":"2024-01-27T21:32:21.056Z","favorited":false,"favoritesCount":75,"author":{"username":"Artem Bondar","bio":null,"image":"https://storage.googleapis.com/bondar-academy-visuals/Android.png","following":false}}],"articlesCount":10}

19:15:36.761 [pool-2-thread-1] INFO  com.intuit.karate - [print] 2217 
19:15:36.799 [pool-2-thread-1] DEBUG com.intuit.karate - request:
2 > GET https://conduit-api.bondaracademy.com/api/articles?limit=10&offset=0
2 > Host: conduit-api.bondaracademy.com
2 > Connection: Keep-Alive
2 > User-Agent: Apache-HttpClient/4.5.14 (Java/25.0.4)
2 > Accept-Encoding: gzip,deflate


19:15:37.126 [pool-2-thread-1] DEBUG com.intuit.karate - response time in milliseconds: 325
2 < 200
2 < x-powered-by: Express
2 < vary: Origin
2 < content-type: application/json; charset=utf-8
2 < etag: W/"43a9-46vzj+oI8pt/OwQfezo2HqTiwpI"
2 < x-cloud-trace-context: 9467f54b339884e0c0423c263fcc2b3e
2 < date: Sun, 30 Aug 2026 02:15:36 GMT
2 < server: Google Frontend
2 < Content-Length: 17321
{"articles":[{"slug":"Discover-Bondar-Academy:-Your-Gateway-to-Efficient-Learning-1","title":"Discover Bondar Academy: Your Gateway to Efficient Learning","description":"Discover Bondar Academy's unique place in the educational landscape, where value-focused and efficient learning approaches converge. Our goal is to rapidly enhance your professional technical skills, boosting your market competitiveness and paving the way for higher-paying job opportunities. The speed of your progress is in your hands – you set the pace, and we provide the solutions and support to help you achieve your desired outcomes.","body":"Bondar Academy is a leading platform for efficient education, designed to boost your technical skills and advance your career in Quality Assurance (QA). Our program features a balanced mix of pre-recorded lectures and live sessions, allowing each student to study at their own pace and at a time that suits them. \n\nOur instructors are readily available on our Slack Workspace for support. Whether it's a quick question or a more complex issue requiring a Zoom call or Slack Huddle for screen sharing and live discussion, we're here to assist. Additionally, each class comes with a comprehensive question bank for self-assessment. Following each lecture, you have the opportunity to validate your understanding and readiness to progress to the next topic. You set the pace, and we provide the solutions to ensure you achieve your desired outcomes.\n\nSignUp today: https://www.bondaracademy.com","tagList":["qa career","Bondar Academy","QA Skills","Value-Focused"],"createdAt":"2024-01-27T21:52:32.682Z","updatedAt":"2024-01-27T21:52:32.682Z","favorited":false,"favoritesCount":2217,"author":{"username":"Artem Bondar","bio":null,"image":"https://storage.googleapis.com/bondar-academy-visuals/Android.png","following":false}},{"slug":"The-value-of-pre-recorded-video-classes.-The-most-efficient-approach-to-tranfer-the-knowledge-1","title":"The value of pre-recorded video classes. The most efficient approach to tranfer the knowledge","description":"As educational practices evolve, video tutorials have emerged as the most efficient method for imparting theoretical knowledge. At Bondar Academy, we prioritize expertly structured and crafted video tutorials, ensuring you learn quickly and effectively and advance your skills.","body":"At Bondar Academy, we prioritize the value of your time and the efficiency of your education, distinguishing our approach from traditional colleges and live boot camps. Forget long, tedious live lectures on a fixed schedule. With us, you learn at your convenience and pace through optimized, structured video lectures. \n\nWe understand your goal is rapid knowledge acquisition. Our pre-recorded and well-organized lectures are designed precisely for this, ensuring no slowdowns from group dynamics or unrelated instructor anecdotes. \n\nDive straight into the subject matter, learn efficiently, and if questions arise, our immediate support on the Slack Workspace is there to streamline your learning process and swiftly remove any roadblocks.","tagList":["Bondar Academy","Video Lectures","Tutorials"],"createdAt":"2024-01-27T21:50:38.825Z","updatedAt":"2024-01-27T21:50:38.825Z","favorited":false,"favoritesCount":483,"author":{"username":"Artem Bondar","bio":null,"image":"https://storage.googleapis.com/bondar-academy-visuals/Android.png","following":false}},{"slug":"Mastering-Knowledge-with-Self-Assessments:-Identifying-and-Bridging-Learning-Gaps-in-Education-1","title":"Mastering Knowledge with Self-Assessments: Identifying and Bridging Learning Gaps in Education","description":"Self-assessment is an essential tool for gauging your understanding of lecture material. It answers critical questions: Have you grasped everything correctly? Is there anything you've missed? Are you prepared for the next lesson? These assessments ensure that you build a solid foundation of knowledge, confidently and efficiently paving the way for swift progress and effective learning outcomes.","body":"Traditional educational institutions, such as colleges and universities, commonly use tests and assessments to measure knowledge. This approach is effective for gauging student performance, but it's not without drawbacks. In these settings, assessments after every lecture aren't feasible due to the time required for teachers to evaluate them. This often leads to students having a false sense of understanding, believing they've comprehended all aspects of a lecture when, in reality, small but crucial details might be missed. These 'knowledge gaps' can accumulate, making more complex topics difficult to grasp later on.\n\nAt Bondar Academy, we address this challenge by implementing self-assessments after every lecture. These are designed to cover key questions that ensure a thorough understanding of the material, essential for comfort and success in future lectures. The number of questions varies, ranging from 3-4 to 15-20, depending on the lecture's significance and the volume of critical information. With these self-assessments, students receive immediate feedback, helping them determine if they've fully understood the lecture or if they need to revisit certain parts or seek assistance from our instructors in the Slack Workspace.","tagList":["Self-Assessment","Test","Exam"],"createdAt":"2024-01-27T21:48:36.340Z","updatedAt":"2024-01-27T21:48:36.340Z","favorited":false,"favoritesCount":247,"author":{"username":"Artem Bondar","bio":null,"image":"https://storage.googleapis.com/bondar-academy-visuals/Android.png","following":false}},{"slug":"Practical-Implementation-of-Skills:-Homework-Assignments-with-Instructor-Supervision-1","title":"Practical Implementation of Skills: Homework Assignments with Instructor Supervision","description":"Knowledge or skills not reinforced through practical exercises can quickly fade, often faster than anticipated. Homework, particularly in tasks like writing your own code, is crucial for honing these skills and cementing your understanding. At Bondar Academy, we ensure this vital step by assigning homework, rigorously evaluating the outcomes, and providing valuable feedback to guide your learning journey.","body":"Homework assignments are a fundamental component of the educational methodology at Bondar Academy, especially in technical education where learning a new programming language or framework is involved. The key to mastering these skills lies in writing code; the more you write, the better you become. However, merely replicating code seen in lectures leads to minimal learning. Often, this approach leaves students unclear about why their code works the way it does, as they focus on copying rather than understanding.\n\nA homework assignment at Bondar Academy starts with a blank page, challenging students to apply all their knowledge to write the first line of code. This process is more demanding than it appears. As you write each line, understanding and reasoning grow, making your code meaningful and comprehensible. You learn to write code that makes sense to you, enhancing your understanding.\n\nIn completing these assignments, you engage the 'thinking' part of your brain, transforming theoretical knowledge into practical skills. Recognizing the crucial role of homework in learning, our instructors at Bondar Academy are always available to assist with any challenges. Just reach out on Slack, and you'll receive the guidance and support needed for successful completion. At Bondar Academy, we fully understand the importance of homework assignments for the best outcome, so our instructors are always here to assist if you have any difficulties with completing them. Just ask in Slack and you'll be guided and assisted.","tagList":["Homework","Assignments","Practice","Coding"],"createdAt":"2024-01-27T21:46:09.512Z","updatedAt":"2024-01-27T21:46:09.512Z","favorited":false,"favoritesCount":115,"author":{"username":"Artem Bondar","bio":null,"image":"https://storage.googleapis.com/bondar-academy-visuals/Android.png","following":false}},{"slug":"Embracing-Daily-Git-Routines:-Real-Code-Reviews-on-GitHub-for-Effective-Coding-Practice.-1","title":"Embracing Daily Git Routines: Real Code Reviews on GitHub for Effective Coding Practice.","description":"Learning to code is just one part of a larger skill set; effectively managing and organizing code is equally crucial. At Bondar Academy, we integrate Git and platforms like GitHub into the core learning cycle. With us, using Git becomes a regular routine, where organizing code in branches, storing it in remote repositories, and collaborating with others through strategies like branching, merging, pull requests, and code reviews are standard practice.","body":"At Bondar Academy, mastering Git and GitHub is a fundamental step before delving into frameworks or programming languages. Effective code management, organization, and storage are crucial skills, and Git is the premier tool for this purpose. However, many learners initially find Git challenging due to its complexity and non-intuitive nature. To address this, our instructors have developed structured lectures on Git and GitHub, ensuring an efficient and thorough understanding of these essential tools. Git lessons are a mandatory prerequisite in every class. For a glimpse into our teaching approach, visit our YouTube channel: https://www.youtube.com/@BondarAcademy/playlists.\n\nIn our courses, all homework assignments are reviewed using GitHub pull requests, mirroring the workflow in real-world software development environments. Students submit their code to their working branch for review. Our instructors then provide feedback, suggesting modifications or adjustments for pull request approval. This iterative process is repeated throughout the course, establishing Git usage as a natural and routine part of your coding practice.","tagList":["YouTube","Git","GitHub"],"createdAt":"2024-01-27T21:42:31.491Z","updatedAt":"2024-01-27T21:42:31.491Z","favorited":false,"favoritesCount":104,"author":{"username":"Artem Bondar","bio":null,"image":"https://storage.googleapis.com/bondar-academy-visuals/Android.png","following":false}},{"slug":"Engaging-in-Live-Zoom-Sessions:-Interact-with-Instructors-and-Peers-Ask-Questions-in-Real-Time-1","title":"Engaging in Live Zoom Sessions: Interact with Instructors and Peers, Ask Questions in Real-Time","description":"In our increasingly online world, personal engagement remains a crucial element of effective learning. At Bondar Academy, we address this by hosting live Zoom sessions. These sessions provide a platform for live interaction between instructors and students, and among students themselves. Complementing our Slack channel, these live sessions offer an additional avenue for asking questions and engaging in meaningful discussions.","body":"In our increasingly online world, personal engagement remains a crucial element of effective learning. \nAt Bondar Academy, we address this by hosting live Zoom sessions. These sessions provide a platform for live interaction between instructors and students and among students themselves. Complementing our Slack channel, these live sessions offer an additional avenue for asking questions and engaging in meaningful discussions.","tagList":["Zoom","Live Sessions"],"createdAt":"2024-01-27T21:39:50.587Z","updatedAt":"2024-01-27T21:39:50.587Z","favorited":false,"favoritesCount":76,"author":{"username":"Artem Bondar","bio":null,"image":"https://storage.googleapis.com/bondar-academy-visuals/Android.png","following":false}},{"slug":"Utilizing-Slack-for-Continuous-Engagement:-Connect-with-Instructors-Share-Insights-and-Collaborate-1","title":"Utilizing Slack for Continuous Engagement: Connect with Instructors, Share Insights, and Collaborate","description":"Slack stands out as a widely-used messaging and collaboration platform, celebrated for its convenience and versatility. It enables simultaneous participation in multiple conversations, supports comments and emoji reactions, and allows users to share screenshots, videos, and code snippets. Its functionality extends to making calls in huddle sessions. Given these robust features, Bondar Academy has chosen Slack as our primary communication platform, facilitating seamless interaction and collaboration.","body":"As a new member of Bondar Academy, one of your initial steps should be registering for the Bondar Academy Slack Workspace. Upon registration at Bondar Academy, you'll receive a welcome email containing the URL to join. This Workspace serves as a central hub for communication with instructors and fellow students. Whether you have a question, need to share code, or want to upload screenshots, Slack makes it easy and efficient. Moreover, its compatibility with both desktop and mobile devices, by downloading and installing the app, ensures you can stay connected with your instructors and the community wherever you go.","tagList":["Slack","Community","Collaboration"],"createdAt":"2024-01-27T21:38:27.992Z","updatedAt":"2024-01-27T21:38:27.992Z","favorited":false,"favoritesCount":72,"author":{"username":"Artem Bondar","bio":null,"image":"https://storage.googleapis.com/bondar-academy-visuals/Android.png","following":false}},{"slug":"Stay-Ahead-with-Bondar-Academy:-Subscribe-to-Our-YouTube-channel-for-Latest-Tech-and-Education-Updates-1","title":"Stay Ahead with Bondar Academy: Subscribe to Our YouTube channel for Latest Tech and Education Updates","description":"Who doesn't appreciate high-quality free resources? YouTube serves as an ideal platform for sharing the latest news, updates, and a wealth of tips and tricks in test automation and technology. Keep abreast of these invaluable insights by subscribing to the @bondaracademy YouTube channel.","body":"Who doesn't appreciate high-quality free resources? \n\nYouTube serves as an ideal platform for sharing the latest news, updates, and a wealth of tips and tricks in test automation and technology. \n\nKeep abreast of these invaluable insights by subscribing to our YouTube channel: https://www.youtube.com/@bondaracademy","tagList":["YouTube"],"createdAt":"2024-01-27T21:36:32.360Z","updatedAt":"2024-01-27T21:36:32.360Z","favorited":false,"favoritesCount":67,"author":{"username":"Artem Bondar","bio":null,"image":"https://storage.googleapis.com/bondar-academy-visuals/Android.png","following":false}},{"slug":"Explore-the-Latest-in-Learning:-Bondar-Academy-Blog's-Educational-Insights-from-Our-Experts-1","title":"Explore the Latest in Learning: Bondar Academy Blog's Educational Insights from Our Experts","description":"Discover a treasure trove of knowledge on the Bondar Academy blog. Here, we share an array of tips, techniques, and valuable educational materials, all designed to keep you abreast of the latest technological trends and best practices. For easy access and continual learning, consider bookmarking our blog in your browser.","body":"On the Bondar Academy blog, we consistently provide insightful and pertinent updates on the latest in technology, test automation, and industry best practices. For your convenience, we recommend adding our blog to your browser's bookmarks. Our commitment to keeping you informed is reflected in our weekly posts, each focusing on a significant topic of the week.\n\nWe value your input and invite you to contribute to our ever-evolving content. If you have any suggestions or specific topics you'd like us to explore, please feel free to share your ideas in the Bondar Academy Slack workspace. \n\nDiscover our blog here: https://www.bondaracademy.com/blog\n","tagList":["Blog"],"createdAt":"2024-01-27T21:34:04.531Z","updatedAt":"2024-01-27T21:34:04.531Z","favorited":false,"favoritesCount":67,"author":{"username":"Artem Bondar","bio":null,"image":"https://storage.googleapis.com/bondar-academy-visuals/Android.png","following":false}},{"slug":"Take-the-Next-Step:-Join-Bondar-Academy-Today-and-Enroll-into-the-class-1","title":"Take the Next Step: Join Bondar Academy Today and Enroll into the class","description":"Are you prepared to transform your educational journey? Begin by signing up at Bondar Academy, then register for our Slack Workspace to start exploring. We offer a range of classes, with some being completely free and others featuring free previews of the initial sections. This allows you to experience our content and teaching approach firsthand, helping you make an informed decision before enrolling in a class.","body":"Are you prepared to transform your educational journey? \n\nBegin by signing up at Bondar Academy, then register for our Slack Workspace to start exploring. We offer a range of classes, with some being completely free and others featuring free previews of the initial sections. This allows you to experience our content and teaching approach firsthand, helping you make an informed decision before enrolling in a class.\n\nClick here to enroll: https://www.bondaracademy.com","tagList":["Enroll","Start for Free"],"createdAt":"2024-01-27T21:32:21.056Z","updatedAt":"2024-01-27T21:32:21.056Z","favorited":false,"favoritesCount":75,"author":{"username":"Artem Bondar","bio":null,"image":"https://storage.googleapis.com/bondar-academy-visuals/Android.png","following":false}}],"articlesCount":10}

19:15:37.897 [pool-3-thread-1] INFO  com.intuit.karate.Suite - <<pass>> feature 1 of 3 (2 remaining) classpath:examples/features/ArticleList.feature
19:16:32.073 [main] INFO  com.intuit.karate.Runner - using system property 'karate.options': --tags @articlelist
19:16:32.923 [main] DEBUG com.intuit.karate.Suite - [config] classpath:karate-config.js
19:16:32.927 [main] INFO  com.intuit.karate.Suite - backed up existing 'target\karate-reports' dir to: target\karate-reports_1788056192924
19:16:32.932 [main] DEBUG com.intuit.karate.Suite - waiting for 3 features to complete
19:16:34.142 [pool-2-thread-1] INFO  com.intuit.karate - karate.env system property was: null 
19:16:34.142 [pool-2-thread-2] INFO  com.intuit.karate - karate.env system property was: null 
19:16:34.433 [pool-2-thread-2] DEBUG com.intuit.karate - request:
1 > GET https://conduit-api.bondaracademy.com/api/articles?limit=10&offset=0
1 > Host: conduit-api.bondaracademy.com
1 > Connection: Keep-Alive
1 > User-Agent: Apache-HttpClient/4.5.14 (Java/25.0.4)
1 > Accept-Encoding: gzip,deflate


19:16:34.433 [pool-2-thread-1] DEBUG com.intuit.karate - request:
1 > GET https://conduit-api.bondaracademy.com/api/articles?limit=10&offset=0
1 > Host: conduit-api.bondaracademy.com
1 > Connection: Keep-Alive
1 > User-Agent: Apache-HttpClient/4.5.14 (Java/25.0.4)
1 > Accept-Encoding: gzip,deflate


19:16:35.253 [pool-2-thread-1] DEBUG com.intuit.karate - response time in milliseconds: 814
1 < 200
1 < x-powered-by: Express
1 < vary: Origin
1 < content-type: application/json; charset=utf-8
1 < etag: W/"43a9-46vzj+oI8pt/OwQfezo2HqTiwpI"
1 < x-cloud-trace-context: f1ce8c28c17f31c914e2fc869f76ddf0;o=1
1 < date: Sun, 30 Aug 2026 02:16:34 GMT
1 < server: Google Frontend
1 < Content-Length: 17321
{"articles":[{"slug":"Discover-Bondar-Academy:-Your-Gateway-to-Efficient-Learning-1","title":"Discover Bondar Academy: Your Gateway to Efficient Learning","description":"Discover Bondar Academy's unique place in the educational landscape, where value-focused and efficient learning approaches converge. Our goal is to rapidly enhance your professional technical skills, boosting your market competitiveness and paving the way for higher-paying job opportunities. The speed of your progress is in your hands – you set the pace, and we provide the solutions and support to help you achieve your desired outcomes.","body":"Bondar Academy is a leading platform for efficient education, designed to boost your technical skills and advance your career in Quality Assurance (QA). Our program features a balanced mix of pre-recorded lectures and live sessions, allowing each student to study at their own pace and at a time that suits them. \n\nOur instructors are readily available on our Slack Workspace for support. Whether it's a quick question or a more complex issue requiring a Zoom call or Slack Huddle for screen sharing and live discussion, we're here to assist. Additionally, each class comes with a comprehensive question bank for self-assessment. Following each lecture, you have the opportunity to validate your understanding and readiness to progress to the next topic. You set the pace, and we provide the solutions to ensure you achieve your desired outcomes.\n\nSignUp today: https://www.bondaracademy.com","tagList":["qa career","Bondar Academy","QA Skills","Value-Focused"],"createdAt":"2024-01-27T21:52:32.682Z","updatedAt":"2024-01-27T21:52:32.682Z","favorited":false,"favoritesCount":2217,"author":{"username":"Artem Bondar","bio":null,"image":"https://storage.googleapis.com/bondar-academy-visuals/Android.png","following":false}},{"slug":"The-value-of-pre-recorded-video-classes.-The-most-efficient-approach-to-tranfer-the-knowledge-1","title":"The value of pre-recorded video classes. The most efficient approach to tranfer the knowledge","description":"As educational practices evolve, video tutorials have emerged as the most efficient method for imparting theoretical knowledge. At Bondar Academy, we prioritize expertly structured and crafted video tutorials, ensuring you learn quickly and effectively and advance your skills.","body":"At Bondar Academy, we prioritize the value of your time and the efficiency of your education, distinguishing our approach from traditional colleges and live boot camps. Forget long, tedious live lectures on a fixed schedule. With us, you learn at your convenience and pace through optimized, structured video lectures. \n\nWe understand your goal is rapid knowledge acquisition. Our pre-recorded and well-organized lectures are designed precisely for this, ensuring no slowdowns from group dynamics or unrelated instructor anecdotes. \n\nDive straight into the subject matter, learn efficiently, and if questions arise, our immediate support on the Slack Workspace is there to streamline your learning process and swiftly remove any roadblocks.","tagList":["Bondar Academy","Video Lectures","Tutorials"],"createdAt":"2024-01-27T21:50:38.825Z","updatedAt":"2024-01-27T21:50:38.825Z","favorited":false,"favoritesCount":483,"author":{"username":"Artem Bondar","bio":null,"image":"https://storage.googleapis.com/bondar-academy-visuals/Android.png","following":false}},{"slug":"Mastering-Knowledge-with-Self-Assessments:-Identifying-and-Bridging-Learning-Gaps-in-Education-1","title":"Mastering Knowledge with Self-Assessments: Identifying and Bridging Learning Gaps in Education","description":"Self-assessment is an essential tool for gauging your understanding of lecture material. It answers critical questions: Have you grasped everything correctly? Is there anything you've missed? Are you prepared for the next lesson? These assessments ensure that you build a solid foundation of knowledge, confidently and efficiently paving the way for swift progress and effective learning outcomes.","body":"Traditional educational institutions, such as colleges and universities, commonly use tests and assessments to measure knowledge. This approach is effective for gauging student performance, but it's not without drawbacks. In these settings, assessments after every lecture aren't feasible due to the time required for teachers to evaluate them. This often leads to students having a false sense of understanding, believing they've comprehended all aspects of a lecture when, in reality, small but crucial details might be missed. These 'knowledge gaps' can accumulate, making more complex topics difficult to grasp later on.\n\nAt Bondar Academy, we address this challenge by implementing self-assessments after every lecture. These are designed to cover key questions that ensure a thorough understanding of the material, essential for comfort and success in future lectures. The number of questions varies, ranging from 3-4 to 15-20, depending on the lecture's significance and the volume of critical information. With these self-assessments, students receive immediate feedback, helping them determine if they've fully understood the lecture or if they need to revisit certain parts or seek assistance from our instructors in the Slack Workspace.","tagList":["Self-Assessment","Test","Exam"],"createdAt":"2024-01-27T21:48:36.340Z","updatedAt":"2024-01-27T21:48:36.340Z","favorited":false,"favoritesCount":247,"author":{"username":"Artem Bondar","bio":null,"image":"https://storage.googleapis.com/bondar-academy-visuals/Android.png","following":false}},{"slug":"Practical-Implementation-of-Skills:-Homework-Assignments-with-Instructor-Supervision-1","title":"Practical Implementation of Skills: Homework Assignments with Instructor Supervision","description":"Knowledge or skills not reinforced through practical exercises can quickly fade, often faster than anticipated. Homework, particularly in tasks like writing your own code, is crucial for honing these skills and cementing your understanding. At Bondar Academy, we ensure this vital step by assigning homework, rigorously evaluating the outcomes, and providing valuable feedback to guide your learning journey.","body":"Homework assignments are a fundamental component of the educational methodology at Bondar Academy, especially in technical education where learning a new programming language or framework is involved. The key to mastering these skills lies in writing code; the more you write, the better you become. However, merely replicating code seen in lectures leads to minimal learning. Often, this approach leaves students unclear about why their code works the way it does, as they focus on copying rather than understanding.\n\nA homework assignment at Bondar Academy starts with a blank page, challenging students to apply all their knowledge to write the first line of code. This process is more demanding than it appears. As you write each line, understanding and reasoning grow, making your code meaningful and comprehensible. You learn to write code that makes sense to you, enhancing your understanding.\n\nIn completing these assignments, you engage the 'thinking' part of your brain, transforming theoretical knowledge into practical skills. Recognizing the crucial role of homework in learning, our instructors at Bondar Academy are always available to assist with any challenges. Just reach out on Slack, and you'll receive the guidance and support needed for successful completion. At Bondar Academy, we fully understand the importance of homework assignments for the best outcome, so our instructors are always here to assist if you have any difficulties with completing them. Just ask in Slack and you'll be guided and assisted.","tagList":["Homework","Assignments","Practice","Coding"],"createdAt":"2024-01-27T21:46:09.512Z","updatedAt":"2024-01-27T21:46:09.512Z","favorited":false,"favoritesCount":115,"author":{"username":"Artem Bondar","bio":null,"image":"https://storage.googleapis.com/bondar-academy-visuals/Android.png","following":false}},{"slug":"Embracing-Daily-Git-Routines:-Real-Code-Reviews-on-GitHub-for-Effective-Coding-Practice.-1","title":"Embracing Daily Git Routines: Real Code Reviews on GitHub for Effective Coding Practice.","description":"Learning to code is just one part of a larger skill set; effectively managing and organizing code is equally crucial. At Bondar Academy, we integrate Git and platforms like GitHub into the core learning cycle. With us, using Git becomes a regular routine, where organizing code in branches, storing it in remote repositories, and collaborating with others through strategies like branching, merging, pull requests, and code reviews are standard practice.","body":"At Bondar Academy, mastering Git and GitHub is a fundamental step before delving into frameworks or programming languages. Effective code management, organization, and storage are crucial skills, and Git is the premier tool for this purpose. However, many learners initially find Git challenging due to its complexity and non-intuitive nature. To address this, our instructors have developed structured lectures on Git and GitHub, ensuring an efficient and thorough understanding of these essential tools. Git lessons are a mandatory prerequisite in every class. For a glimpse into our teaching approach, visit our YouTube channel: https://www.youtube.com/@BondarAcademy/playlists.\n\nIn our courses, all homework assignments are reviewed using GitHub pull requests, mirroring the workflow in real-world software development environments. Students submit their code to their working branch for review. Our instructors then provide feedback, suggesting modifications or adjustments for pull request approval. This iterative process is repeated throughout the course, establishing Git usage as a natural and routine part of your coding practice.","tagList":["YouTube","Git","GitHub"],"createdAt":"2024-01-27T21:42:31.491Z","updatedAt":"2024-01-27T21:42:31.491Z","favorited":false,"favoritesCount":104,"author":{"username":"Artem Bondar","bio":null,"image":"https://storage.googleapis.com/bondar-academy-visuals/Android.png","following":false}},{"slug":"Engaging-in-Live-Zoom-Sessions:-Interact-with-Instructors-and-Peers-Ask-Questions-in-Real-Time-1","title":"Engaging in Live Zoom Sessions: Interact with Instructors and Peers, Ask Questions in Real-Time","description":"In our increasingly online world, personal engagement remains a crucial element of effective learning. At Bondar Academy, we address this by hosting live Zoom sessions. These sessions provide a platform for live interaction between instructors and students, and among students themselves. Complementing our Slack channel, these live sessions offer an additional avenue for asking questions and engaging in meaningful discussions.","body":"In our increasingly online world, personal engagement remains a crucial element of effective learning. \nAt Bondar Academy, we address this by hosting live Zoom sessions. These sessions provide a platform for live interaction between instructors and students and among students themselves. Complementing our Slack channel, these live sessions offer an additional avenue for asking questions and engaging in meaningful discussions.","tagList":["Zoom","Live Sessions"],"createdAt":"2024-01-27T21:39:50.587Z","updatedAt":"2024-01-27T21:39:50.587Z","favorited":false,"favoritesCount":76,"author":{"username":"Artem Bondar","bio":null,"image":"https://storage.googleapis.com/bondar-academy-visuals/Android.png","following":false}},{"slug":"Utilizing-Slack-for-Continuous-Engagement:-Connect-with-Instructors-Share-Insights-and-Collaborate-1","title":"Utilizing Slack for Continuous Engagement: Connect with Instructors, Share Insights, and Collaborate","description":"Slack stands out as a widely-used messaging and collaboration platform, celebrated for its convenience and versatility. It enables simultaneous participation in multiple conversations, supports comments and emoji reactions, and allows users to share screenshots, videos, and code snippets. Its functionality extends to making calls in huddle sessions. Given these robust features, Bondar Academy has chosen Slack as our primary communication platform, facilitating seamless interaction and collaboration.","body":"As a new member of Bondar Academy, one of your initial steps should be registering for the Bondar Academy Slack Workspace. Upon registration at Bondar Academy, you'll receive a welcome email containing the URL to join. This Workspace serves as a central hub for communication with instructors and fellow students. Whether you have a question, need to share code, or want to upload screenshots, Slack makes it easy and efficient. Moreover, its compatibility with both desktop and mobile devices, by downloading and installing the app, ensures you can stay connected with your instructors and the community wherever you go.","tagList":["Slack","Community","Collaboration"],"createdAt":"2024-01-27T21:38:27.992Z","updatedAt":"2024-01-27T21:38:27.992Z","favorited":false,"favoritesCount":72,"author":{"username":"Artem Bondar","bio":null,"image":"https://storage.googleapis.com/bondar-academy-visuals/Android.png","following":false}},{"slug":"Stay-Ahead-with-Bondar-Academy:-Subscribe-to-Our-YouTube-channel-for-Latest-Tech-and-Education-Updates-1","title":"Stay Ahead with Bondar Academy: Subscribe to Our YouTube channel for Latest Tech and Education Updates","description":"Who doesn't appreciate high-quality free resources? YouTube serves as an ideal platform for sharing the latest news, updates, and a wealth of tips and tricks in test automation and technology. Keep abreast of these invaluable insights by subscribing to the @bondaracademy YouTube channel.","body":"Who doesn't appreciate high-quality free resources? \n\nYouTube serves as an ideal platform for sharing the latest news, updates, and a wealth of tips and tricks in test automation and technology. \n\nKeep abreast of these invaluable insights by subscribing to our YouTube channel: https://www.youtube.com/@bondaracademy","tagList":["YouTube"],"createdAt":"2024-01-27T21:36:32.360Z","updatedAt":"2024-01-27T21:36:32.360Z","favorited":false,"favoritesCount":67,"author":{"username":"Artem Bondar","bio":null,"image":"https://storage.googleapis.com/bondar-academy-visuals/Android.png","following":false}},{"slug":"Explore-the-Latest-in-Learning:-Bondar-Academy-Blog's-Educational-Insights-from-Our-Experts-1","title":"Explore the Latest in Learning: Bondar Academy Blog's Educational Insights from Our Experts","description":"Discover a treasure trove of knowledge on the Bondar Academy blog. Here, we share an array of tips, techniques, and valuable educational materials, all designed to keep you abreast of the latest technological trends and best practices. For easy access and continual learning, consider bookmarking our blog in your browser.","body":"On the Bondar Academy blog, we consistently provide insightful and pertinent updates on the latest in technology, test automation, and industry best practices. For your convenience, we recommend adding our blog to your browser's bookmarks. Our commitment to keeping you informed is reflected in our weekly posts, each focusing on a significant topic of the week.\n\nWe value your input and invite you to contribute to our ever-evolving content. If you have any suggestions or specific topics you'd like us to explore, please feel free to share your ideas in the Bondar Academy Slack workspace. \n\nDiscover our blog here: https://www.bondaracademy.com/blog\n","tagList":["Blog"],"createdAt":"2024-01-27T21:34:04.531Z","updatedAt":"2024-01-27T21:34:04.531Z","favorited":false,"favoritesCount":67,"author":{"username":"Artem Bondar","bio":null,"image":"https://storage.googleapis.com/bondar-academy-visuals/Android.png","following":false}},{"slug":"Take-the-Next-Step:-Join-Bondar-Academy-Today-and-Enroll-into-the-class-1","title":"Take the Next Step: Join Bondar Academy Today and Enroll into the class","description":"Are you prepared to transform your educational journey? Begin by signing up at Bondar Academy, then register for our Slack Workspace to start exploring. We offer a range of classes, with some being completely free and others featuring free previews of the initial sections. This allows you to experience our content and teaching approach firsthand, helping you make an informed decision before enrolling in a class.","body":"Are you prepared to transform your educational journey? \n\nBegin by signing up at Bondar Academy, then register for our Slack Workspace to start exploring. We offer a range of classes, with some being completely free and others featuring free previews of the initial sections. This allows you to experience our content and teaching approach firsthand, helping you make an informed decision before enrolling in a class.\n\nClick here to enroll: https://www.bondaracademy.com","tagList":["Enroll","Start for Free"],"createdAt":"2024-01-27T21:32:21.056Z","updatedAt":"2024-01-27T21:32:21.056Z","favorited":false,"favoritesCount":75,"author":{"username":"Artem Bondar","bio":null,"image":"https://storage.googleapis.com/bondar-academy-visuals/Android.png","following":false}}],"articlesCount":10}

19:16:35.277 [pool-2-thread-1] INFO  com.intuit.karate - [print] 2217 
19:16:35.284 [pool-2-thread-1] DEBUG com.intuit.karate - request:
2 > GET https://conduit-api.bondaracademy.com/api/articles?limit=10&offset=0
2 > Host: conduit-api.bondaracademy.com
2 > Connection: Keep-Alive
2 > User-Agent: Apache-HttpClient/4.5.14 (Java/25.0.4)
2 > Accept-Encoding: gzip,deflate


19:16:35.330 [pool-2-thread-2] DEBUG com.intuit.karate - response time in milliseconds: 897
1 < 200
1 < x-powered-by: Express
1 < vary: Origin
1 < content-type: application/json; charset=utf-8
1 < etag: W/"43a9-46vzj+oI8pt/OwQfezo2HqTiwpI"
1 < x-cloud-trace-context: 93ff1d042c7fd3204297d61e9c42af8a
1 < date: Sun, 30 Aug 2026 02:16:34 GMT
1 < server: Google Frontend
1 < Content-Length: 17321
{"articles":[{"slug":"Discover-Bondar-Academy:-Your-Gateway-to-Efficient-Learning-1","title":"Discover Bondar Academy: Your Gateway to Efficient Learning","description":"Discover Bondar Academy's unique place in the educational landscape, where value-focused and efficient learning approaches converge. Our goal is to rapidly enhance your professional technical skills, boosting your market competitiveness and paving the way for higher-paying job opportunities. The speed of your progress is in your hands – you set the pace, and we provide the solutions and support to help you achieve your desired outcomes.","body":"Bondar Academy is a leading platform for efficient education, designed to boost your technical skills and advance your career in Quality Assurance (QA). Our program features a balanced mix of pre-recorded lectures and live sessions, allowing each student to study at their own pace and at a time that suits them. \n\nOur instructors are readily available on our Slack Workspace for support. Whether it's a quick question or a more complex issue requiring a Zoom call or Slack Huddle for screen sharing and live discussion, we're here to assist. Additionally, each class comes with a comprehensive question bank for self-assessment. Following each lecture, you have the opportunity to validate your understanding and readiness to progress to the next topic. You set the pace, and we provide the solutions to ensure you achieve your desired outcomes.\n\nSignUp today: https://www.bondaracademy.com","tagList":["qa career","Bondar Academy","QA Skills","Value-Focused"],"createdAt":"2024-01-27T21:52:32.682Z","updatedAt":"2024-01-27T21:52:32.682Z","favorited":false,"favoritesCount":2217,"author":{"username":"Artem Bondar","bio":null,"image":"https://storage.googleapis.com/bondar-academy-visuals/Android.png","following":false}},{"slug":"The-value-of-pre-recorded-video-classes.-The-most-efficient-approach-to-tranfer-the-knowledge-1","title":"The value of pre-recorded video classes. The most efficient approach to tranfer the knowledge","description":"As educational practices evolve, video tutorials have emerged as the most efficient method for imparting theoretical knowledge. At Bondar Academy, we prioritize expertly structured and crafted video tutorials, ensuring you learn quickly and effectively and advance your skills.","body":"At Bondar Academy, we prioritize the value of your time and the efficiency of your education, distinguishing our approach from traditional colleges and live boot camps. Forget long, tedious live lectures on a fixed schedule. With us, you learn at your convenience and pace through optimized, structured video lectures. \n\nWe understand your goal is rapid knowledge acquisition. Our pre-recorded and well-organized lectures are designed precisely for this, ensuring no slowdowns from group dynamics or unrelated instructor anecdotes. \n\nDive straight into the subject matter, learn efficiently, and if questions arise, our immediate support on the Slack Workspace is there to streamline your learning process and swiftly remove any roadblocks.","tagList":["Bondar Academy","Video Lectures","Tutorials"],"createdAt":"2024-01-27T21:50:38.825Z","updatedAt":"2024-01-27T21:50:38.825Z","favorited":false,"favoritesCount":483,"author":{"username":"Artem Bondar","bio":null,"image":"https://storage.googleapis.com/bondar-academy-visuals/Android.png","following":false}},{"slug":"Mastering-Knowledge-with-Self-Assessments:-Identifying-and-Bridging-Learning-Gaps-in-Education-1","title":"Mastering Knowledge with Self-Assessments: Identifying and Bridging Learning Gaps in Education","description":"Self-assessment is an essential tool for gauging your understanding of lecture material. It answers critical questions: Have you grasped everything correctly? Is there anything you've missed? Are you prepared for the next lesson? These assessments ensure that you build a solid foundation of knowledge, confidently and efficiently paving the way for swift progress and effective learning outcomes.","body":"Traditional educational institutions, such as colleges and universities, commonly use tests and assessments to measure knowledge. This approach is effective for gauging student performance, but it's not without drawbacks. In these settings, assessments after every lecture aren't feasible due to the time required for teachers to evaluate them. This often leads to students having a false sense of understanding, believing they've comprehended all aspects of a lecture when, in reality, small but crucial details might be missed. These 'knowledge gaps' can accumulate, making more complex topics difficult to grasp later on.\n\nAt Bondar Academy, we address this challenge by implementing self-assessments after every lecture. These are designed to cover key questions that ensure a thorough understanding of the material, essential for comfort and success in future lectures. The number of questions varies, ranging from 3-4 to 15-20, depending on the lecture's significance and the volume of critical information. With these self-assessments, students receive immediate feedback, helping them determine if they've fully understood the lecture or if they need to revisit certain parts or seek assistance from our instructors in the Slack Workspace.","tagList":["Self-Assessment","Test","Exam"],"createdAt":"2024-01-27T21:48:36.340Z","updatedAt":"2024-01-27T21:48:36.340Z","favorited":false,"favoritesCount":247,"author":{"username":"Artem Bondar","bio":null,"image":"https://storage.googleapis.com/bondar-academy-visuals/Android.png","following":false}},{"slug":"Practical-Implementation-of-Skills:-Homework-Assignments-with-Instructor-Supervision-1","title":"Practical Implementation of Skills: Homework Assignments with Instructor Supervision","description":"Knowledge or skills not reinforced through practical exercises can quickly fade, often faster than anticipated. Homework, particularly in tasks like writing your own code, is crucial for honing these skills and cementing your understanding. At Bondar Academy, we ensure this vital step by assigning homework, rigorously evaluating the outcomes, and providing valuable feedback to guide your learning journey.","body":"Homework assignments are a fundamental component of the educational methodology at Bondar Academy, especially in technical education where learning a new programming language or framework is involved. The key to mastering these skills lies in writing code; the more you write, the better you become. However, merely replicating code seen in lectures leads to minimal learning. Often, this approach leaves students unclear about why their code works the way it does, as they focus on copying rather than understanding.\n\nA homework assignment at Bondar Academy starts with a blank page, challenging students to apply all their knowledge to write the first line of code. This process is more demanding than it appears. As you write each line, understanding and reasoning grow, making your code meaningful and comprehensible. You learn to write code that makes sense to you, enhancing your understanding.\n\nIn completing these assignments, you engage the 'thinking' part of your brain, transforming theoretical knowledge into practical skills. Recognizing the crucial role of homework in learning, our instructors at Bondar Academy are always available to assist with any challenges. Just reach out on Slack, and you'll receive the guidance and support needed for successful completion. At Bondar Academy, we fully understand the importance of homework assignments for the best outcome, so our instructors are always here to assist if you have any difficulties with completing them. Just ask in Slack and you'll be guided and assisted.","tagList":["Homework","Assignments","Practice","Coding"],"createdAt":"2024-01-27T21:46:09.512Z","updatedAt":"2024-01-27T21:46:09.512Z","favorited":false,"favoritesCount":115,"author":{"username":"Artem Bondar","bio":null,"image":"https://storage.googleapis.com/bondar-academy-visuals/Android.png","following":false}},{"slug":"Embracing-Daily-Git-Routines:-Real-Code-Reviews-on-GitHub-for-Effective-Coding-Practice.-1","title":"Embracing Daily Git Routines: Real Code Reviews on GitHub for Effective Coding Practice.","description":"Learning to code is just one part of a larger skill set; effectively managing and organizing code is equally crucial. At Bondar Academy, we integrate Git and platforms like GitHub into the core learning cycle. With us, using Git becomes a regular routine, where organizing code in branches, storing it in remote repositories, and collaborating with others through strategies like branching, merging, pull requests, and code reviews are standard practice.","body":"At Bondar Academy, mastering Git and GitHub is a fundamental step before delving into frameworks or programming languages. Effective code management, organization, and storage are crucial skills, and Git is the premier tool for this purpose. However, many learners initially find Git challenging due to its complexity and non-intuitive nature. To address this, our instructors have developed structured lectures on Git and GitHub, ensuring an efficient and thorough understanding of these essential tools. Git lessons are a mandatory prerequisite in every class. For a glimpse into our teaching approach, visit our YouTube channel: https://www.youtube.com/@BondarAcademy/playlists.\n\nIn our courses, all homework assignments are reviewed using GitHub pull requests, mirroring the workflow in real-world software development environments. Students submit their code to their working branch for review. Our instructors then provide feedback, suggesting modifications or adjustments for pull request approval. This iterative process is repeated throughout the course, establishing Git usage as a natural and routine part of your coding practice.","tagList":["YouTube","Git","GitHub"],"createdAt":"2024-01-27T21:42:31.491Z","updatedAt":"2024-01-27T21:42:31.491Z","favorited":false,"favoritesCount":104,"author":{"username":"Artem Bondar","bio":null,"image":"https://storage.googleapis.com/bondar-academy-visuals/Android.png","following":false}},{"slug":"Engaging-in-Live-Zoom-Sessions:-Interact-with-Instructors-and-Peers-Ask-Questions-in-Real-Time-1","title":"Engaging in Live Zoom Sessions: Interact with Instructors and Peers, Ask Questions in Real-Time","description":"In our increasingly online world, personal engagement remains a crucial element of effective learning. At Bondar Academy, we address this by hosting live Zoom sessions. These sessions provide a platform for live interaction between instructors and students, and among students themselves. Complementing our Slack channel, these live sessions offer an additional avenue for asking questions and engaging in meaningful discussions.","body":"In our increasingly online world, personal engagement remains a crucial element of effective learning. \nAt Bondar Academy, we address this by hosting live Zoom sessions. These sessions provide a platform for live interaction between instructors and students and among students themselves. Complementing our Slack channel, these live sessions offer an additional avenue for asking questions and engaging in meaningful discussions.","tagList":["Zoom","Live Sessions"],"createdAt":"2024-01-27T21:39:50.587Z","updatedAt":"2024-01-27T21:39:50.587Z","favorited":false,"favoritesCount":76,"author":{"username":"Artem Bondar","bio":null,"image":"https://storage.googleapis.com/bondar-academy-visuals/Android.png","following":false}},{"slug":"Utilizing-Slack-for-Continuous-Engagement:-Connect-with-Instructors-Share-Insights-and-Collaborate-1","title":"Utilizing Slack for Continuous Engagement: Connect with Instructors, Share Insights, and Collaborate","description":"Slack stands out as a widely-used messaging and collaboration platform, celebrated for its convenience and versatility. It enables simultaneous participation in multiple conversations, supports comments and emoji reactions, and allows users to share screenshots, videos, and code snippets. Its functionality extends to making calls in huddle sessions. Given these robust features, Bondar Academy has chosen Slack as our primary communication platform, facilitating seamless interaction and collaboration.","body":"As a new member of Bondar Academy, one of your initial steps should be registering for the Bondar Academy Slack Workspace. Upon registration at Bondar Academy, you'll receive a welcome email containing the URL to join. This Workspace serves as a central hub for communication with instructors and fellow students. Whether you have a question, need to share code, or want to upload screenshots, Slack makes it easy and efficient. Moreover, its compatibility with both desktop and mobile devices, by downloading and installing the app, ensures you can stay connected with your instructors and the community wherever you go.","tagList":["Slack","Community","Collaboration"],"createdAt":"2024-01-27T21:38:27.992Z","updatedAt":"2024-01-27T21:38:27.992Z","favorited":false,"favoritesCount":72,"author":{"username":"Artem Bondar","bio":null,"image":"https://storage.googleapis.com/bondar-academy-visuals/Android.png","following":false}},{"slug":"Stay-Ahead-with-Bondar-Academy:-Subscribe-to-Our-YouTube-channel-for-Latest-Tech-and-Education-Updates-1","title":"Stay Ahead with Bondar Academy: Subscribe to Our YouTube channel for Latest Tech and Education Updates","description":"Who doesn't appreciate high-quality free resources? YouTube serves as an ideal platform for sharing the latest news, updates, and a wealth of tips and tricks in test automation and technology. Keep abreast of these invaluable insights by subscribing to the @bondaracademy YouTube channel.","body":"Who doesn't appreciate high-quality free resources? \n\nYouTube serves as an ideal platform for sharing the latest news, updates, and a wealth of tips and tricks in test automation and technology. \n\nKeep abreast of these invaluable insights by subscribing to our YouTube channel: https://www.youtube.com/@bondaracademy","tagList":["YouTube"],"createdAt":"2024-01-27T21:36:32.360Z","updatedAt":"2024-01-27T21:36:32.360Z","favorited":false,"favoritesCount":67,"author":{"username":"Artem Bondar","bio":null,"image":"https://storage.googleapis.com/bondar-academy-visuals/Android.png","following":false}},{"slug":"Explore-the-Latest-in-Learning:-Bondar-Academy-Blog's-Educational-Insights-from-Our-Experts-1","title":"Explore the Latest in Learning: Bondar Academy Blog's Educational Insights from Our Experts","description":"Discover a treasure trove of knowledge on the Bondar Academy blog. Here, we share an array of tips, techniques, and valuable educational materials, all designed to keep you abreast of the latest technological trends and best practices. For easy access and continual learning, consider bookmarking our blog in your browser.","body":"On the Bondar Academy blog, we consistently provide insightful and pertinent updates on the latest in technology, test automation, and industry best practices. For your convenience, we recommend adding our blog to your browser's bookmarks. Our commitment to keeping you informed is reflected in our weekly posts, each focusing on a significant topic of the week.\n\nWe value your input and invite you to contribute to our ever-evolving content. If you have any suggestions or specific topics you'd like us to explore, please feel free to share your ideas in the Bondar Academy Slack workspace. \n\nDiscover our blog here: https://www.bondaracademy.com/blog\n","tagList":["Blog"],"createdAt":"2024-01-27T21:34:04.531Z","updatedAt":"2024-01-27T21:34:04.531Z","favorited":false,"favoritesCount":67,"author":{"username":"Artem Bondar","bio":null,"image":"https://storage.googleapis.com/bondar-academy-visuals/Android.png","following":false}},{"slug":"Take-the-Next-Step:-Join-Bondar-Academy-Today-and-Enroll-into-the-class-1","title":"Take the Next Step: Join Bondar Academy Today and Enroll into the class","description":"Are you prepared to transform your educational journey? Begin by signing up at Bondar Academy, then register for our Slack Workspace to start exploring. We offer a range of classes, with some being completely free and others featuring free previews of the initial sections. This allows you to experience our content and teaching approach firsthand, helping you make an informed decision before enrolling in a class.","body":"Are you prepared to transform your educational journey? \n\nBegin by signing up at Bondar Academy, then register for our Slack Workspace to start exploring. We offer a range of classes, with some being completely free and others featuring free previews of the initial sections. This allows you to experience our content and teaching approach firsthand, helping you make an informed decision before enrolling in a class.\n\nClick here to enroll: https://www.bondaracademy.com","tagList":["Enroll","Start for Free"],"createdAt":"2024-01-27T21:32:21.056Z","updatedAt":"2024-01-27T21:32:21.056Z","favorited":false,"favoritesCount":75,"author":{"username":"Artem Bondar","bio":null,"image":"https://storage.googleapis.com/bondar-academy-visuals/Android.png","following":false}}],"articlesCount":10}

19:16:35.336 [pool-2-thread-2] DEBUG com.intuit.karate - retry condition not satisfied: response.articles[0].favoritesCount == 2218
19:16:35.337 [pool-2-thread-2] DEBUG com.intuit.karate - sleeping before retry #1
19:16:35.603 [pool-2-thread-1] DEBUG com.intuit.karate - response time in milliseconds: 317
2 < 200
2 < x-powered-by: Express
2 < vary: Origin
2 < content-type: application/json; charset=utf-8
2 < etag: W/"43a9-46vzj+oI8pt/OwQfezo2HqTiwpI"
2 < x-cloud-trace-context: 150e2d7571a4a5dae5e5cdd20f62552a
2 < date: Sun, 30 Aug 2026 02:16:34 GMT
2 < server: Google Frontend
2 < Content-Length: 17321
{"articles":[{"slug":"Discover-Bondar-Academy:-Your-Gateway-to-Efficient-Learning-1","title":"Discover Bondar Academy: Your Gateway to Efficient Learning","description":"Discover Bondar Academy's unique place in the educational landscape, where value-focused and efficient learning approaches converge. Our goal is to rapidly enhance your professional technical skills, boosting your market competitiveness and paving the way for higher-paying job opportunities. The speed of your progress is in your hands – you set the pace, and we provide the solutions and support to help you achieve your desired outcomes.","body":"Bondar Academy is a leading platform for efficient education, designed to boost your technical skills and advance your career in Quality Assurance (QA). Our program features a balanced mix of pre-recorded lectures and live sessions, allowing each student to study at their own pace and at a time that suits them. \n\nOur instructors are readily available on our Slack Workspace for support. Whether it's a quick question or a more complex issue requiring a Zoom call or Slack Huddle for screen sharing and live discussion, we're here to assist. Additionally, each class comes with a comprehensive question bank for self-assessment. Following each lecture, you have the opportunity to validate your understanding and readiness to progress to the next topic. You set the pace, and we provide the solutions to ensure you achieve your desired outcomes.\n\nSignUp today: https://www.bondaracademy.com","tagList":["qa career","Bondar Academy","QA Skills","Value-Focused"],"createdAt":"2024-01-27T21:52:32.682Z","updatedAt":"2024-01-27T21:52:32.682Z","favorited":false,"favoritesCount":2217,"author":{"username":"Artem Bondar","bio":null,"image":"https://storage.googleapis.com/bondar-academy-visuals/Android.png","following":false}},{"slug":"The-value-of-pre-recorded-video-classes.-The-most-efficient-approach-to-tranfer-the-knowledge-1","title":"The value of pre-recorded video classes. The most efficient approach to tranfer the knowledge","description":"As educational practices evolve, video tutorials have emerged as the most efficient method for imparting theoretical knowledge. At Bondar Academy, we prioritize expertly structured and crafted video tutorials, ensuring you learn quickly and effectively and advance your skills.","body":"At Bondar Academy, we prioritize the value of your time and the efficiency of your education, distinguishing our approach from traditional colleges and live boot camps. Forget long, tedious live lectures on a fixed schedule. With us, you learn at your convenience and pace through optimized, structured video lectures. \n\nWe understand your goal is rapid knowledge acquisition. Our pre-recorded and well-organized lectures are designed precisely for this, ensuring no slowdowns from group dynamics or unrelated instructor anecdotes. \n\nDive straight into the subject matter, learn efficiently, and if questions arise, our immediate support on the Slack Workspace is there to streamline your learning process and swiftly remove any roadblocks.","tagList":["Bondar Academy","Video Lectures","Tutorials"],"createdAt":"2024-01-27T21:50:38.825Z","updatedAt":"2024-01-27T21:50:38.825Z","favorited":false,"favoritesCount":483,"author":{"username":"Artem Bondar","bio":null,"image":"https://storage.googleapis.com/bondar-academy-visuals/Android.png","following":false}},{"slug":"Mastering-Knowledge-with-Self-Assessments:-Identifying-and-Bridging-Learning-Gaps-in-Education-1","title":"Mastering Knowledge with Self-Assessments: Identifying and Bridging Learning Gaps in Education","description":"Self-assessment is an essential tool for gauging your understanding of lecture material. It answers critical questions: Have you grasped everything correctly? Is there anything you've missed? Are you prepared for the next lesson? These assessments ensure that you build a solid foundation of knowledge, confidently and efficiently paving the way for swift progress and effective learning outcomes.","body":"Traditional educational institutions, such as colleges and universities, commonly use tests and assessments to measure knowledge. This approach is effective for gauging student performance, but it's not without drawbacks. In these settings, assessments after every lecture aren't feasible due to the time required for teachers to evaluate them. This often leads to students having a false sense of understanding, believing they've comprehended all aspects of a lecture when, in reality, small but crucial details might be missed. These 'knowledge gaps' can accumulate, making more complex topics difficult to grasp later on.\n\nAt Bondar Academy, we address this challenge by implementing self-assessments after every lecture. These are designed to cover key questions that ensure a thorough understanding of the material, essential for comfort and success in future lectures. The number of questions varies, ranging from 3-4 to 15-20, depending on the lecture's significance and the volume of critical information. With these self-assessments, students receive immediate feedback, helping them determine if they've fully understood the lecture or if they need to revisit certain parts or seek assistance from our instructors in the Slack Workspace.","tagList":["Self-Assessment","Test","Exam"],"createdAt":"2024-01-27T21:48:36.340Z","updatedAt":"2024-01-27T21:48:36.340Z","favorited":false,"favoritesCount":247,"author":{"username":"Artem Bondar","bio":null,"image":"https://storage.googleapis.com/bondar-academy-visuals/Android.png","following":false}},{"slug":"Practical-Implementation-of-Skills:-Homework-Assignments-with-Instructor-Supervision-1","title":"Practical Implementation of Skills: Homework Assignments with Instructor Supervision","description":"Knowledge or skills not reinforced through practical exercises can quickly fade, often faster than anticipated. Homework, particularly in tasks like writing your own code, is crucial for honing these skills and cementing your understanding. At Bondar Academy, we ensure this vital step by assigning homework, rigorously evaluating the outcomes, and providing valuable feedback to guide your learning journey.","body":"Homework assignments are a fundamental component of the educational methodology at Bondar Academy, especially in technical education where learning a new programming language or framework is involved. The key to mastering these skills lies in writing code; the more you write, the better you become. However, merely replicating code seen in lectures leads to minimal learning. Often, this approach leaves students unclear about why their code works the way it does, as they focus on copying rather than understanding.\n\nA homework assignment at Bondar Academy starts with a blank page, challenging students to apply all their knowledge to write the first line of code. This process is more demanding than it appears. As you write each line, understanding and reasoning grow, making your code meaningful and comprehensible. You learn to write code that makes sense to you, enhancing your understanding.\n\nIn completing these assignments, you engage the 'thinking' part of your brain, transforming theoretical knowledge into practical skills. Recognizing the crucial role of homework in learning, our instructors at Bondar Academy are always available to assist with any challenges. Just reach out on Slack, and you'll receive the guidance and support needed for successful completion. At Bondar Academy, we fully understand the importance of homework assignments for the best outcome, so our instructors are always here to assist if you have any difficulties with completing them. Just ask in Slack and you'll be guided and assisted.","tagList":["Homework","Assignments","Practice","Coding"],"createdAt":"2024-01-27T21:46:09.512Z","updatedAt":"2024-01-27T21:46:09.512Z","favorited":false,"favoritesCount":115,"author":{"username":"Artem Bondar","bio":null,"image":"https://storage.googleapis.com/bondar-academy-visuals/Android.png","following":false}},{"slug":"Embracing-Daily-Git-Routines:-Real-Code-Reviews-on-GitHub-for-Effective-Coding-Practice.-1","title":"Embracing Daily Git Routines: Real Code Reviews on GitHub for Effective Coding Practice.","description":"Learning to code is just one part of a larger skill set; effectively managing and organizing code is equally crucial. At Bondar Academy, we integrate Git and platforms like GitHub into the core learning cycle. With us, using Git becomes a regular routine, where organizing code in branches, storing it in remote repositories, and collaborating with others through strategies like branching, merging, pull requests, and code reviews are standard practice.","body":"At Bondar Academy, mastering Git and GitHub is a fundamental step before delving into frameworks or programming languages. Effective code management, organization, and storage are crucial skills, and Git is the premier tool for this purpose. However, many learners initially find Git challenging due to its complexity and non-intuitive nature. To address this, our instructors have developed structured lectures on Git and GitHub, ensuring an efficient and thorough understanding of these essential tools. Git lessons are a mandatory prerequisite in every class. For a glimpse into our teaching approach, visit our YouTube channel: https://www.youtube.com/@BondarAcademy/playlists.\n\nIn our courses, all homework assignments are reviewed using GitHub pull requests, mirroring the workflow in real-world software development environments. Students submit their code to their working branch for review. Our instructors then provide feedback, suggesting modifications or adjustments for pull request approval. This iterative process is repeated throughout the course, establishing Git usage as a natural and routine part of your coding practice.","tagList":["YouTube","Git","GitHub"],"createdAt":"2024-01-27T21:42:31.491Z","updatedAt":"2024-01-27T21:42:31.491Z","favorited":false,"favoritesCount":104,"author":{"username":"Artem Bondar","bio":null,"image":"https://storage.googleapis.com/bondar-academy-visuals/Android.png","following":false}},{"slug":"Engaging-in-Live-Zoom-Sessions:-Interact-with-Instructors-and-Peers-Ask-Questions-in-Real-Time-1","title":"Engaging in Live Zoom Sessions: Interact with Instructors and Peers, Ask Questions in Real-Time","description":"In our increasingly online world, personal engagement remains a crucial element of effective learning. At Bondar Academy, we address this by hosting live Zoom sessions. These sessions provide a platform for live interaction between instructors and students, and among students themselves. Complementing our Slack channel, these live sessions offer an additional avenue for asking questions and engaging in meaningful discussions.","body":"In our increasingly online world, personal engagement remains a crucial element of effective learning. \nAt Bondar Academy, we address this by hosting live Zoom sessions. These sessions provide a platform for live interaction between instructors and students and among students themselves. Complementing our Slack channel, these live sessions offer an additional avenue for asking questions and engaging in meaningful discussions.","tagList":["Zoom","Live Sessions"],"createdAt":"2024-01-27T21:39:50.587Z","updatedAt":"2024-01-27T21:39:50.587Z","favorited":false,"favoritesCount":76,"author":{"username":"Artem Bondar","bio":null,"image":"https://storage.googleapis.com/bondar-academy-visuals/Android.png","following":false}},{"slug":"Utilizing-Slack-for-Continuous-Engagement:-Connect-with-Instructors-Share-Insights-and-Collaborate-1","title":"Utilizing Slack for Continuous Engagement: Connect with Instructors, Share Insights, and Collaborate","description":"Slack stands out as a widely-used messaging and collaboration platform, celebrated for its convenience and versatility. It enables simultaneous participation in multiple conversations, supports comments and emoji reactions, and allows users to share screenshots, videos, and code snippets. Its functionality extends to making calls in huddle sessions. Given these robust features, Bondar Academy has chosen Slack as our primary communication platform, facilitating seamless interaction and collaboration.","body":"As a new member of Bondar Academy, one of your initial steps should be registering for the Bondar Academy Slack Workspace. Upon registration at Bondar Academy, you'll receive a welcome email containing the URL to join. This Workspace serves as a central hub for communication with instructors and fellow students. Whether you have a question, need to share code, or want to upload screenshots, Slack makes it easy and efficient. Moreover, its compatibility with both desktop and mobile devices, by downloading and installing the app, ensures you can stay connected with your instructors and the community wherever you go.","tagList":["Slack","Community","Collaboration"],"createdAt":"2024-01-27T21:38:27.992Z","updatedAt":"2024-01-27T21:38:27.992Z","favorited":false,"favoritesCount":72,"author":{"username":"Artem Bondar","bio":null,"image":"https://storage.googleapis.com/bondar-academy-visuals/Android.png","following":false}},{"slug":"Stay-Ahead-with-Bondar-Academy:-Subscribe-to-Our-YouTube-channel-for-Latest-Tech-and-Education-Updates-1","title":"Stay Ahead with Bondar Academy: Subscribe to Our YouTube channel for Latest Tech and Education Updates","description":"Who doesn't appreciate high-quality free resources? YouTube serves as an ideal platform for sharing the latest news, updates, and a wealth of tips and tricks in test automation and technology. Keep abreast of these invaluable insights by subscribing to the @bondaracademy YouTube channel.","body":"Who doesn't appreciate high-quality free resources? \n\nYouTube serves as an ideal platform for sharing the latest news, updates, and a wealth of tips and tricks in test automation and technology. \n\nKeep abreast of these invaluable insights by subscribing to our YouTube channel: https://www.youtube.com/@bondaracademy","tagList":["YouTube"],"createdAt":"2024-01-27T21:36:32.360Z","updatedAt":"2024-01-27T21:36:32.360Z","favorited":false,"favoritesCount":67,"author":{"username":"Artem Bondar","bio":null,"image":"https://storage.googleapis.com/bondar-academy-visuals/Android.png","following":false}},{"slug":"Explore-the-Latest-in-Learning:-Bondar-Academy-Blog's-Educational-Insights-from-Our-Experts-1","title":"Explore the Latest in Learning: Bondar Academy Blog's Educational Insights from Our Experts","description":"Discover a treasure trove of knowledge on the Bondar Academy blog. Here, we share an array of tips, techniques, and valuable educational materials, all designed to keep you abreast of the latest technological trends and best practices. For easy access and continual learning, consider bookmarking our blog in your browser.","body":"On the Bondar Academy blog, we consistently provide insightful and pertinent updates on the latest in technology, test automation, and industry best practices. For your convenience, we recommend adding our blog to your browser's bookmarks. Our commitment to keeping you informed is reflected in our weekly posts, each focusing on a significant topic of the week.\n\nWe value your input and invite you to contribute to our ever-evolving content. If you have any suggestions or specific topics you'd like us to explore, please feel free to share your ideas in the Bondar Academy Slack workspace. \n\nDiscover our blog here: https://www.bondaracademy.com/blog\n","tagList":["Blog"],"createdAt":"2024-01-27T21:34:04.531Z","updatedAt":"2024-01-27T21:34:04.531Z","favorited":false,"favoritesCount":67,"author":{"username":"Artem Bondar","bio":null,"image":"https://storage.googleapis.com/bondar-academy-visuals/Android.png","following":false}},{"slug":"Take-the-Next-Step:-Join-Bondar-Academy-Today-and-Enroll-into-the-class-1","title":"Take the Next Step: Join Bondar Academy Today and Enroll into the class","description":"Are you prepared to transform your educational journey? Begin by signing up at Bondar Academy, then register for our Slack Workspace to start exploring. We offer a range of classes, with some being completely free and others featuring free previews of the initial sections. This allows you to experience our content and teaching approach firsthand, helping you make an informed decision before enrolling in a class.","body":"Are you prepared to transform your educational journey? \n\nBegin by signing up at Bondar Academy, then register for our Slack Workspace to start exploring. We offer a range of classes, with some being completely free and others featuring free previews of the initial sections. This allows you to experience our content and teaching approach firsthand, helping you make an informed decision before enrolling in a class.\n\nClick here to enroll: https://www.bondaracademy.com","tagList":["Enroll","Start for Free"],"createdAt":"2024-01-27T21:32:21.056Z","updatedAt":"2024-01-27T21:32:21.056Z","favorited":false,"favoritesCount":75,"author":{"username":"Artem Bondar","bio":null,"image":"https://storage.googleapis.com/bondar-academy-visuals/Android.png","following":false}}],"articlesCount":10}

19:16:40.341 [pool-2-thread-2] DEBUG com.intuit.karate - request:
2 > GET https://conduit-api.bondaracademy.com/api/articles?limit=10&offset=0
2 > Host: conduit-api.bondaracademy.com
2 > Connection: Keep-Alive
2 > User-Agent: Apache-HttpClient/4.5.14 (Java/25.0.4)
2 > Accept-Encoding: gzip,deflate


19:16:40.645 [pool-2-thread-2] DEBUG com.intuit.karate - response time in milliseconds: 302
2 < 200
2 < x-powered-by: Express
2 < vary: Origin
2 < content-type: application/json; charset=utf-8
2 < etag: W/"43a9-46vzj+oI8pt/OwQfezo2HqTiwpI"
2 < x-cloud-trace-context: 426505c41817b939e00f066210355102
2 < date: Sun, 30 Aug 2026 02:16:39 GMT
2 < server: Google Frontend
2 < Content-Length: 17321
{"articles":[{"slug":"Discover-Bondar-Academy:-Your-Gateway-to-Efficient-Learning-1","title":"Discover Bondar Academy: Your Gateway to Efficient Learning","description":"Discover Bondar Academy's unique place in the educational landscape, where value-focused and efficient learning approaches converge. Our goal is to rapidly enhance your professional technical skills, boosting your market competitiveness and paving the way for higher-paying job opportunities. The speed of your progress is in your hands – you set the pace, and we provide the solutions and support to help you achieve your desired outcomes.","body":"Bondar Academy is a leading platform for efficient education, designed to boost your technical skills and advance your career in Quality Assurance (QA). Our program features a balanced mix of pre-recorded lectures and live sessions, allowing each student to study at their own pace and at a time that suits them. \n\nOur instructors are readily available on our Slack Workspace for support. Whether it's a quick question or a more complex issue requiring a Zoom call or Slack Huddle for screen sharing and live discussion, we're here to assist. Additionally, each class comes with a comprehensive question bank for self-assessment. Following each lecture, you have the opportunity to validate your understanding and readiness to progress to the next topic. You set the pace, and we provide the solutions to ensure you achieve your desired outcomes.\n\nSignUp today: https://www.bondaracademy.com","tagList":["qa career","Bondar Academy","QA Skills","Value-Focused"],"createdAt":"2024-01-27T21:52:32.682Z","updatedAt":"2024-01-27T21:52:32.682Z","favorited":false,"favoritesCount":2217,"author":{"username":"Artem Bondar","bio":null,"image":"https://storage.googleapis.com/bondar-academy-visuals/Android.png","following":false}},{"slug":"The-value-of-pre-recorded-video-classes.-The-most-efficient-approach-to-tranfer-the-knowledge-1","title":"The value of pre-recorded video classes. The most efficient approach to tranfer the knowledge","description":"As educational practices evolve, video tutorials have emerged as the most efficient method for imparting theoretical knowledge. At Bondar Academy, we prioritize expertly structured and crafted video tutorials, ensuring you learn quickly and effectively and advance your skills.","body":"At Bondar Academy, we prioritize the value of your time and the efficiency of your education, distinguishing our approach from traditional colleges and live boot camps. Forget long, tedious live lectures on a fixed schedule. With us, you learn at your convenience and pace through optimized, structured video lectures. \n\nWe understand your goal is rapid knowledge acquisition. Our pre-recorded and well-organized lectures are designed precisely for this, ensuring no slowdowns from group dynamics or unrelated instructor anecdotes. \n\nDive straight into the subject matter, learn efficiently, and if questions arise, our immediate support on the Slack Workspace is there to streamline your learning process and swiftly remove any roadblocks.","tagList":["Bondar Academy","Video Lectures","Tutorials"],"createdAt":"2024-01-27T21:50:38.825Z","updatedAt":"2024-01-27T21:50:38.825Z","favorited":false,"favoritesCount":483,"author":{"username":"Artem Bondar","bio":null,"image":"https://storage.googleapis.com/bondar-academy-visuals/Android.png","following":false}},{"slug":"Mastering-Knowledge-with-Self-Assessments:-Identifying-and-Bridging-Learning-Gaps-in-Education-1","title":"Mastering Knowledge with Self-Assessments: Identifying and Bridging Learning Gaps in Education","description":"Self-assessment is an essential tool for gauging your understanding of lecture material. It answers critical questions: Have you grasped everything correctly? Is there anything you've missed? Are you prepared for the next lesson? These assessments ensure that you build a solid foundation of knowledge, confidently and efficiently paving the way for swift progress and effective learning outcomes.","body":"Traditional educational institutions, such as colleges and universities, commonly use tests and assessments to measure knowledge. This approach is effective for gauging student performance, but it's not without drawbacks. In these settings, assessments after every lecture aren't feasible due to the time required for teachers to evaluate them. This often leads to students having a false sense of understanding, believing they've comprehended all aspects of a lecture when, in reality, small but crucial details might be missed. These 'knowledge gaps' can accumulate, making more complex topics difficult to grasp later on.\n\nAt Bondar Academy, we address this challenge by implementing self-assessments after every lecture. These are designed to cover key questions that ensure a thorough understanding of the material, essential for comfort and success in future lectures. The number of questions varies, ranging from 3-4 to 15-20, depending on the lecture's significance and the volume of critical information. With these self-assessments, students receive immediate feedback, helping them determine if they've fully understood the lecture or if they need to revisit certain parts or seek assistance from our instructors in the Slack Workspace.","tagList":["Self-Assessment","Test","Exam"],"createdAt":"2024-01-27T21:48:36.340Z","updatedAt":"2024-01-27T21:48:36.340Z","favorited":false,"favoritesCount":247,"author":{"username":"Artem Bondar","bio":null,"image":"https://storage.googleapis.com/bondar-academy-visuals/Android.png","following":false}},{"slug":"Practical-Implementation-of-Skills:-Homework-Assignments-with-Instructor-Supervision-1","title":"Practical Implementation of Skills: Homework Assignments with Instructor Supervision","description":"Knowledge or skills not reinforced through practical exercises can quickly fade, often faster than anticipated. Homework, particularly in tasks like writing your own code, is crucial for honing these skills and cementing your understanding. At Bondar Academy, we ensure this vital step by assigning homework, rigorously evaluating the outcomes, and providing valuable feedback to guide your learning journey.","body":"Homework assignments are a fundamental component of the educational methodology at Bondar Academy, especially in technical education where learning a new programming language or framework is involved. The key to mastering these skills lies in writing code; the more you write, the better you become. However, merely replicating code seen in lectures leads to minimal learning. Often, this approach leaves students unclear about why their code works the way it does, as they focus on copying rather than understanding.\n\nA homework assignment at Bondar Academy starts with a blank page, challenging students to apply all their knowledge to write the first line of code. This process is more demanding than it appears. As you write each line, understanding and reasoning grow, making your code meaningful and comprehensible. You learn to write code that makes sense to you, enhancing your understanding.\n\nIn completing these assignments, you engage the 'thinking' part of your brain, transforming theoretical knowledge into practical skills. Recognizing the crucial role of homework in learning, our instructors at Bondar Academy are always available to assist with any challenges. Just reach out on Slack, and you'll receive the guidance and support needed for successful completion. At Bondar Academy, we fully understand the importance of homework assignments for the best outcome, so our instructors are always here to assist if you have any difficulties with completing them. Just ask in Slack and you'll be guided and assisted.","tagList":["Homework","Assignments","Practice","Coding"],"createdAt":"2024-01-27T21:46:09.512Z","updatedAt":"2024-01-27T21:46:09.512Z","favorited":false,"favoritesCount":115,"author":{"username":"Artem Bondar","bio":null,"image":"https://storage.googleapis.com/bondar-academy-visuals/Android.png","following":false}},{"slug":"Embracing-Daily-Git-Routines:-Real-Code-Reviews-on-GitHub-for-Effective-Coding-Practice.-1","title":"Embracing Daily Git Routines: Real Code Reviews on GitHub for Effective Coding Practice.","description":"Learning to code is just one part of a larger skill set; effectively managing and organizing code is equally crucial. At Bondar Academy, we integrate Git and platforms like GitHub into the core learning cycle. With us, using Git becomes a regular routine, where organizing code in branches, storing it in remote repositories, and collaborating with others through strategies like branching, merging, pull requests, and code reviews are standard practice.","body":"At Bondar Academy, mastering Git and GitHub is a fundamental step before delving into frameworks or programming languages. Effective code management, organization, and storage are crucial skills, and Git is the premier tool for this purpose. However, many learners initially find Git challenging due to its complexity and non-intuitive nature. To address this, our instructors have developed structured lectures on Git and GitHub, ensuring an efficient and thorough understanding of these essential tools. Git lessons are a mandatory prerequisite in every class. For a glimpse into our teaching approach, visit our YouTube channel: https://www.youtube.com/@BondarAcademy/playlists.\n\nIn our courses, all homework assignments are reviewed using GitHub pull requests, mirroring the workflow in real-world software development environments. Students submit their code to their working branch for review. Our instructors then provide feedback, suggesting modifications or adjustments for pull request approval. This iterative process is repeated throughout the course, establishing Git usage as a natural and routine part of your coding practice.","tagList":["YouTube","Git","GitHub"],"createdAt":"2024-01-27T21:42:31.491Z","updatedAt":"2024-01-27T21:42:31.491Z","favorited":false,"favoritesCount":104,"author":{"username":"Artem Bondar","bio":null,"image":"https://storage.googleapis.com/bondar-academy-visuals/Android.png","following":false}},{"slug":"Engaging-in-Live-Zoom-Sessions:-Interact-with-Instructors-and-Peers-Ask-Questions-in-Real-Time-1","title":"Engaging in Live Zoom Sessions: Interact with Instructors and Peers, Ask Questions in Real-Time","description":"In our increasingly online world, personal engagement remains a crucial element of effective learning. At Bondar Academy, we address this by hosting live Zoom sessions. These sessions provide a platform for live interaction between instructors and students, and among students themselves. Complementing our Slack channel, these live sessions offer an additional avenue for asking questions and engaging in meaningful discussions.","body":"In our increasingly online world, personal engagement remains a crucial element of effective learning. \nAt Bondar Academy, we address this by hosting live Zoom sessions. These sessions provide a platform for live interaction between instructors and students and among students themselves. Complementing our Slack channel, these live sessions offer an additional avenue for asking questions and engaging in meaningful discussions.","tagList":["Zoom","Live Sessions"],"createdAt":"2024-01-27T21:39:50.587Z","updatedAt":"2024-01-27T21:39:50.587Z","favorited":false,"favoritesCount":76,"author":{"username":"Artem Bondar","bio":null,"image":"https://storage.googleapis.com/bondar-academy-visuals/Android.png","following":false}},{"slug":"Utilizing-Slack-for-Continuous-Engagement:-Connect-with-Instructors-Share-Insights-and-Collaborate-1","title":"Utilizing Slack for Continuous Engagement: Connect with Instructors, Share Insights, and Collaborate","description":"Slack stands out as a widely-used messaging and collaboration platform, celebrated for its convenience and versatility. It enables simultaneous participation in multiple conversations, supports comments and emoji reactions, and allows users to share screenshots, videos, and code snippets. Its functionality extends to making calls in huddle sessions. Given these robust features, Bondar Academy has chosen Slack as our primary communication platform, facilitating seamless interaction and collaboration.","body":"As a new member of Bondar Academy, one of your initial steps should be registering for the Bondar Academy Slack Workspace. Upon registration at Bondar Academy, you'll receive a welcome email containing the URL to join. This Workspace serves as a central hub for communication with instructors and fellow students. Whether you have a question, need to share code, or want to upload screenshots, Slack makes it easy and efficient. Moreover, its compatibility with both desktop and mobile devices, by downloading and installing the app, ensures you can stay connected with your instructors and the community wherever you go.","tagList":["Slack","Community","Collaboration"],"createdAt":"2024-01-27T21:38:27.992Z","updatedAt":"2024-01-27T21:38:27.992Z","favorited":false,"favoritesCount":72,"author":{"username":"Artem Bondar","bio":null,"image":"https://storage.googleapis.com/bondar-academy-visuals/Android.png","following":false}},{"slug":"Stay-Ahead-with-Bondar-Academy:-Subscribe-to-Our-YouTube-channel-for-Latest-Tech-and-Education-Updates-1","title":"Stay Ahead with Bondar Academy: Subscribe to Our YouTube channel for Latest Tech and Education Updates","description":"Who doesn't appreciate high-quality free resources? YouTube serves as an ideal platform for sharing the latest news, updates, and a wealth of tips and tricks in test automation and technology. Keep abreast of these invaluable insights by subscribing to the @bondaracademy YouTube channel.","body":"Who doesn't appreciate high-quality free resources? \n\nYouTube serves as an ideal platform for sharing the latest news, updates, and a wealth of tips and tricks in test automation and technology. \n\nKeep abreast of these invaluable insights by subscribing to our YouTube channel: https://www.youtube.com/@bondaracademy","tagList":["YouTube"],"createdAt":"2024-01-27T21:36:32.360Z","updatedAt":"2024-01-27T21:36:32.360Z","favorited":false,"favoritesCount":67,"author":{"username":"Artem Bondar","bio":null,"image":"https://storage.googleapis.com/bondar-academy-visuals/Android.png","following":false}},{"slug":"Explore-the-Latest-in-Learning:-Bondar-Academy-Blog's-Educational-Insights-from-Our-Experts-1","title":"Explore the Latest in Learning: Bondar Academy Blog's Educational Insights from Our Experts","description":"Discover a treasure trove of knowledge on the Bondar Academy blog. Here, we share an array of tips, techniques, and valuable educational materials, all designed to keep you abreast of the latest technological trends and best practices. For easy access and continual learning, consider bookmarking our blog in your browser.","body":"On the Bondar Academy blog, we consistently provide insightful and pertinent updates on the latest in technology, test automation, and industry best practices. For your convenience, we recommend adding our blog to your browser's bookmarks. Our commitment to keeping you informed is reflected in our weekly posts, each focusing on a significant topic of the week.\n\nWe value your input and invite you to contribute to our ever-evolving content. If you have any suggestions or specific topics you'd like us to explore, please feel free to share your ideas in the Bondar Academy Slack workspace. \n\nDiscover our blog here: https://www.bondaracademy.com/blog\n","tagList":["Blog"],"createdAt":"2024-01-27T21:34:04.531Z","updatedAt":"2024-01-27T21:34:04.531Z","favorited":false,"favoritesCount":67,"author":{"username":"Artem Bondar","bio":null,"image":"https://storage.googleapis.com/bondar-academy-visuals/Android.png","following":false}},{"slug":"Take-the-Next-Step:-Join-Bondar-Academy-Today-and-Enroll-into-the-class-1","title":"Take the Next Step: Join Bondar Academy Today and Enroll into the class","description":"Are you prepared to transform your educational journey? Begin by signing up at Bondar Academy, then register for our Slack Workspace to start exploring. We offer a range of classes, with some being completely free and others featuring free previews of the initial sections. This allows you to experience our content and teaching approach firsthand, helping you make an informed decision before enrolling in a class.","body":"Are you prepared to transform your educational journey? \n\nBegin by signing up at Bondar Academy, then register for our Slack Workspace to start exploring. We offer a range of classes, with some being completely free and others featuring free previews of the initial sections. This allows you to experience our content and teaching approach firsthand, helping you make an informed decision before enrolling in a class.\n\nClick here to enroll: https://www.bondaracademy.com","tagList":["Enroll","Start for Free"],"createdAt":"2024-01-27T21:32:21.056Z","updatedAt":"2024-01-27T21:32:21.056Z","favorited":false,"favoritesCount":75,"author":{"username":"Artem Bondar","bio":null,"image":"https://storage.googleapis.com/bondar-academy-visuals/Android.png","following":false}}],"articlesCount":10}

19:16:40.651 [pool-2-thread-2] DEBUG com.intuit.karate - retry condition not satisfied: response.articles[0].favoritesCount == 2218
19:16:40.651 [pool-2-thread-2] DEBUG com.intuit.karate - sleeping before retry #2
19:16:45.654 [pool-2-thread-2] DEBUG com.intuit.karate - request:
3 > GET https://conduit-api.bondaracademy.com/api/articles?limit=10&offset=0
3 > Host: conduit-api.bondaracademy.com
3 > Connection: Keep-Alive
3 > User-Agent: Apache-HttpClient/4.5.14 (Java/25.0.4)
3 > Accept-Encoding: gzip,deflate


19:16:45.909 [pool-2-thread-2] DEBUG com.intuit.karate - response time in milliseconds: 255
3 < 200
3 < x-powered-by: Express
3 < vary: Origin
3 < content-type: application/json; charset=utf-8
3 < etag: W/"43a9-46vzj+oI8pt/OwQfezo2HqTiwpI"
3 < x-cloud-trace-context: c2b45ac5e495d03331b5e97bb0930258;o=1
3 < date: Sun, 30 Aug 2026 02:16:45 GMT
3 < server: Google Frontend
3 < Content-Length: 17321
{"articles":[{"slug":"Discover-Bondar-Academy:-Your-Gateway-to-Efficient-Learning-1","title":"Discover Bondar Academy: Your Gateway to Efficient Learning","description":"Discover Bondar Academy's unique place in the educational landscape, where value-focused and efficient learning approaches converge. Our goal is to rapidly enhance your professional technical skills, boosting your market competitiveness and paving the way for higher-paying job opportunities. The speed of your progress is in your hands – you set the pace, and we provide the solutions and support to help you achieve your desired outcomes.","body":"Bondar Academy is a leading platform for efficient education, designed to boost your technical skills and advance your career in Quality Assurance (QA). Our program features a balanced mix of pre-recorded lectures and live sessions, allowing each student to study at their own pace and at a time that suits them. \n\nOur instructors are readily available on our Slack Workspace for support. Whether it's a quick question or a more complex issue requiring a Zoom call or Slack Huddle for screen sharing and live discussion, we're here to assist. Additionally, each class comes with a comprehensive question bank for self-assessment. Following each lecture, you have the opportunity to validate your understanding and readiness to progress to the next topic. You set the pace, and we provide the solutions to ensure you achieve your desired outcomes.\n\nSignUp today: https://www.bondaracademy.com","tagList":["qa career","Bondar Academy","QA Skills","Value-Focused"],"createdAt":"2024-01-27T21:52:32.682Z","updatedAt":"2024-01-27T21:52:32.682Z","favorited":false,"favoritesCount":2217,"author":{"username":"Artem Bondar","bio":null,"image":"https://storage.googleapis.com/bondar-academy-visuals/Android.png","following":false}},{"slug":"The-value-of-pre-recorded-video-classes.-The-most-efficient-approach-to-tranfer-the-knowledge-1","title":"The value of pre-recorded video classes. The most efficient approach to tranfer the knowledge","description":"As educational practices evolve, video tutorials have emerged as the most efficient method for imparting theoretical knowledge. At Bondar Academy, we prioritize expertly structured and crafted video tutorials, ensuring you learn quickly and effectively and advance your skills.","body":"At Bondar Academy, we prioritize the value of your time and the efficiency of your education, distinguishing our approach from traditional colleges and live boot camps. Forget long, tedious live lectures on a fixed schedule. With us, you learn at your convenience and pace through optimized, structured video lectures. \n\nWe understand your goal is rapid knowledge acquisition. Our pre-recorded and well-organized lectures are designed precisely for this, ensuring no slowdowns from group dynamics or unrelated instructor anecdotes. \n\nDive straight into the subject matter, learn efficiently, and if questions arise, our immediate support on the Slack Workspace is there to streamline your learning process and swiftly remove any roadblocks.","tagList":["Bondar Academy","Video Lectures","Tutorials"],"createdAt":"2024-01-27T21:50:38.825Z","updatedAt":"2024-01-27T21:50:38.825Z","favorited":false,"favoritesCount":483,"author":{"username":"Artem Bondar","bio":null,"image":"https://storage.googleapis.com/bondar-academy-visuals/Android.png","following":false}},{"slug":"Mastering-Knowledge-with-Self-Assessments:-Identifying-and-Bridging-Learning-Gaps-in-Education-1","title":"Mastering Knowledge with Self-Assessments: Identifying and Bridging Learning Gaps in Education","description":"Self-assessment is an essential tool for gauging your understanding of lecture material. It answers critical questions: Have you grasped everything correctly? Is there anything you've missed? Are you prepared for the next lesson? These assessments ensure that you build a solid foundation of knowledge, confidently and efficiently paving the way for swift progress and effective learning outcomes.","body":"Traditional educational institutions, such as colleges and universities, commonly use tests and assessments to measure knowledge. This approach is effective for gauging student performance, but it's not without drawbacks. In these settings, assessments after every lecture aren't feasible due to the time required for teachers to evaluate them. This often leads to students having a false sense of understanding, believing they've comprehended all aspects of a lecture when, in reality, small but crucial details might be missed. These 'knowledge gaps' can accumulate, making more complex topics difficult to grasp later on.\n\nAt Bondar Academy, we address this challenge by implementing self-assessments after every lecture. These are designed to cover key questions that ensure a thorough understanding of the material, essential for comfort and success in future lectures. The number of questions varies, ranging from 3-4 to 15-20, depending on the lecture's significance and the volume of critical information. With these self-assessments, students receive immediate feedback, helping them determine if they've fully understood the lecture or if they need to revisit certain parts or seek assistance from our instructors in the Slack Workspace.","tagList":["Self-Assessment","Test","Exam"],"createdAt":"2024-01-27T21:48:36.340Z","updatedAt":"2024-01-27T21:48:36.340Z","favorited":false,"favoritesCount":247,"author":{"username":"Artem Bondar","bio":null,"image":"https://storage.googleapis.com/bondar-academy-visuals/Android.png","following":false}},{"slug":"Practical-Implementation-of-Skills:-Homework-Assignments-with-Instructor-Supervision-1","title":"Practical Implementation of Skills: Homework Assignments with Instructor Supervision","description":"Knowledge or skills not reinforced through practical exercises can quickly fade, often faster than anticipated. Homework, particularly in tasks like writing your own code, is crucial for honing these skills and cementing your understanding. At Bondar Academy, we ensure this vital step by assigning homework, rigorously evaluating the outcomes, and providing valuable feedback to guide your learning journey.","body":"Homework assignments are a fundamental component of the educational methodology at Bondar Academy, especially in technical education where learning a new programming language or framework is involved. The key to mastering these skills lies in writing code; the more you write, the better you become. However, merely replicating code seen in lectures leads to minimal learning. Often, this approach leaves students unclear about why their code works the way it does, as they focus on copying rather than understanding.\n\nA homework assignment at Bondar Academy starts with a blank page, challenging students to apply all their knowledge to write the first line of code. This process is more demanding than it appears. As you write each line, understanding and reasoning grow, making your code meaningful and comprehensible. You learn to write code that makes sense to you, enhancing your understanding.\n\nIn completing these assignments, you engage the 'thinking' part of your brain, transforming theoretical knowledge into practical skills. Recognizing the crucial role of homework in learning, our instructors at Bondar Academy are always available to assist with any challenges. Just reach out on Slack, and you'll receive the guidance and support needed for successful completion. At Bondar Academy, we fully understand the importance of homework assignments for the best outcome, so our instructors are always here to assist if you have any difficulties with completing them. Just ask in Slack and you'll be guided and assisted.","tagList":["Homework","Assignments","Practice","Coding"],"createdAt":"2024-01-27T21:46:09.512Z","updatedAt":"2024-01-27T21:46:09.512Z","favorited":false,"favoritesCount":115,"author":{"username":"Artem Bondar","bio":null,"image":"https://storage.googleapis.com/bondar-academy-visuals/Android.png","following":false}},{"slug":"Embracing-Daily-Git-Routines:-Real-Code-Reviews-on-GitHub-for-Effective-Coding-Practice.-1","title":"Embracing Daily Git Routines: Real Code Reviews on GitHub for Effective Coding Practice.","description":"Learning to code is just one part of a larger skill set; effectively managing and organizing code is equally crucial. At Bondar Academy, we integrate Git and platforms like GitHub into the core learning cycle. With us, using Git becomes a regular routine, where organizing code in branches, storing it in remote repositories, and collaborating with others through strategies like branching, merging, pull requests, and code reviews are standard practice.","body":"At Bondar Academy, mastering Git and GitHub is a fundamental step before delving into frameworks or programming languages. Effective code management, organization, and storage are crucial skills, and Git is the premier tool for this purpose. However, many learners initially find Git challenging due to its complexity and non-intuitive nature. To address this, our instructors have developed structured lectures on Git and GitHub, ensuring an efficient and thorough understanding of these essential tools. Git lessons are a mandatory prerequisite in every class. For a glimpse into our teaching approach, visit our YouTube channel: https://www.youtube.com/@BondarAcademy/playlists.\n\nIn our courses, all homework assignments are reviewed using GitHub pull requests, mirroring the workflow in real-world software development environments. Students submit their code to their working branch for review. Our instructors then provide feedback, suggesting modifications or adjustments for pull request approval. This iterative process is repeated throughout the course, establishing Git usage as a natural and routine part of your coding practice.","tagList":["YouTube","Git","GitHub"],"createdAt":"2024-01-27T21:42:31.491Z","updatedAt":"2024-01-27T21:42:31.491Z","favorited":false,"favoritesCount":104,"author":{"username":"Artem Bondar","bio":null,"image":"https://storage.googleapis.com/bondar-academy-visuals/Android.png","following":false}},{"slug":"Engaging-in-Live-Zoom-Sessions:-Interact-with-Instructors-and-Peers-Ask-Questions-in-Real-Time-1","title":"Engaging in Live Zoom Sessions: Interact with Instructors and Peers, Ask Questions in Real-Time","description":"In our increasingly online world, personal engagement remains a crucial element of effective learning. At Bondar Academy, we address this by hosting live Zoom sessions. These sessions provide a platform for live interaction between instructors and students, and among students themselves. Complementing our Slack channel, these live sessions offer an additional avenue for asking questions and engaging in meaningful discussions.","body":"In our increasingly online world, personal engagement remains a crucial element of effective learning. \nAt Bondar Academy, we address this by hosting live Zoom sessions. These sessions provide a platform for live interaction between instructors and students and among students themselves. Complementing our Slack channel, these live sessions offer an additional avenue for asking questions and engaging in meaningful discussions.","tagList":["Zoom","Live Sessions"],"createdAt":"2024-01-27T21:39:50.587Z","updatedAt":"2024-01-27T21:39:50.587Z","favorited":false,"favoritesCount":76,"author":{"username":"Artem Bondar","bio":null,"image":"https://storage.googleapis.com/bondar-academy-visuals/Android.png","following":false}},{"slug":"Utilizing-Slack-for-Continuous-Engagement:-Connect-with-Instructors-Share-Insights-and-Collaborate-1","title":"Utilizing Slack for Continuous Engagement: Connect with Instructors, Share Insights, and Collaborate","description":"Slack stands out as a widely-used messaging and collaboration platform, celebrated for its convenience and versatility. It enables simultaneous participation in multiple conversations, supports comments and emoji reactions, and allows users to share screenshots, videos, and code snippets. Its functionality extends to making calls in huddle sessions. Given these robust features, Bondar Academy has chosen Slack as our primary communication platform, facilitating seamless interaction and collaboration.","body":"As a new member of Bondar Academy, one of your initial steps should be registering for the Bondar Academy Slack Workspace. Upon registration at Bondar Academy, you'll receive a welcome email containing the URL to join. This Workspace serves as a central hub for communication with instructors and fellow students. Whether you have a question, need to share code, or want to upload screenshots, Slack makes it easy and efficient. Moreover, its compatibility with both desktop and mobile devices, by downloading and installing the app, ensures you can stay connected with your instructors and the community wherever you go.","tagList":["Slack","Community","Collaboration"],"createdAt":"2024-01-27T21:38:27.992Z","updatedAt":"2024-01-27T21:38:27.992Z","favorited":false,"favoritesCount":72,"author":{"username":"Artem Bondar","bio":null,"image":"https://storage.googleapis.com/bondar-academy-visuals/Android.png","following":false}},{"slug":"Stay-Ahead-with-Bondar-Academy:-Subscribe-to-Our-YouTube-channel-for-Latest-Tech-and-Education-Updates-1","title":"Stay Ahead with Bondar Academy: Subscribe to Our YouTube channel for Latest Tech and Education Updates","description":"Who doesn't appreciate high-quality free resources? YouTube serves as an ideal platform for sharing the latest news, updates, and a wealth of tips and tricks in test automation and technology. Keep abreast of these invaluable insights by subscribing to the @bondaracademy YouTube channel.","body":"Who doesn't appreciate high-quality free resources? \n\nYouTube serves as an ideal platform for sharing the latest news, updates, and a wealth of tips and tricks in test automation and technology. \n\nKeep abreast of these invaluable insights by subscribing to our YouTube channel: https://www.youtube.com/@bondaracademy","tagList":["YouTube"],"createdAt":"2024-01-27T21:36:32.360Z","updatedAt":"2024-01-27T21:36:32.360Z","favorited":false,"favoritesCount":67,"author":{"username":"Artem Bondar","bio":null,"image":"https://storage.googleapis.com/bondar-academy-visuals/Android.png","following":false}},{"slug":"Explore-the-Latest-in-Learning:-Bondar-Academy-Blog's-Educational-Insights-from-Our-Experts-1","title":"Explore the Latest in Learning: Bondar Academy Blog's Educational Insights from Our Experts","description":"Discover a treasure trove of knowledge on the Bondar Academy blog. Here, we share an array of tips, techniques, and valuable educational materials, all designed to keep you abreast of the latest technological trends and best practices. For easy access and continual learning, consider bookmarking our blog in your browser.","body":"On the Bondar Academy blog, we consistently provide insightful and pertinent updates on the latest in technology, test automation, and industry best practices. For your convenience, we recommend adding our blog to your browser's bookmarks. Our commitment to keeping you informed is reflected in our weekly posts, each focusing on a significant topic of the week.\n\nWe value your input and invite you to contribute to our ever-evolving content. If you have any suggestions or specific topics you'd like us to explore, please feel free to share your ideas in the Bondar Academy Slack workspace. \n\nDiscover our blog here: https://www.bondaracademy.com/blog\n","tagList":["Blog"],"createdAt":"2024-01-27T21:34:04.531Z","updatedAt":"2024-01-27T21:34:04.531Z","favorited":false,"favoritesCount":67,"author":{"username":"Artem Bondar","bio":null,"image":"https://storage.googleapis.com/bondar-academy-visuals/Android.png","following":false}},{"slug":"Take-the-Next-Step:-Join-Bondar-Academy-Today-and-Enroll-into-the-class-1","title":"Take the Next Step: Join Bondar Academy Today and Enroll into the class","description":"Are you prepared to transform your educational journey? Begin by signing up at Bondar Academy, then register for our Slack Workspace to start exploring. We offer a range of classes, with some being completely free and others featuring free previews of the initial sections. This allows you to experience our content and teaching approach firsthand, helping you make an informed decision before enrolling in a class.","body":"Are you prepared to transform your educational journey? \n\nBegin by signing up at Bondar Academy, then register for our Slack Workspace to start exploring. We offer a range of classes, with some being completely free and others featuring free previews of the initial sections. This allows you to experience our content and teaching approach firsthand, helping you make an informed decision before enrolling in a class.\n\nClick here to enroll: https://www.bondaracademy.com","tagList":["Enroll","Start for Free"],"createdAt":"2024-01-27T21:32:21.056Z","updatedAt":"2024-01-27T21:32:21.056Z","favorited":false,"favoritesCount":75,"author":{"username":"Artem Bondar","bio":null,"image":"https://storage.googleapis.com/bondar-academy-visuals/Android.png","following":false}}],"articlesCount":10}

19:16:45.927 [pool-2-thread-2] DEBUG com.intuit.karate - retry condition not satisfied: response.articles[0].favoritesCount == 2218
19:16:45.929 [pool-2-thread-2] DEBUG com.intuit.karate - sleeping before retry #3
19:16:50.944 [pool-2-thread-2] DEBUG com.intuit.karate - request:
4 > GET https://conduit-api.bondaracademy.com/api/articles?limit=10&offset=0
4 > Host: conduit-api.bondaracademy.com
4 > Connection: Keep-Alive
4 > User-Agent: Apache-HttpClient/4.5.14 (Java/25.0.4)
4 > Accept-Encoding: gzip,deflate


19:16:51.244 [pool-2-thread-2] DEBUG com.intuit.karate - response time in milliseconds: 300
4 < 200
4 < x-powered-by: Express
4 < vary: Origin
4 < content-type: application/json; charset=utf-8
4 < etag: W/"43a9-DJTfNtGSSgxwlmds26VJznQQwIs"
4 < x-cloud-trace-context: 1b174f7394f028ca81642b8d57e6dfee
4 < date: Sun, 30 Aug 2026 02:16:50 GMT
4 < server: Google Frontend
4 < Content-Length: 17321
{"articles":[{"slug":"Discover-Bondar-Academy:-Your-Gateway-to-Efficient-Learning-1","title":"Discover Bondar Academy: Your Gateway to Efficient Learning","description":"Discover Bondar Academy's unique place in the educational landscape, where value-focused and efficient learning approaches converge. Our goal is to rapidly enhance your professional technical skills, boosting your market competitiveness and paving the way for higher-paying job opportunities. The speed of your progress is in your hands – you set the pace, and we provide the solutions and support to help you achieve your desired outcomes.","body":"Bondar Academy is a leading platform for efficient education, designed to boost your technical skills and advance your career in Quality Assurance (QA). Our program features a balanced mix of pre-recorded lectures and live sessions, allowing each student to study at their own pace and at a time that suits them. \n\nOur instructors are readily available on our Slack Workspace for support. Whether it's a quick question or a more complex issue requiring a Zoom call or Slack Huddle for screen sharing and live discussion, we're here to assist. Additionally, each class comes with a comprehensive question bank for self-assessment. Following each lecture, you have the opportunity to validate your understanding and readiness to progress to the next topic. You set the pace, and we provide the solutions to ensure you achieve your desired outcomes.\n\nSignUp today: https://www.bondaracademy.com","tagList":["qa career","Bondar Academy","QA Skills","Value-Focused"],"createdAt":"2024-01-27T21:52:32.682Z","updatedAt":"2024-01-27T21:52:32.682Z","favorited":false,"favoritesCount":2218,"author":{"username":"Artem Bondar","bio":null,"image":"https://storage.googleapis.com/bondar-academy-visuals/Android.png","following":false}},{"slug":"The-value-of-pre-recorded-video-classes.-The-most-efficient-approach-to-tranfer-the-knowledge-1","title":"The value of pre-recorded video classes. The most efficient approach to tranfer the knowledge","description":"As educational practices evolve, video tutorials have emerged as the most efficient method for imparting theoretical knowledge. At Bondar Academy, we prioritize expertly structured and crafted video tutorials, ensuring you learn quickly and effectively and advance your skills.","body":"At Bondar Academy, we prioritize the value of your time and the efficiency of your education, distinguishing our approach from traditional colleges and live boot camps. Forget long, tedious live lectures on a fixed schedule. With us, you learn at your convenience and pace through optimized, structured video lectures. \n\nWe understand your goal is rapid knowledge acquisition. Our pre-recorded and well-organized lectures are designed precisely for this, ensuring no slowdowns from group dynamics or unrelated instructor anecdotes. \n\nDive straight into the subject matter, learn efficiently, and if questions arise, our immediate support on the Slack Workspace is there to streamline your learning process and swiftly remove any roadblocks.","tagList":["Bondar Academy","Video Lectures","Tutorials"],"createdAt":"2024-01-27T21:50:38.825Z","updatedAt":"2024-01-27T21:50:38.825Z","favorited":false,"favoritesCount":483,"author":{"username":"Artem Bondar","bio":null,"image":"https://storage.googleapis.com/bondar-academy-visuals/Android.png","following":false}},{"slug":"Mastering-Knowledge-with-Self-Assessments:-Identifying-and-Bridging-Learning-Gaps-in-Education-1","title":"Mastering Knowledge with Self-Assessments: Identifying and Bridging Learning Gaps in Education","description":"Self-assessment is an essential tool for gauging your understanding of lecture material. It answers critical questions: Have you grasped everything correctly? Is there anything you've missed? Are you prepared for the next lesson? These assessments ensure that you build a solid foundation of knowledge, confidently and efficiently paving the way for swift progress and effective learning outcomes.","body":"Traditional educational institutions, such as colleges and universities, commonly use tests and assessments to measure knowledge. This approach is effective for gauging student performance, but it's not without drawbacks. In these settings, assessments after every lecture aren't feasible due to the time required for teachers to evaluate them. This often leads to students having a false sense of understanding, believing they've comprehended all aspects of a lecture when, in reality, small but crucial details might be missed. These 'knowledge gaps' can accumulate, making more complex topics difficult to grasp later on.\n\nAt Bondar Academy, we address this challenge by implementing self-assessments after every lecture. These are designed to cover key questions that ensure a thorough understanding of the material, essential for comfort and success in future lectures. The number of questions varies, ranging from 3-4 to 15-20, depending on the lecture's significance and the volume of critical information. With these self-assessments, students receive immediate feedback, helping them determine if they've fully understood the lecture or if they need to revisit certain parts or seek assistance from our instructors in the Slack Workspace.","tagList":["Self-Assessment","Test","Exam"],"createdAt":"2024-01-27T21:48:36.340Z","updatedAt":"2024-01-27T21:48:36.340Z","favorited":false,"favoritesCount":247,"author":{"username":"Artem Bondar","bio":null,"image":"https://storage.googleapis.com/bondar-academy-visuals/Android.png","following":false}},{"slug":"Practical-Implementation-of-Skills:-Homework-Assignments-with-Instructor-Supervision-1","title":"Practical Implementation of Skills: Homework Assignments with Instructor Supervision","description":"Knowledge or skills not reinforced through practical exercises can quickly fade, often faster than anticipated. Homework, particularly in tasks like writing your own code, is crucial for honing these skills and cementing your understanding. At Bondar Academy, we ensure this vital step by assigning homework, rigorously evaluating the outcomes, and providing valuable feedback to guide your learning journey.","body":"Homework assignments are a fundamental component of the educational methodology at Bondar Academy, especially in technical education where learning a new programming language or framework is involved. The key to mastering these skills lies in writing code; the more you write, the better you become. However, merely replicating code seen in lectures leads to minimal learning. Often, this approach leaves students unclear about why their code works the way it does, as they focus on copying rather than understanding.\n\nA homework assignment at Bondar Academy starts with a blank page, challenging students to apply all their knowledge to write the first line of code. This process is more demanding than it appears. As you write each line, understanding and reasoning grow, making your code meaningful and comprehensible. You learn to write code that makes sense to you, enhancing your understanding.\n\nIn completing these assignments, you engage the 'thinking' part of your brain, transforming theoretical knowledge into practical skills. Recognizing the crucial role of homework in learning, our instructors at Bondar Academy are always available to assist with any challenges. Just reach out on Slack, and you'll receive the guidance and support needed for successful completion. At Bondar Academy, we fully understand the importance of homework assignments for the best outcome, so our instructors are always here to assist if you have any difficulties with completing them. Just ask in Slack and you'll be guided and assisted.","tagList":["Homework","Assignments","Practice","Coding"],"createdAt":"2024-01-27T21:46:09.512Z","updatedAt":"2024-01-27T21:46:09.512Z","favorited":false,"favoritesCount":115,"author":{"username":"Artem Bondar","bio":null,"image":"https://storage.googleapis.com/bondar-academy-visuals/Android.png","following":false}},{"slug":"Embracing-Daily-Git-Routines:-Real-Code-Reviews-on-GitHub-for-Effective-Coding-Practice.-1","title":"Embracing Daily Git Routines: Real Code Reviews on GitHub for Effective Coding Practice.","description":"Learning to code is just one part of a larger skill set; effectively managing and organizing code is equally crucial. At Bondar Academy, we integrate Git and platforms like GitHub into the core learning cycle. With us, using Git becomes a regular routine, where organizing code in branches, storing it in remote repositories, and collaborating with others through strategies like branching, merging, pull requests, and code reviews are standard practice.","body":"At Bondar Academy, mastering Git and GitHub is a fundamental step before delving into frameworks or programming languages. Effective code management, organization, and storage are crucial skills, and Git is the premier tool for this purpose. However, many learners initially find Git challenging due to its complexity and non-intuitive nature. To address this, our instructors have developed structured lectures on Git and GitHub, ensuring an efficient and thorough understanding of these essential tools. Git lessons are a mandatory prerequisite in every class. For a glimpse into our teaching approach, visit our YouTube channel: https://www.youtube.com/@BondarAcademy/playlists.\n\nIn our courses, all homework assignments are reviewed using GitHub pull requests, mirroring the workflow in real-world software development environments. Students submit their code to their working branch for review. Our instructors then provide feedback, suggesting modifications or adjustments for pull request approval. This iterative process is repeated throughout the course, establishing Git usage as a natural and routine part of your coding practice.","tagList":["YouTube","Git","GitHub"],"createdAt":"2024-01-27T21:42:31.491Z","updatedAt":"2024-01-27T21:42:31.491Z","favorited":false,"favoritesCount":104,"author":{"username":"Artem Bondar","bio":null,"image":"https://storage.googleapis.com/bondar-academy-visuals/Android.png","following":false}},{"slug":"Engaging-in-Live-Zoom-Sessions:-Interact-with-Instructors-and-Peers-Ask-Questions-in-Real-Time-1","title":"Engaging in Live Zoom Sessions: Interact with Instructors and Peers, Ask Questions in Real-Time","description":"In our increasingly online world, personal engagement remains a crucial element of effective learning. At Bondar Academy, we address this by hosting live Zoom sessions. These sessions provide a platform for live interaction between instructors and students, and among students themselves. Complementing our Slack channel, these live sessions offer an additional avenue for asking questions and engaging in meaningful discussions.","body":"In our increasingly online world, personal engagement remains a crucial element of effective learning. \nAt Bondar Academy, we address this by hosting live Zoom sessions. These sessions provide a platform for live interaction between instructors and students and among students themselves. Complementing our Slack channel, these live sessions offer an additional avenue for asking questions and engaging in meaningful discussions.","tagList":["Zoom","Live Sessions"],"createdAt":"2024-01-27T21:39:50.587Z","updatedAt":"2024-01-27T21:39:50.587Z","favorited":false,"favoritesCount":76,"author":{"username":"Artem Bondar","bio":null,"image":"https://storage.googleapis.com/bondar-academy-visuals/Android.png","following":false}},{"slug":"Utilizing-Slack-for-Continuous-Engagement:-Connect-with-Instructors-Share-Insights-and-Collaborate-1","title":"Utilizing Slack for Continuous Engagement: Connect with Instructors, Share Insights, and Collaborate","description":"Slack stands out as a widely-used messaging and collaboration platform, celebrated for its convenience and versatility. It enables simultaneous participation in multiple conversations, supports comments and emoji reactions, and allows users to share screenshots, videos, and code snippets. Its functionality extends to making calls in huddle sessions. Given these robust features, Bondar Academy has chosen Slack as our primary communication platform, facilitating seamless interaction and collaboration.","body":"As a new member of Bondar Academy, one of your initial steps should be registering for the Bondar Academy Slack Workspace. Upon registration at Bondar Academy, you'll receive a welcome email containing the URL to join. This Workspace serves as a central hub for communication with instructors and fellow students. Whether you have a question, need to share code, or want to upload screenshots, Slack makes it easy and efficient. Moreover, its compatibility with both desktop and mobile devices, by downloading and installing the app, ensures you can stay connected with your instructors and the community wherever you go.","tagList":["Slack","Community","Collaboration"],"createdAt":"2024-01-27T21:38:27.992Z","updatedAt":"2024-01-27T21:38:27.992Z","favorited":false,"favoritesCount":72,"author":{"username":"Artem Bondar","bio":null,"image":"https://storage.googleapis.com/bondar-academy-visuals/Android.png","following":false}},{"slug":"Stay-Ahead-with-Bondar-Academy:-Subscribe-to-Our-YouTube-channel-for-Latest-Tech-and-Education-Updates-1","title":"Stay Ahead with Bondar Academy: Subscribe to Our YouTube channel for Latest Tech and Education Updates","description":"Who doesn't appreciate high-quality free resources? YouTube serves as an ideal platform for sharing the latest news, updates, and a wealth of tips and tricks in test automation and technology. Keep abreast of these invaluable insights by subscribing to the @bondaracademy YouTube channel.","body":"Who doesn't appreciate high-quality free resources? \n\nYouTube serves as an ideal platform for sharing the latest news, updates, and a wealth of tips and tricks in test automation and technology. \n\nKeep abreast of these invaluable insights by subscribing to our YouTube channel: https://www.youtube.com/@bondaracademy","tagList":["YouTube"],"createdAt":"2024-01-27T21:36:32.360Z","updatedAt":"2024-01-27T21:36:32.360Z","favorited":false,"favoritesCount":67,"author":{"username":"Artem Bondar","bio":null,"image":"https://storage.googleapis.com/bondar-academy-visuals/Android.png","following":false}},{"slug":"Explore-the-Latest-in-Learning:-Bondar-Academy-Blog's-Educational-Insights-from-Our-Experts-1","title":"Explore the Latest in Learning: Bondar Academy Blog's Educational Insights from Our Experts","description":"Discover a treasure trove of knowledge on the Bondar Academy blog. Here, we share an array of tips, techniques, and valuable educational materials, all designed to keep you abreast of the latest technological trends and best practices. For easy access and continual learning, consider bookmarking our blog in your browser.","body":"On the Bondar Academy blog, we consistently provide insightful and pertinent updates on the latest in technology, test automation, and industry best practices. For your convenience, we recommend adding our blog to your browser's bookmarks. Our commitment to keeping you informed is reflected in our weekly posts, each focusing on a significant topic of the week.\n\nWe value your input and invite you to contribute to our ever-evolving content. If you have any suggestions or specific topics you'd like us to explore, please feel free to share your ideas in the Bondar Academy Slack workspace. \n\nDiscover our blog here: https://www.bondaracademy.com/blog\n","tagList":["Blog"],"createdAt":"2024-01-27T21:34:04.531Z","updatedAt":"2024-01-27T21:34:04.531Z","favorited":false,"favoritesCount":67,"author":{"username":"Artem Bondar","bio":null,"image":"https://storage.googleapis.com/bondar-academy-visuals/Android.png","following":false}},{"slug":"Take-the-Next-Step:-Join-Bondar-Academy-Today-and-Enroll-into-the-class-1","title":"Take the Next Step: Join Bondar Academy Today and Enroll into the class","description":"Are you prepared to transform your educational journey? Begin by signing up at Bondar Academy, then register for our Slack Workspace to start exploring. We offer a range of classes, with some being completely free and others featuring free previews of the initial sections. This allows you to experience our content and teaching approach firsthand, helping you make an informed decision before enrolling in a class.","body":"Are you prepared to transform your educational journey? \n\nBegin by signing up at Bondar Academy, then register for our Slack Workspace to start exploring. We offer a range of classes, with some being completely free and others featuring free previews of the initial sections. This allows you to experience our content and teaching approach firsthand, helping you make an informed decision before enrolling in a class.\n\nClick here to enroll: https://www.bondaracademy.com","tagList":["Enroll","Start for Free"],"createdAt":"2024-01-27T21:32:21.056Z","updatedAt":"2024-01-27T21:32:21.056Z","favorited":false,"favoritesCount":75,"author":{"username":"Artem Bondar","bio":null,"image":"https://storage.googleapis.com/bondar-academy-visuals/Android.png","following":false}}],"articlesCount":10}

19:16:51.262 [pool-2-thread-2] DEBUG com.intuit.karate - retry condition satisfied
19:16:52.261 [pool-3-thread-1] INFO  com.intuit.karate.Suite - <<pass>> feature 1 of 3 (2 remaining) classpath:examples/features/ArticleList.feature
19:17:30.860 [main] INFO  com.intuit.karate.Runner - using system property 'karate.options': --tags @articlelist
19:17:31.877 [main] DEBUG com.intuit.karate.Suite - [config] classpath:karate-config.js
19:17:31.882 [main] INFO  com.intuit.karate.Suite - backed up existing 'target\karate-reports' dir to: target\karate-reports_1788056251879
19:17:31.891 [main] DEBUG com.intuit.karate.Suite - waiting for 3 features to complete
19:17:33.124 [pool-2-thread-1] INFO  com.intuit.karate - karate.env system property was: null 
19:17:33.124 [pool-2-thread-2] INFO  com.intuit.karate - karate.env system property was: null 
19:17:33.419 [pool-2-thread-1] DEBUG com.intuit.karate - request:
1 > GET https://conduit-api.bondaracademy.com/api/articles?limit=10&offset=0
1 > Host: conduit-api.bondaracademy.com
1 > Connection: Keep-Alive
1 > User-Agent: Apache-HttpClient/4.5.14 (Java/25.0.4)
1 > Accept-Encoding: gzip,deflate


19:17:33.419 [pool-2-thread-2] DEBUG com.intuit.karate - request:
1 > GET https://conduit-api.bondaracademy.com/api/articles?limit=10&offset=0
1 > Host: conduit-api.bondaracademy.com
1 > Connection: Keep-Alive
1 > User-Agent: Apache-HttpClient/4.5.14 (Java/25.0.4)
1 > Accept-Encoding: gzip,deflate


19:17:33.979 [pool-2-thread-2] DEBUG com.intuit.karate - response time in milliseconds: 555
1 < 200
1 < x-powered-by: Express
1 < vary: Origin
1 < content-type: application/json; charset=utf-8
1 < etag: W/"43a9-46vzj+oI8pt/OwQfezo2HqTiwpI"
1 < x-cloud-trace-context: 087b7afac03bf156fc31bfabf3572c46
1 < date: Sun, 30 Aug 2026 02:17:33 GMT
1 < server: Google Frontend
1 < Content-Length: 17321
{"articles":[{"slug":"Discover-Bondar-Academy:-Your-Gateway-to-Efficient-Learning-1","title":"Discover Bondar Academy: Your Gateway to Efficient Learning","description":"Discover Bondar Academy's unique place in the educational landscape, where value-focused and efficient learning approaches converge. Our goal is to rapidly enhance your professional technical skills, boosting your market competitiveness and paving the way for higher-paying job opportunities. The speed of your progress is in your hands – you set the pace, and we provide the solutions and support to help you achieve your desired outcomes.","body":"Bondar Academy is a leading platform for efficient education, designed to boost your technical skills and advance your career in Quality Assurance (QA). Our program features a balanced mix of pre-recorded lectures and live sessions, allowing each student to study at their own pace and at a time that suits them. \n\nOur instructors are readily available on our Slack Workspace for support. Whether it's a quick question or a more complex issue requiring a Zoom call or Slack Huddle for screen sharing and live discussion, we're here to assist. Additionally, each class comes with a comprehensive question bank for self-assessment. Following each lecture, you have the opportunity to validate your understanding and readiness to progress to the next topic. You set the pace, and we provide the solutions to ensure you achieve your desired outcomes.\n\nSignUp today: https://www.bondaracademy.com","tagList":["qa career","Bondar Academy","QA Skills","Value-Focused"],"createdAt":"2024-01-27T21:52:32.682Z","updatedAt":"2024-01-27T21:52:32.682Z","favorited":false,"favoritesCount":2217,"author":{"username":"Artem Bondar","bio":null,"image":"https://storage.googleapis.com/bondar-academy-visuals/Android.png","following":false}},{"slug":"The-value-of-pre-recorded-video-classes.-The-most-efficient-approach-to-tranfer-the-knowledge-1","title":"The value of pre-recorded video classes. The most efficient approach to tranfer the knowledge","description":"As educational practices evolve, video tutorials have emerged as the most efficient method for imparting theoretical knowledge. At Bondar Academy, we prioritize expertly structured and crafted video tutorials, ensuring you learn quickly and effectively and advance your skills.","body":"At Bondar Academy, we prioritize the value of your time and the efficiency of your education, distinguishing our approach from traditional colleges and live boot camps. Forget long, tedious live lectures on a fixed schedule. With us, you learn at your convenience and pace through optimized, structured video lectures. \n\nWe understand your goal is rapid knowledge acquisition. Our pre-recorded and well-organized lectures are designed precisely for this, ensuring no slowdowns from group dynamics or unrelated instructor anecdotes. \n\nDive straight into the subject matter, learn efficiently, and if questions arise, our immediate support on the Slack Workspace is there to streamline your learning process and swiftly remove any roadblocks.","tagList":["Bondar Academy","Video Lectures","Tutorials"],"createdAt":"2024-01-27T21:50:38.825Z","updatedAt":"2024-01-27T21:50:38.825Z","favorited":false,"favoritesCount":483,"author":{"username":"Artem Bondar","bio":null,"image":"https://storage.googleapis.com/bondar-academy-visuals/Android.png","following":false}},{"slug":"Mastering-Knowledge-with-Self-Assessments:-Identifying-and-Bridging-Learning-Gaps-in-Education-1","title":"Mastering Knowledge with Self-Assessments: Identifying and Bridging Learning Gaps in Education","description":"Self-assessment is an essential tool for gauging your understanding of lecture material. It answers critical questions: Have you grasped everything correctly? Is there anything you've missed? Are you prepared for the next lesson? These assessments ensure that you build a solid foundation of knowledge, confidently and efficiently paving the way for swift progress and effective learning outcomes.","body":"Traditional educational institutions, such as colleges and universities, commonly use tests and assessments to measure knowledge. This approach is effective for gauging student performance, but it's not without drawbacks. In these settings, assessments after every lecture aren't feasible due to the time required for teachers to evaluate them. This often leads to students having a false sense of understanding, believing they've comprehended all aspects of a lecture when, in reality, small but crucial details might be missed. These 'knowledge gaps' can accumulate, making more complex topics difficult to grasp later on.\n\nAt Bondar Academy, we address this challenge by implementing self-assessments after every lecture. These are designed to cover key questions that ensure a thorough understanding of the material, essential for comfort and success in future lectures. The number of questions varies, ranging from 3-4 to 15-20, depending on the lecture's significance and the volume of critical information. With these self-assessments, students receive immediate feedback, helping them determine if they've fully understood the lecture or if they need to revisit certain parts or seek assistance from our instructors in the Slack Workspace.","tagList":["Self-Assessment","Test","Exam"],"createdAt":"2024-01-27T21:48:36.340Z","updatedAt":"2024-01-27T21:48:36.340Z","favorited":false,"favoritesCount":247,"author":{"username":"Artem Bondar","bio":null,"image":"https://storage.googleapis.com/bondar-academy-visuals/Android.png","following":false}},{"slug":"Practical-Implementation-of-Skills:-Homework-Assignments-with-Instructor-Supervision-1","title":"Practical Implementation of Skills: Homework Assignments with Instructor Supervision","description":"Knowledge or skills not reinforced through practical exercises can quickly fade, often faster than anticipated. Homework, particularly in tasks like writing your own code, is crucial for honing these skills and cementing your understanding. At Bondar Academy, we ensure this vital step by assigning homework, rigorously evaluating the outcomes, and providing valuable feedback to guide your learning journey.","body":"Homework assignments are a fundamental component of the educational methodology at Bondar Academy, especially in technical education where learning a new programming language or framework is involved. The key to mastering these skills lies in writing code; the more you write, the better you become. However, merely replicating code seen in lectures leads to minimal learning. Often, this approach leaves students unclear about why their code works the way it does, as they focus on copying rather than understanding.\n\nA homework assignment at Bondar Academy starts with a blank page, challenging students to apply all their knowledge to write the first line of code. This process is more demanding than it appears. As you write each line, understanding and reasoning grow, making your code meaningful and comprehensible. You learn to write code that makes sense to you, enhancing your understanding.\n\nIn completing these assignments, you engage the 'thinking' part of your brain, transforming theoretical knowledge into practical skills. Recognizing the crucial role of homework in learning, our instructors at Bondar Academy are always available to assist with any challenges. Just reach out on Slack, and you'll receive the guidance and support needed for successful completion. At Bondar Academy, we fully understand the importance of homework assignments for the best outcome, so our instructors are always here to assist if you have any difficulties with completing them. Just ask in Slack and you'll be guided and assisted.","tagList":["Homework","Assignments","Practice","Coding"],"createdAt":"2024-01-27T21:46:09.512Z","updatedAt":"2024-01-27T21:46:09.512Z","favorited":false,"favoritesCount":115,"author":{"username":"Artem Bondar","bio":null,"image":"https://storage.googleapis.com/bondar-academy-visuals/Android.png","following":false}},{"slug":"Embracing-Daily-Git-Routines:-Real-Code-Reviews-on-GitHub-for-Effective-Coding-Practice.-1","title":"Embracing Daily Git Routines: Real Code Reviews on GitHub for Effective Coding Practice.","description":"Learning to code is just one part of a larger skill set; effectively managing and organizing code is equally crucial. At Bondar Academy, we integrate Git and platforms like GitHub into the core learning cycle. With us, using Git becomes a regular routine, where organizing code in branches, storing it in remote repositories, and collaborating with others through strategies like branching, merging, pull requests, and code reviews are standard practice.","body":"At Bondar Academy, mastering Git and GitHub is a fundamental step before delving into frameworks or programming languages. Effective code management, organization, and storage are crucial skills, and Git is the premier tool for this purpose. However, many learners initially find Git challenging due to its complexity and non-intuitive nature. To address this, our instructors have developed structured lectures on Git and GitHub, ensuring an efficient and thorough understanding of these essential tools. Git lessons are a mandatory prerequisite in every class. For a glimpse into our teaching approach, visit our YouTube channel: https://www.youtube.com/@BondarAcademy/playlists.\n\nIn our courses, all homework assignments are reviewed using GitHub pull requests, mirroring the workflow in real-world software development environments. Students submit their code to their working branch for review. Our instructors then provide feedback, suggesting modifications or adjustments for pull request approval. This iterative process is repeated throughout the course, establishing Git usage as a natural and routine part of your coding practice.","tagList":["YouTube","Git","GitHub"],"createdAt":"2024-01-27T21:42:31.491Z","updatedAt":"2024-01-27T21:42:31.491Z","favorited":false,"favoritesCount":104,"author":{"username":"Artem Bondar","bio":null,"image":"https://storage.googleapis.com/bondar-academy-visuals/Android.png","following":false}},{"slug":"Engaging-in-Live-Zoom-Sessions:-Interact-with-Instructors-and-Peers-Ask-Questions-in-Real-Time-1","title":"Engaging in Live Zoom Sessions: Interact with Instructors and Peers, Ask Questions in Real-Time","description":"In our increasingly online world, personal engagement remains a crucial element of effective learning. At Bondar Academy, we address this by hosting live Zoom sessions. These sessions provide a platform for live interaction between instructors and students, and among students themselves. Complementing our Slack channel, these live sessions offer an additional avenue for asking questions and engaging in meaningful discussions.","body":"In our increasingly online world, personal engagement remains a crucial element of effective learning. \nAt Bondar Academy, we address this by hosting live Zoom sessions. These sessions provide a platform for live interaction between instructors and students and among students themselves. Complementing our Slack channel, these live sessions offer an additional avenue for asking questions and engaging in meaningful discussions.","tagList":["Zoom","Live Sessions"],"createdAt":"2024-01-27T21:39:50.587Z","updatedAt":"2024-01-27T21:39:50.587Z","favorited":false,"favoritesCount":76,"author":{"username":"Artem Bondar","bio":null,"image":"https://storage.googleapis.com/bondar-academy-visuals/Android.png","following":false}},{"slug":"Utilizing-Slack-for-Continuous-Engagement:-Connect-with-Instructors-Share-Insights-and-Collaborate-1","title":"Utilizing Slack for Continuous Engagement: Connect with Instructors, Share Insights, and Collaborate","description":"Slack stands out as a widely-used messaging and collaboration platform, celebrated for its convenience and versatility. It enables simultaneous participation in multiple conversations, supports comments and emoji reactions, and allows users to share screenshots, videos, and code snippets. Its functionality extends to making calls in huddle sessions. Given these robust features, Bondar Academy has chosen Slack as our primary communication platform, facilitating seamless interaction and collaboration.","body":"As a new member of Bondar Academy, one of your initial steps should be registering for the Bondar Academy Slack Workspace. Upon registration at Bondar Academy, you'll receive a welcome email containing the URL to join. This Workspace serves as a central hub for communication with instructors and fellow students. Whether you have a question, need to share code, or want to upload screenshots, Slack makes it easy and efficient. Moreover, its compatibility with both desktop and mobile devices, by downloading and installing the app, ensures you can stay connected with your instructors and the community wherever you go.","tagList":["Slack","Community","Collaboration"],"createdAt":"2024-01-27T21:38:27.992Z","updatedAt":"2024-01-27T21:38:27.992Z","favorited":false,"favoritesCount":72,"author":{"username":"Artem Bondar","bio":null,"image":"https://storage.googleapis.com/bondar-academy-visuals/Android.png","following":false}},{"slug":"Stay-Ahead-with-Bondar-Academy:-Subscribe-to-Our-YouTube-channel-for-Latest-Tech-and-Education-Updates-1","title":"Stay Ahead with Bondar Academy: Subscribe to Our YouTube channel for Latest Tech and Education Updates","description":"Who doesn't appreciate high-quality free resources? YouTube serves as an ideal platform for sharing the latest news, updates, and a wealth of tips and tricks in test automation and technology. Keep abreast of these invaluable insights by subscribing to the @bondaracademy YouTube channel.","body":"Who doesn't appreciate high-quality free resources? \n\nYouTube serves as an ideal platform for sharing the latest news, updates, and a wealth of tips and tricks in test automation and technology. \n\nKeep abreast of these invaluable insights by subscribing to our YouTube channel: https://www.youtube.com/@bondaracademy","tagList":["YouTube"],"createdAt":"2024-01-27T21:36:32.360Z","updatedAt":"2024-01-27T21:36:32.360Z","favorited":false,"favoritesCount":67,"author":{"username":"Artem Bondar","bio":null,"image":"https://storage.googleapis.com/bondar-academy-visuals/Android.png","following":false}},{"slug":"Explore-the-Latest-in-Learning:-Bondar-Academy-Blog's-Educational-Insights-from-Our-Experts-1","title":"Explore the Latest in Learning: Bondar Academy Blog's Educational Insights from Our Experts","description":"Discover a treasure trove of knowledge on the Bondar Academy blog. Here, we share an array of tips, techniques, and valuable educational materials, all designed to keep you abreast of the latest technological trends and best practices. For easy access and continual learning, consider bookmarking our blog in your browser.","body":"On the Bondar Academy blog, we consistently provide insightful and pertinent updates on the latest in technology, test automation, and industry best practices. For your convenience, we recommend adding our blog to your browser's bookmarks. Our commitment to keeping you informed is reflected in our weekly posts, each focusing on a significant topic of the week.\n\nWe value your input and invite you to contribute to our ever-evolving content. If you have any suggestions or specific topics you'd like us to explore, please feel free to share your ideas in the Bondar Academy Slack workspace. \n\nDiscover our blog here: https://www.bondaracademy.com/blog\n","tagList":["Blog"],"createdAt":"2024-01-27T21:34:04.531Z","updatedAt":"2024-01-27T21:34:04.531Z","favorited":false,"favoritesCount":67,"author":{"username":"Artem Bondar","bio":null,"image":"https://storage.googleapis.com/bondar-academy-visuals/Android.png","following":false}},{"slug":"Take-the-Next-Step:-Join-Bondar-Academy-Today-and-Enroll-into-the-class-1","title":"Take the Next Step: Join Bondar Academy Today and Enroll into the class","description":"Are you prepared to transform your educational journey? Begin by signing up at Bondar Academy, then register for our Slack Workspace to start exploring. We offer a range of classes, with some being completely free and others featuring free previews of the initial sections. This allows you to experience our content and teaching approach firsthand, helping you make an informed decision before enrolling in a class.","body":"Are you prepared to transform your educational journey? \n\nBegin by signing up at Bondar Academy, then register for our Slack Workspace to start exploring. We offer a range of classes, with some being completely free and others featuring free previews of the initial sections. This allows you to experience our content and teaching approach firsthand, helping you make an informed decision before enrolling in a class.\n\nClick here to enroll: https://www.bondaracademy.com","tagList":["Enroll","Start for Free"],"createdAt":"2024-01-27T21:32:21.056Z","updatedAt":"2024-01-27T21:32:21.056Z","favorited":false,"favoritesCount":75,"author":{"username":"Artem Bondar","bio":null,"image":"https://storage.googleapis.com/bondar-academy-visuals/Android.png","following":false}}],"articlesCount":10}

19:17:34.003 [pool-2-thread-2] DEBUG com.intuit.karate - retry condition not satisfied: response.articles[0].favoritesCount == 2218
19:17:34.004 [pool-2-thread-2] DEBUG com.intuit.karate - sleeping before retry #1
19:17:34.056 [pool-2-thread-1] DEBUG com.intuit.karate - response time in milliseconds: 636
1 < 200
1 < x-powered-by: Express
1 < vary: Origin
1 < content-type: application/json; charset=utf-8
1 < etag: W/"43a9-46vzj+oI8pt/OwQfezo2HqTiwpI"
1 < x-cloud-trace-context: 45f6d9eb4ece9519f84d7d6fc93091f8;o=1
1 < date: Sun, 30 Aug 2026 02:17:33 GMT
1 < server: Google Frontend
1 < Content-Length: 17321
{"articles":[{"slug":"Discover-Bondar-Academy:-Your-Gateway-to-Efficient-Learning-1","title":"Discover Bondar Academy: Your Gateway to Efficient Learning","description":"Discover Bondar Academy's unique place in the educational landscape, where value-focused and efficient learning approaches converge. Our goal is to rapidly enhance your professional technical skills, boosting your market competitiveness and paving the way for higher-paying job opportunities. The speed of your progress is in your hands – you set the pace, and we provide the solutions and support to help you achieve your desired outcomes.","body":"Bondar Academy is a leading platform for efficient education, designed to boost your technical skills and advance your career in Quality Assurance (QA). Our program features a balanced mix of pre-recorded lectures and live sessions, allowing each student to study at their own pace and at a time that suits them. \n\nOur instructors are readily available on our Slack Workspace for support. Whether it's a quick question or a more complex issue requiring a Zoom call or Slack Huddle for screen sharing and live discussion, we're here to assist. Additionally, each class comes with a comprehensive question bank for self-assessment. Following each lecture, you have the opportunity to validate your understanding and readiness to progress to the next topic. You set the pace, and we provide the solutions to ensure you achieve your desired outcomes.\n\nSignUp today: https://www.bondaracademy.com","tagList":["qa career","Bondar Academy","QA Skills","Value-Focused"],"createdAt":"2024-01-27T21:52:32.682Z","updatedAt":"2024-01-27T21:52:32.682Z","favorited":false,"favoritesCount":2217,"author":{"username":"Artem Bondar","bio":null,"image":"https://storage.googleapis.com/bondar-academy-visuals/Android.png","following":false}},{"slug":"The-value-of-pre-recorded-video-classes.-The-most-efficient-approach-to-tranfer-the-knowledge-1","title":"The value of pre-recorded video classes. The most efficient approach to tranfer the knowledge","description":"As educational practices evolve, video tutorials have emerged as the most efficient method for imparting theoretical knowledge. At Bondar Academy, we prioritize expertly structured and crafted video tutorials, ensuring you learn quickly and effectively and advance your skills.","body":"At Bondar Academy, we prioritize the value of your time and the efficiency of your education, distinguishing our approach from traditional colleges and live boot camps. Forget long, tedious live lectures on a fixed schedule. With us, you learn at your convenience and pace through optimized, structured video lectures. \n\nWe understand your goal is rapid knowledge acquisition. Our pre-recorded and well-organized lectures are designed precisely for this, ensuring no slowdowns from group dynamics or unrelated instructor anecdotes. \n\nDive straight into the subject matter, learn efficiently, and if questions arise, our immediate support on the Slack Workspace is there to streamline your learning process and swiftly remove any roadblocks.","tagList":["Bondar Academy","Video Lectures","Tutorials"],"createdAt":"2024-01-27T21:50:38.825Z","updatedAt":"2024-01-27T21:50:38.825Z","favorited":false,"favoritesCount":483,"author":{"username":"Artem Bondar","bio":null,"image":"https://storage.googleapis.com/bondar-academy-visuals/Android.png","following":false}},{"slug":"Mastering-Knowledge-with-Self-Assessments:-Identifying-and-Bridging-Learning-Gaps-in-Education-1","title":"Mastering Knowledge with Self-Assessments: Identifying and Bridging Learning Gaps in Education","description":"Self-assessment is an essential tool for gauging your understanding of lecture material. It answers critical questions: Have you grasped everything correctly? Is there anything you've missed? Are you prepared for the next lesson? These assessments ensure that you build a solid foundation of knowledge, confidently and efficiently paving the way for swift progress and effective learning outcomes.","body":"Traditional educational institutions, such as colleges and universities, commonly use tests and assessments to measure knowledge. This approach is effective for gauging student performance, but it's not without drawbacks. In these settings, assessments after every lecture aren't feasible due to the time required for teachers to evaluate them. This often leads to students having a false sense of understanding, believing they've comprehended all aspects of a lecture when, in reality, small but crucial details might be missed. These 'knowledge gaps' can accumulate, making more complex topics difficult to grasp later on.\n\nAt Bondar Academy, we address this challenge by implementing self-assessments after every lecture. These are designed to cover key questions that ensure a thorough understanding of the material, essential for comfort and success in future lectures. The number of questions varies, ranging from 3-4 to 15-20, depending on the lecture's significance and the volume of critical information. With these self-assessments, students receive immediate feedback, helping them determine if they've fully understood the lecture or if they need to revisit certain parts or seek assistance from our instructors in the Slack Workspace.","tagList":["Self-Assessment","Test","Exam"],"createdAt":"2024-01-27T21:48:36.340Z","updatedAt":"2024-01-27T21:48:36.340Z","favorited":false,"favoritesCount":247,"author":{"username":"Artem Bondar","bio":null,"image":"https://storage.googleapis.com/bondar-academy-visuals/Android.png","following":false}},{"slug":"Practical-Implementation-of-Skills:-Homework-Assignments-with-Instructor-Supervision-1","title":"Practical Implementation of Skills: Homework Assignments with Instructor Supervision","description":"Knowledge or skills not reinforced through practical exercises can quickly fade, often faster than anticipated. Homework, particularly in tasks like writing your own code, is crucial for honing these skills and cementing your understanding. At Bondar Academy, we ensure this vital step by assigning homework, rigorously evaluating the outcomes, and providing valuable feedback to guide your learning journey.","body":"Homework assignments are a fundamental component of the educational methodology at Bondar Academy, especially in technical education where learning a new programming language or framework is involved. The key to mastering these skills lies in writing code; the more you write, the better you become. However, merely replicating code seen in lectures leads to minimal learning. Often, this approach leaves students unclear about why their code works the way it does, as they focus on copying rather than understanding.\n\nA homework assignment at Bondar Academy starts with a blank page, challenging students to apply all their knowledge to write the first line of code. This process is more demanding than it appears. As you write each line, understanding and reasoning grow, making your code meaningful and comprehensible. You learn to write code that makes sense to you, enhancing your understanding.\n\nIn completing these assignments, you engage the 'thinking' part of your brain, transforming theoretical knowledge into practical skills. Recognizing the crucial role of homework in learning, our instructors at Bondar Academy are always available to assist with any challenges. Just reach out on Slack, and you'll receive the guidance and support needed for successful completion. At Bondar Academy, we fully understand the importance of homework assignments for the best outcome, so our instructors are always here to assist if you have any difficulties with completing them. Just ask in Slack and you'll be guided and assisted.","tagList":["Homework","Assignments","Practice","Coding"],"createdAt":"2024-01-27T21:46:09.512Z","updatedAt":"2024-01-27T21:46:09.512Z","favorited":false,"favoritesCount":115,"author":{"username":"Artem Bondar","bio":null,"image":"https://storage.googleapis.com/bondar-academy-visuals/Android.png","following":false}},{"slug":"Embracing-Daily-Git-Routines:-Real-Code-Reviews-on-GitHub-for-Effective-Coding-Practice.-1","title":"Embracing Daily Git Routines: Real Code Reviews on GitHub for Effective Coding Practice.","description":"Learning to code is just one part of a larger skill set; effectively managing and organizing code is equally crucial. At Bondar Academy, we integrate Git and platforms like GitHub into the core learning cycle. With us, using Git becomes a regular routine, where organizing code in branches, storing it in remote repositories, and collaborating with others through strategies like branching, merging, pull requests, and code reviews are standard practice.","body":"At Bondar Academy, mastering Git and GitHub is a fundamental step before delving into frameworks or programming languages. Effective code management, organization, and storage are crucial skills, and Git is the premier tool for this purpose. However, many learners initially find Git challenging due to its complexity and non-intuitive nature. To address this, our instructors have developed structured lectures on Git and GitHub, ensuring an efficient and thorough understanding of these essential tools. Git lessons are a mandatory prerequisite in every class. For a glimpse into our teaching approach, visit our YouTube channel: https://www.youtube.com/@BondarAcademy/playlists.\n\nIn our courses, all homework assignments are reviewed using GitHub pull requests, mirroring the workflow in real-world software development environments. Students submit their code to their working branch for review. Our instructors then provide feedback, suggesting modifications or adjustments for pull request approval. This iterative process is repeated throughout the course, establishing Git usage as a natural and routine part of your coding practice.","tagList":["YouTube","Git","GitHub"],"createdAt":"2024-01-27T21:42:31.491Z","updatedAt":"2024-01-27T21:42:31.491Z","favorited":false,"favoritesCount":104,"author":{"username":"Artem Bondar","bio":null,"image":"https://storage.googleapis.com/bondar-academy-visuals/Android.png","following":false}},{"slug":"Engaging-in-Live-Zoom-Sessions:-Interact-with-Instructors-and-Peers-Ask-Questions-in-Real-Time-1","title":"Engaging in Live Zoom Sessions: Interact with Instructors and Peers, Ask Questions in Real-Time","description":"In our increasingly online world, personal engagement remains a crucial element of effective learning. At Bondar Academy, we address this by hosting live Zoom sessions. These sessions provide a platform for live interaction between instructors and students, and among students themselves. Complementing our Slack channel, these live sessions offer an additional avenue for asking questions and engaging in meaningful discussions.","body":"In our increasingly online world, personal engagement remains a crucial element of effective learning. \nAt Bondar Academy, we address this by hosting live Zoom sessions. These sessions provide a platform for live interaction between instructors and students and among students themselves. Complementing our Slack channel, these live sessions offer an additional avenue for asking questions and engaging in meaningful discussions.","tagList":["Zoom","Live Sessions"],"createdAt":"2024-01-27T21:39:50.587Z","updatedAt":"2024-01-27T21:39:50.587Z","favorited":false,"favoritesCount":76,"author":{"username":"Artem Bondar","bio":null,"image":"https://storage.googleapis.com/bondar-academy-visuals/Android.png","following":false}},{"slug":"Utilizing-Slack-for-Continuous-Engagement:-Connect-with-Instructors-Share-Insights-and-Collaborate-1","title":"Utilizing Slack for Continuous Engagement: Connect with Instructors, Share Insights, and Collaborate","description":"Slack stands out as a widely-used messaging and collaboration platform, celebrated for its convenience and versatility. It enables simultaneous participation in multiple conversations, supports comments and emoji reactions, and allows users to share screenshots, videos, and code snippets. Its functionality extends to making calls in huddle sessions. Given these robust features, Bondar Academy has chosen Slack as our primary communication platform, facilitating seamless interaction and collaboration.","body":"As a new member of Bondar Academy, one of your initial steps should be registering for the Bondar Academy Slack Workspace. Upon registration at Bondar Academy, you'll receive a welcome email containing the URL to join. This Workspace serves as a central hub for communication with instructors and fellow students. Whether you have a question, need to share code, or want to upload screenshots, Slack makes it easy and efficient. Moreover, its compatibility with both desktop and mobile devices, by downloading and installing the app, ensures you can stay connected with your instructors and the community wherever you go.","tagList":["Slack","Community","Collaboration"],"createdAt":"2024-01-27T21:38:27.992Z","updatedAt":"2024-01-27T21:38:27.992Z","favorited":false,"favoritesCount":72,"author":{"username":"Artem Bondar","bio":null,"image":"https://storage.googleapis.com/bondar-academy-visuals/Android.png","following":false}},{"slug":"Stay-Ahead-with-Bondar-Academy:-Subscribe-to-Our-YouTube-channel-for-Latest-Tech-and-Education-Updates-1","title":"Stay Ahead with Bondar Academy: Subscribe to Our YouTube channel for Latest Tech and Education Updates","description":"Who doesn't appreciate high-quality free resources? YouTube serves as an ideal platform for sharing the latest news, updates, and a wealth of tips and tricks in test automation and technology. Keep abreast of these invaluable insights by subscribing to the @bondaracademy YouTube channel.","body":"Who doesn't appreciate high-quality free resources? \n\nYouTube serves as an ideal platform for sharing the latest news, updates, and a wealth of tips and tricks in test automation and technology. \n\nKeep abreast of these invaluable insights by subscribing to our YouTube channel: https://www.youtube.com/@bondaracademy","tagList":["YouTube"],"createdAt":"2024-01-27T21:36:32.360Z","updatedAt":"2024-01-27T21:36:32.360Z","favorited":false,"favoritesCount":67,"author":{"username":"Artem Bondar","bio":null,"image":"https://storage.googleapis.com/bondar-academy-visuals/Android.png","following":false}},{"slug":"Explore-the-Latest-in-Learning:-Bondar-Academy-Blog's-Educational-Insights-from-Our-Experts-1","title":"Explore the Latest in Learning: Bondar Academy Blog's Educational Insights from Our Experts","description":"Discover a treasure trove of knowledge on the Bondar Academy blog. Here, we share an array of tips, techniques, and valuable educational materials, all designed to keep you abreast of the latest technological trends and best practices. For easy access and continual learning, consider bookmarking our blog in your browser.","body":"On the Bondar Academy blog, we consistently provide insightful and pertinent updates on the latest in technology, test automation, and industry best practices. For your convenience, we recommend adding our blog to your browser's bookmarks. Our commitment to keeping you informed is reflected in our weekly posts, each focusing on a significant topic of the week.\n\nWe value your input and invite you to contribute to our ever-evolving content. If you have any suggestions or specific topics you'd like us to explore, please feel free to share your ideas in the Bondar Academy Slack workspace. \n\nDiscover our blog here: https://www.bondaracademy.com/blog\n","tagList":["Blog"],"createdAt":"2024-01-27T21:34:04.531Z","updatedAt":"2024-01-27T21:34:04.531Z","favorited":false,"favoritesCount":67,"author":{"username":"Artem Bondar","bio":null,"image":"https://storage.googleapis.com/bondar-academy-visuals/Android.png","following":false}},{"slug":"Take-the-Next-Step:-Join-Bondar-Academy-Today-and-Enroll-into-the-class-1","title":"Take the Next Step: Join Bondar Academy Today and Enroll into the class","description":"Are you prepared to transform your educational journey? Begin by signing up at Bondar Academy, then register for our Slack Workspace to start exploring. We offer a range of classes, with some being completely free and others featuring free previews of the initial sections. This allows you to experience our content and teaching approach firsthand, helping you make an informed decision before enrolling in a class.","body":"Are you prepared to transform your educational journey? \n\nBegin by signing up at Bondar Academy, then register for our Slack Workspace to start exploring. We offer a range of classes, with some being completely free and others featuring free previews of the initial sections. This allows you to experience our content and teaching approach firsthand, helping you make an informed decision before enrolling in a class.\n\nClick here to enroll: https://www.bondaracademy.com","tagList":["Enroll","Start for Free"],"createdAt":"2024-01-27T21:32:21.056Z","updatedAt":"2024-01-27T21:32:21.056Z","favorited":false,"favoritesCount":75,"author":{"username":"Artem Bondar","bio":null,"image":"https://storage.googleapis.com/bondar-academy-visuals/Android.png","following":false}}],"articlesCount":10}

19:17:34.071 [pool-2-thread-1] INFO  com.intuit.karate - [print] 2217 
19:17:34.078 [pool-2-thread-1] DEBUG com.intuit.karate - request:
2 > GET https://conduit-api.bondaracademy.com/api/articles?limit=10&offset=0
2 > Host: conduit-api.bondaracademy.com
2 > Connection: Keep-Alive
2 > User-Agent: Apache-HttpClient/4.5.14 (Java/25.0.4)
2 > Accept-Encoding: gzip,deflate


19:17:34.360 [pool-2-thread-1] DEBUG com.intuit.karate - response time in milliseconds: 273
2 < 200
2 < x-powered-by: Express
2 < vary: Origin
2 < content-type: application/json; charset=utf-8
2 < etag: W/"43a9-46vzj+oI8pt/OwQfezo2HqTiwpI"
2 < x-cloud-trace-context: c535d7759a52e889a7df50f71e1417fe
2 < date: Sun, 30 Aug 2026 02:17:33 GMT
2 < server: Google Frontend
2 < Content-Length: 17321
{"articles":[{"slug":"Discover-Bondar-Academy:-Your-Gateway-to-Efficient-Learning-1","title":"Discover Bondar Academy: Your Gateway to Efficient Learning","description":"Discover Bondar Academy's unique place in the educational landscape, where value-focused and efficient learning approaches converge. Our goal is to rapidly enhance your professional technical skills, boosting your market competitiveness and paving the way for higher-paying job opportunities. The speed of your progress is in your hands – you set the pace, and we provide the solutions and support to help you achieve your desired outcomes.","body":"Bondar Academy is a leading platform for efficient education, designed to boost your technical skills and advance your career in Quality Assurance (QA). Our program features a balanced mix of pre-recorded lectures and live sessions, allowing each student to study at their own pace and at a time that suits them. \n\nOur instructors are readily available on our Slack Workspace for support. Whether it's a quick question or a more complex issue requiring a Zoom call or Slack Huddle for screen sharing and live discussion, we're here to assist. Additionally, each class comes with a comprehensive question bank for self-assessment. Following each lecture, you have the opportunity to validate your understanding and readiness to progress to the next topic. You set the pace, and we provide the solutions to ensure you achieve your desired outcomes.\n\nSignUp today: https://www.bondaracademy.com","tagList":["qa career","Bondar Academy","QA Skills","Value-Focused"],"createdAt":"2024-01-27T21:52:32.682Z","updatedAt":"2024-01-27T21:52:32.682Z","favorited":false,"favoritesCount":2217,"author":{"username":"Artem Bondar","bio":null,"image":"https://storage.googleapis.com/bondar-academy-visuals/Android.png","following":false}},{"slug":"The-value-of-pre-recorded-video-classes.-The-most-efficient-approach-to-tranfer-the-knowledge-1","title":"The value of pre-recorded video classes. The most efficient approach to tranfer the knowledge","description":"As educational practices evolve, video tutorials have emerged as the most efficient method for imparting theoretical knowledge. At Bondar Academy, we prioritize expertly structured and crafted video tutorials, ensuring you learn quickly and effectively and advance your skills.","body":"At Bondar Academy, we prioritize the value of your time and the efficiency of your education, distinguishing our approach from traditional colleges and live boot camps. Forget long, tedious live lectures on a fixed schedule. With us, you learn at your convenience and pace through optimized, structured video lectures. \n\nWe understand your goal is rapid knowledge acquisition. Our pre-recorded and well-organized lectures are designed precisely for this, ensuring no slowdowns from group dynamics or unrelated instructor anecdotes. \n\nDive straight into the subject matter, learn efficiently, and if questions arise, our immediate support on the Slack Workspace is there to streamline your learning process and swiftly remove any roadblocks.","tagList":["Bondar Academy","Video Lectures","Tutorials"],"createdAt":"2024-01-27T21:50:38.825Z","updatedAt":"2024-01-27T21:50:38.825Z","favorited":false,"favoritesCount":483,"author":{"username":"Artem Bondar","bio":null,"image":"https://storage.googleapis.com/bondar-academy-visuals/Android.png","following":false}},{"slug":"Mastering-Knowledge-with-Self-Assessments:-Identifying-and-Bridging-Learning-Gaps-in-Education-1","title":"Mastering Knowledge with Self-Assessments: Identifying and Bridging Learning Gaps in Education","description":"Self-assessment is an essential tool for gauging your understanding of lecture material. It answers critical questions: Have you grasped everything correctly? Is there anything you've missed? Are you prepared for the next lesson? These assessments ensure that you build a solid foundation of knowledge, confidently and efficiently paving the way for swift progress and effective learning outcomes.","body":"Traditional educational institutions, such as colleges and universities, commonly use tests and assessments to measure knowledge. This approach is effective for gauging student performance, but it's not without drawbacks. In these settings, assessments after every lecture aren't feasible due to the time required for teachers to evaluate them. This often leads to students having a false sense of understanding, believing they've comprehended all aspects of a lecture when, in reality, small but crucial details might be missed. These 'knowledge gaps' can accumulate, making more complex topics difficult to grasp later on.\n\nAt Bondar Academy, we address this challenge by implementing self-assessments after every lecture. These are designed to cover key questions that ensure a thorough understanding of the material, essential for comfort and success in future lectures. The number of questions varies, ranging from 3-4 to 15-20, depending on the lecture's significance and the volume of critical information. With these self-assessments, students receive immediate feedback, helping them determine if they've fully understood the lecture or if they need to revisit certain parts or seek assistance from our instructors in the Slack Workspace.","tagList":["Self-Assessment","Test","Exam"],"createdAt":"2024-01-27T21:48:36.340Z","updatedAt":"2024-01-27T21:48:36.340Z","favorited":false,"favoritesCount":247,"author":{"username":"Artem Bondar","bio":null,"image":"https://storage.googleapis.com/bondar-academy-visuals/Android.png","following":false}},{"slug":"Practical-Implementation-of-Skills:-Homework-Assignments-with-Instructor-Supervision-1","title":"Practical Implementation of Skills: Homework Assignments with Instructor Supervision","description":"Knowledge or skills not reinforced through practical exercises can quickly fade, often faster than anticipated. Homework, particularly in tasks like writing your own code, is crucial for honing these skills and cementing your understanding. At Bondar Academy, we ensure this vital step by assigning homework, rigorously evaluating the outcomes, and providing valuable feedback to guide your learning journey.","body":"Homework assignments are a fundamental component of the educational methodology at Bondar Academy, especially in technical education where learning a new programming language or framework is involved. The key to mastering these skills lies in writing code; the more you write, the better you become. However, merely replicating code seen in lectures leads to minimal learning. Often, this approach leaves students unclear about why their code works the way it does, as they focus on copying rather than understanding.\n\nA homework assignment at Bondar Academy starts with a blank page, challenging students to apply all their knowledge to write the first line of code. This process is more demanding than it appears. As you write each line, understanding and reasoning grow, making your code meaningful and comprehensible. You learn to write code that makes sense to you, enhancing your understanding.\n\nIn completing these assignments, you engage the 'thinking' part of your brain, transforming theoretical knowledge into practical skills. Recognizing the crucial role of homework in learning, our instructors at Bondar Academy are always available to assist with any challenges. Just reach out on Slack, and you'll receive the guidance and support needed for successful completion. At Bondar Academy, we fully understand the importance of homework assignments for the best outcome, so our instructors are always here to assist if you have any difficulties with completing them. Just ask in Slack and you'll be guided and assisted.","tagList":["Homework","Assignments","Practice","Coding"],"createdAt":"2024-01-27T21:46:09.512Z","updatedAt":"2024-01-27T21:46:09.512Z","favorited":false,"favoritesCount":115,"author":{"username":"Artem Bondar","bio":null,"image":"https://storage.googleapis.com/bondar-academy-visuals/Android.png","following":false}},{"slug":"Embracing-Daily-Git-Routines:-Real-Code-Reviews-on-GitHub-for-Effective-Coding-Practice.-1","title":"Embracing Daily Git Routines: Real Code Reviews on GitHub for Effective Coding Practice.","description":"Learning to code is just one part of a larger skill set; effectively managing and organizing code is equally crucial. At Bondar Academy, we integrate Git and platforms like GitHub into the core learning cycle. With us, using Git becomes a regular routine, where organizing code in branches, storing it in remote repositories, and collaborating with others through strategies like branching, merging, pull requests, and code reviews are standard practice.","body":"At Bondar Academy, mastering Git and GitHub is a fundamental step before delving into frameworks or programming languages. Effective code management, organization, and storage are crucial skills, and Git is the premier tool for this purpose. However, many learners initially find Git challenging due to its complexity and non-intuitive nature. To address this, our instructors have developed structured lectures on Git and GitHub, ensuring an efficient and thorough understanding of these essential tools. Git lessons are a mandatory prerequisite in every class. For a glimpse into our teaching approach, visit our YouTube channel: https://www.youtube.com/@BondarAcademy/playlists.\n\nIn our courses, all homework assignments are reviewed using GitHub pull requests, mirroring the workflow in real-world software development environments. Students submit their code to their working branch for review. Our instructors then provide feedback, suggesting modifications or adjustments for pull request approval. This iterative process is repeated throughout the course, establishing Git usage as a natural and routine part of your coding practice.","tagList":["YouTube","Git","GitHub"],"createdAt":"2024-01-27T21:42:31.491Z","updatedAt":"2024-01-27T21:42:31.491Z","favorited":false,"favoritesCount":104,"author":{"username":"Artem Bondar","bio":null,"image":"https://storage.googleapis.com/bondar-academy-visuals/Android.png","following":false}},{"slug":"Engaging-in-Live-Zoom-Sessions:-Interact-with-Instructors-and-Peers-Ask-Questions-in-Real-Time-1","title":"Engaging in Live Zoom Sessions: Interact with Instructors and Peers, Ask Questions in Real-Time","description":"In our increasingly online world, personal engagement remains a crucial element of effective learning. At Bondar Academy, we address this by hosting live Zoom sessions. These sessions provide a platform for live interaction between instructors and students, and among students themselves. Complementing our Slack channel, these live sessions offer an additional avenue for asking questions and engaging in meaningful discussions.","body":"In our increasingly online world, personal engagement remains a crucial element of effective learning. \nAt Bondar Academy, we address this by hosting live Zoom sessions. These sessions provide a platform for live interaction between instructors and students and among students themselves. Complementing our Slack channel, these live sessions offer an additional avenue for asking questions and engaging in meaningful discussions.","tagList":["Zoom","Live Sessions"],"createdAt":"2024-01-27T21:39:50.587Z","updatedAt":"2024-01-27T21:39:50.587Z","favorited":false,"favoritesCount":76,"author":{"username":"Artem Bondar","bio":null,"image":"https://storage.googleapis.com/bondar-academy-visuals/Android.png","following":false}},{"slug":"Utilizing-Slack-for-Continuous-Engagement:-Connect-with-Instructors-Share-Insights-and-Collaborate-1","title":"Utilizing Slack for Continuous Engagement: Connect with Instructors, Share Insights, and Collaborate","description":"Slack stands out as a widely-used messaging and collaboration platform, celebrated for its convenience and versatility. It enables simultaneous participation in multiple conversations, supports comments and emoji reactions, and allows users to share screenshots, videos, and code snippets. Its functionality extends to making calls in huddle sessions. Given these robust features, Bondar Academy has chosen Slack as our primary communication platform, facilitating seamless interaction and collaboration.","body":"As a new member of Bondar Academy, one of your initial steps should be registering for the Bondar Academy Slack Workspace. Upon registration at Bondar Academy, you'll receive a welcome email containing the URL to join. This Workspace serves as a central hub for communication with instructors and fellow students. Whether you have a question, need to share code, or want to upload screenshots, Slack makes it easy and efficient. Moreover, its compatibility with both desktop and mobile devices, by downloading and installing the app, ensures you can stay connected with your instructors and the community wherever you go.","tagList":["Slack","Community","Collaboration"],"createdAt":"2024-01-27T21:38:27.992Z","updatedAt":"2024-01-27T21:38:27.992Z","favorited":false,"favoritesCount":72,"author":{"username":"Artem Bondar","bio":null,"image":"https://storage.googleapis.com/bondar-academy-visuals/Android.png","following":false}},{"slug":"Stay-Ahead-with-Bondar-Academy:-Subscribe-to-Our-YouTube-channel-for-Latest-Tech-and-Education-Updates-1","title":"Stay Ahead with Bondar Academy: Subscribe to Our YouTube channel for Latest Tech and Education Updates","description":"Who doesn't appreciate high-quality free resources? YouTube serves as an ideal platform for sharing the latest news, updates, and a wealth of tips and tricks in test automation and technology. Keep abreast of these invaluable insights by subscribing to the @bondaracademy YouTube channel.","body":"Who doesn't appreciate high-quality free resources? \n\nYouTube serves as an ideal platform for sharing the latest news, updates, and a wealth of tips and tricks in test automation and technology. \n\nKeep abreast of these invaluable insights by subscribing to our YouTube channel: https://www.youtube.com/@bondaracademy","tagList":["YouTube"],"createdAt":"2024-01-27T21:36:32.360Z","updatedAt":"2024-01-27T21:36:32.360Z","favorited":false,"favoritesCount":67,"author":{"username":"Artem Bondar","bio":null,"image":"https://storage.googleapis.com/bondar-academy-visuals/Android.png","following":false}},{"slug":"Explore-the-Latest-in-Learning:-Bondar-Academy-Blog's-Educational-Insights-from-Our-Experts-1","title":"Explore the Latest in Learning: Bondar Academy Blog's Educational Insights from Our Experts","description":"Discover a treasure trove of knowledge on the Bondar Academy blog. Here, we share an array of tips, techniques, and valuable educational materials, all designed to keep you abreast of the latest technological trends and best practices. For easy access and continual learning, consider bookmarking our blog in your browser.","body":"On the Bondar Academy blog, we consistently provide insightful and pertinent updates on the latest in technology, test automation, and industry best practices. For your convenience, we recommend adding our blog to your browser's bookmarks. Our commitment to keeping you informed is reflected in our weekly posts, each focusing on a significant topic of the week.\n\nWe value your input and invite you to contribute to our ever-evolving content. If you have any suggestions or specific topics you'd like us to explore, please feel free to share your ideas in the Bondar Academy Slack workspace. \n\nDiscover our blog here: https://www.bondaracademy.com/blog\n","tagList":["Blog"],"createdAt":"2024-01-27T21:34:04.531Z","updatedAt":"2024-01-27T21:34:04.531Z","favorited":false,"favoritesCount":67,"author":{"username":"Artem Bondar","bio":null,"image":"https://storage.googleapis.com/bondar-academy-visuals/Android.png","following":false}},{"slug":"Take-the-Next-Step:-Join-Bondar-Academy-Today-and-Enroll-into-the-class-1","title":"Take the Next Step: Join Bondar Academy Today and Enroll into the class","description":"Are you prepared to transform your educational journey? Begin by signing up at Bondar Academy, then register for our Slack Workspace to start exploring. We offer a range of classes, with some being completely free and others featuring free previews of the initial sections. This allows you to experience our content and teaching approach firsthand, helping you make an informed decision before enrolling in a class.","body":"Are you prepared to transform your educational journey? \n\nBegin by signing up at Bondar Academy, then register for our Slack Workspace to start exploring. We offer a range of classes, with some being completely free and others featuring free previews of the initial sections. This allows you to experience our content and teaching approach firsthand, helping you make an informed decision before enrolling in a class.\n\nClick here to enroll: https://www.bondaracademy.com","tagList":["Enroll","Start for Free"],"createdAt":"2024-01-27T21:32:21.056Z","updatedAt":"2024-01-27T21:32:21.056Z","favorited":false,"favoritesCount":75,"author":{"username":"Artem Bondar","bio":null,"image":"https://storage.googleapis.com/bondar-academy-visuals/Android.png","following":false}}],"articlesCount":10}

19:17:39.010 [pool-2-thread-2] DEBUG com.intuit.karate - request:
2 > GET https://conduit-api.bondaracademy.com/api/articles?limit=10&offset=0
2 > Host: conduit-api.bondaracademy.com
2 > Connection: Keep-Alive
2 > User-Agent: Apache-HttpClient/4.5.14 (Java/25.0.4)
2 > Accept-Encoding: gzip,deflate


19:17:39.316 [pool-2-thread-2] DEBUG com.intuit.karate - response time in milliseconds: 302
2 < 200
2 < x-powered-by: Express
2 < vary: Origin
2 < content-type: application/json; charset=utf-8
2 < etag: W/"43a9-46vzj+oI8pt/OwQfezo2HqTiwpI"
2 < x-cloud-trace-context: c735a8d42a9ad533860f5b88cbad5b21
2 < date: Sun, 30 Aug 2026 02:17:38 GMT
2 < server: Google Frontend
2 < Content-Length: 17321
{"articles":[{"slug":"Discover-Bondar-Academy:-Your-Gateway-to-Efficient-Learning-1","title":"Discover Bondar Academy: Your Gateway to Efficient Learning","description":"Discover Bondar Academy's unique place in the educational landscape, where value-focused and efficient learning approaches converge. Our goal is to rapidly enhance your professional technical skills, boosting your market competitiveness and paving the way for higher-paying job opportunities. The speed of your progress is in your hands – you set the pace, and we provide the solutions and support to help you achieve your desired outcomes.","body":"Bondar Academy is a leading platform for efficient education, designed to boost your technical skills and advance your career in Quality Assurance (QA). Our program features a balanced mix of pre-recorded lectures and live sessions, allowing each student to study at their own pace and at a time that suits them. \n\nOur instructors are readily available on our Slack Workspace for support. Whether it's a quick question or a more complex issue requiring a Zoom call or Slack Huddle for screen sharing and live discussion, we're here to assist. Additionally, each class comes with a comprehensive question bank for self-assessment. Following each lecture, you have the opportunity to validate your understanding and readiness to progress to the next topic. You set the pace, and we provide the solutions to ensure you achieve your desired outcomes.\n\nSignUp today: https://www.bondaracademy.com","tagList":["qa career","Bondar Academy","QA Skills","Value-Focused"],"createdAt":"2024-01-27T21:52:32.682Z","updatedAt":"2024-01-27T21:52:32.682Z","favorited":false,"favoritesCount":2217,"author":{"username":"Artem Bondar","bio":null,"image":"https://storage.googleapis.com/bondar-academy-visuals/Android.png","following":false}},{"slug":"The-value-of-pre-recorded-video-classes.-The-most-efficient-approach-to-tranfer-the-knowledge-1","title":"The value of pre-recorded video classes. The most efficient approach to tranfer the knowledge","description":"As educational practices evolve, video tutorials have emerged as the most efficient method for imparting theoretical knowledge. At Bondar Academy, we prioritize expertly structured and crafted video tutorials, ensuring you learn quickly and effectively and advance your skills.","body":"At Bondar Academy, we prioritize the value of your time and the efficiency of your education, distinguishing our approach from traditional colleges and live boot camps. Forget long, tedious live lectures on a fixed schedule. With us, you learn at your convenience and pace through optimized, structured video lectures. \n\nWe understand your goal is rapid knowledge acquisition. Our pre-recorded and well-organized lectures are designed precisely for this, ensuring no slowdowns from group dynamics or unrelated instructor anecdotes. \n\nDive straight into the subject matter, learn efficiently, and if questions arise, our immediate support on the Slack Workspace is there to streamline your learning process and swiftly remove any roadblocks.","tagList":["Bondar Academy","Video Lectures","Tutorials"],"createdAt":"2024-01-27T21:50:38.825Z","updatedAt":"2024-01-27T21:50:38.825Z","favorited":false,"favoritesCount":483,"author":{"username":"Artem Bondar","bio":null,"image":"https://storage.googleapis.com/bondar-academy-visuals/Android.png","following":false}},{"slug":"Mastering-Knowledge-with-Self-Assessments:-Identifying-and-Bridging-Learning-Gaps-in-Education-1","title":"Mastering Knowledge with Self-Assessments: Identifying and Bridging Learning Gaps in Education","description":"Self-assessment is an essential tool for gauging your understanding of lecture material. It answers critical questions: Have you grasped everything correctly? Is there anything you've missed? Are you prepared for the next lesson? These assessments ensure that you build a solid foundation of knowledge, confidently and efficiently paving the way for swift progress and effective learning outcomes.","body":"Traditional educational institutions, such as colleges and universities, commonly use tests and assessments to measure knowledge. This approach is effective for gauging student performance, but it's not without drawbacks. In these settings, assessments after every lecture aren't feasible due to the time required for teachers to evaluate them. This often leads to students having a false sense of understanding, believing they've comprehended all aspects of a lecture when, in reality, small but crucial details might be missed. These 'knowledge gaps' can accumulate, making more complex topics difficult to grasp later on.\n\nAt Bondar Academy, we address this challenge by implementing self-assessments after every lecture. These are designed to cover key questions that ensure a thorough understanding of the material, essential for comfort and success in future lectures. The number of questions varies, ranging from 3-4 to 15-20, depending on the lecture's significance and the volume of critical information. With these self-assessments, students receive immediate feedback, helping them determine if they've fully understood the lecture or if they need to revisit certain parts or seek assistance from our instructors in the Slack Workspace.","tagList":["Self-Assessment","Test","Exam"],"createdAt":"2024-01-27T21:48:36.340Z","updatedAt":"2024-01-27T21:48:36.340Z","favorited":false,"favoritesCount":247,"author":{"username":"Artem Bondar","bio":null,"image":"https://storage.googleapis.com/bondar-academy-visuals/Android.png","following":false}},{"slug":"Practical-Implementation-of-Skills:-Homework-Assignments-with-Instructor-Supervision-1","title":"Practical Implementation of Skills: Homework Assignments with Instructor Supervision","description":"Knowledge or skills not reinforced through practical exercises can quickly fade, often faster than anticipated. Homework, particularly in tasks like writing your own code, is crucial for honing these skills and cementing your understanding. At Bondar Academy, we ensure this vital step by assigning homework, rigorously evaluating the outcomes, and providing valuable feedback to guide your learning journey.","body":"Homework assignments are a fundamental component of the educational methodology at Bondar Academy, especially in technical education where learning a new programming language or framework is involved. The key to mastering these skills lies in writing code; the more you write, the better you become. However, merely replicating code seen in lectures leads to minimal learning. Often, this approach leaves students unclear about why their code works the way it does, as they focus on copying rather than understanding.\n\nA homework assignment at Bondar Academy starts with a blank page, challenging students to apply all their knowledge to write the first line of code. This process is more demanding than it appears. As you write each line, understanding and reasoning grow, making your code meaningful and comprehensible. You learn to write code that makes sense to you, enhancing your understanding.\n\nIn completing these assignments, you engage the 'thinking' part of your brain, transforming theoretical knowledge into practical skills. Recognizing the crucial role of homework in learning, our instructors at Bondar Academy are always available to assist with any challenges. Just reach out on Slack, and you'll receive the guidance and support needed for successful completion. At Bondar Academy, we fully understand the importance of homework assignments for the best outcome, so our instructors are always here to assist if you have any difficulties with completing them. Just ask in Slack and you'll be guided and assisted.","tagList":["Homework","Assignments","Practice","Coding"],"createdAt":"2024-01-27T21:46:09.512Z","updatedAt":"2024-01-27T21:46:09.512Z","favorited":false,"favoritesCount":115,"author":{"username":"Artem Bondar","bio":null,"image":"https://storage.googleapis.com/bondar-academy-visuals/Android.png","following":false}},{"slug":"Embracing-Daily-Git-Routines:-Real-Code-Reviews-on-GitHub-for-Effective-Coding-Practice.-1","title":"Embracing Daily Git Routines: Real Code Reviews on GitHub for Effective Coding Practice.","description":"Learning to code is just one part of a larger skill set; effectively managing and organizing code is equally crucial. At Bondar Academy, we integrate Git and platforms like GitHub into the core learning cycle. With us, using Git becomes a regular routine, where organizing code in branches, storing it in remote repositories, and collaborating with others through strategies like branching, merging, pull requests, and code reviews are standard practice.","body":"At Bondar Academy, mastering Git and GitHub is a fundamental step before delving into frameworks or programming languages. Effective code management, organization, and storage are crucial skills, and Git is the premier tool for this purpose. However, many learners initially find Git challenging due to its complexity and non-intuitive nature. To address this, our instructors have developed structured lectures on Git and GitHub, ensuring an efficient and thorough understanding of these essential tools. Git lessons are a mandatory prerequisite in every class. For a glimpse into our teaching approach, visit our YouTube channel: https://www.youtube.com/@BondarAcademy/playlists.\n\nIn our courses, all homework assignments are reviewed using GitHub pull requests, mirroring the workflow in real-world software development environments. Students submit their code to their working branch for review. Our instructors then provide feedback, suggesting modifications or adjustments for pull request approval. This iterative process is repeated throughout the course, establishing Git usage as a natural and routine part of your coding practice.","tagList":["YouTube","Git","GitHub"],"createdAt":"2024-01-27T21:42:31.491Z","updatedAt":"2024-01-27T21:42:31.491Z","favorited":false,"favoritesCount":104,"author":{"username":"Artem Bondar","bio":null,"image":"https://storage.googleapis.com/bondar-academy-visuals/Android.png","following":false}},{"slug":"Engaging-in-Live-Zoom-Sessions:-Interact-with-Instructors-and-Peers-Ask-Questions-in-Real-Time-1","title":"Engaging in Live Zoom Sessions: Interact with Instructors and Peers, Ask Questions in Real-Time","description":"In our increasingly online world, personal engagement remains a crucial element of effective learning. At Bondar Academy, we address this by hosting live Zoom sessions. These sessions provide a platform for live interaction between instructors and students, and among students themselves. Complementing our Slack channel, these live sessions offer an additional avenue for asking questions and engaging in meaningful discussions.","body":"In our increasingly online world, personal engagement remains a crucial element of effective learning. \nAt Bondar Academy, we address this by hosting live Zoom sessions. These sessions provide a platform for live interaction between instructors and students and among students themselves. Complementing our Slack channel, these live sessions offer an additional avenue for asking questions and engaging in meaningful discussions.","tagList":["Zoom","Live Sessions"],"createdAt":"2024-01-27T21:39:50.587Z","updatedAt":"2024-01-27T21:39:50.587Z","favorited":false,"favoritesCount":76,"author":{"username":"Artem Bondar","bio":null,"image":"https://storage.googleapis.com/bondar-academy-visuals/Android.png","following":false}},{"slug":"Utilizing-Slack-for-Continuous-Engagement:-Connect-with-Instructors-Share-Insights-and-Collaborate-1","title":"Utilizing Slack for Continuous Engagement: Connect with Instructors, Share Insights, and Collaborate","description":"Slack stands out as a widely-used messaging and collaboration platform, celebrated for its convenience and versatility. It enables simultaneous participation in multiple conversations, supports comments and emoji reactions, and allows users to share screenshots, videos, and code snippets. Its functionality extends to making calls in huddle sessions. Given these robust features, Bondar Academy has chosen Slack as our primary communication platform, facilitating seamless interaction and collaboration.","body":"As a new member of Bondar Academy, one of your initial steps should be registering for the Bondar Academy Slack Workspace. Upon registration at Bondar Academy, you'll receive a welcome email containing the URL to join. This Workspace serves as a central hub for communication with instructors and fellow students. Whether you have a question, need to share code, or want to upload screenshots, Slack makes it easy and efficient. Moreover, its compatibility with both desktop and mobile devices, by downloading and installing the app, ensures you can stay connected with your instructors and the community wherever you go.","tagList":["Slack","Community","Collaboration"],"createdAt":"2024-01-27T21:38:27.992Z","updatedAt":"2024-01-27T21:38:27.992Z","favorited":false,"favoritesCount":72,"author":{"username":"Artem Bondar","bio":null,"image":"https://storage.googleapis.com/bondar-academy-visuals/Android.png","following":false}},{"slug":"Stay-Ahead-with-Bondar-Academy:-Subscribe-to-Our-YouTube-channel-for-Latest-Tech-and-Education-Updates-1","title":"Stay Ahead with Bondar Academy: Subscribe to Our YouTube channel for Latest Tech and Education Updates","description":"Who doesn't appreciate high-quality free resources? YouTube serves as an ideal platform for sharing the latest news, updates, and a wealth of tips and tricks in test automation and technology. Keep abreast of these invaluable insights by subscribing to the @bondaracademy YouTube channel.","body":"Who doesn't appreciate high-quality free resources? \n\nYouTube serves as an ideal platform for sharing the latest news, updates, and a wealth of tips and tricks in test automation and technology. \n\nKeep abreast of these invaluable insights by subscribing to our YouTube channel: https://www.youtube.com/@bondaracademy","tagList":["YouTube"],"createdAt":"2024-01-27T21:36:32.360Z","updatedAt":"2024-01-27T21:36:32.360Z","favorited":false,"favoritesCount":67,"author":{"username":"Artem Bondar","bio":null,"image":"https://storage.googleapis.com/bondar-academy-visuals/Android.png","following":false}},{"slug":"Explore-the-Latest-in-Learning:-Bondar-Academy-Blog's-Educational-Insights-from-Our-Experts-1","title":"Explore the Latest in Learning: Bondar Academy Blog's Educational Insights from Our Experts","description":"Discover a treasure trove of knowledge on the Bondar Academy blog. Here, we share an array of tips, techniques, and valuable educational materials, all designed to keep you abreast of the latest technological trends and best practices. For easy access and continual learning, consider bookmarking our blog in your browser.","body":"On the Bondar Academy blog, we consistently provide insightful and pertinent updates on the latest in technology, test automation, and industry best practices. For your convenience, we recommend adding our blog to your browser's bookmarks. Our commitment to keeping you informed is reflected in our weekly posts, each focusing on a significant topic of the week.\n\nWe value your input and invite you to contribute to our ever-evolving content. If you have any suggestions or specific topics you'd like us to explore, please feel free to share your ideas in the Bondar Academy Slack workspace. \n\nDiscover our blog here: https://www.bondaracademy.com/blog\n","tagList":["Blog"],"createdAt":"2024-01-27T21:34:04.531Z","updatedAt":"2024-01-27T21:34:04.531Z","favorited":false,"favoritesCount":67,"author":{"username":"Artem Bondar","bio":null,"image":"https://storage.googleapis.com/bondar-academy-visuals/Android.png","following":false}},{"slug":"Take-the-Next-Step:-Join-Bondar-Academy-Today-and-Enroll-into-the-class-1","title":"Take the Next Step: Join Bondar Academy Today and Enroll into the class","description":"Are you prepared to transform your educational journey? Begin by signing up at Bondar Academy, then register for our Slack Workspace to start exploring. We offer a range of classes, with some being completely free and others featuring free previews of the initial sections. This allows you to experience our content and teaching approach firsthand, helping you make an informed decision before enrolling in a class.","body":"Are you prepared to transform your educational journey? \n\nBegin by signing up at Bondar Academy, then register for our Slack Workspace to start exploring. We offer a range of classes, with some being completely free and others featuring free previews of the initial sections. This allows you to experience our content and teaching approach firsthand, helping you make an informed decision before enrolling in a class.\n\nClick here to enroll: https://www.bondaracademy.com","tagList":["Enroll","Start for Free"],"createdAt":"2024-01-27T21:32:21.056Z","updatedAt":"2024-01-27T21:32:21.056Z","favorited":false,"favoritesCount":75,"author":{"username":"Artem Bondar","bio":null,"image":"https://storage.googleapis.com/bondar-academy-visuals/Android.png","following":false}}],"articlesCount":10}

19:17:39.332 [pool-2-thread-2] DEBUG com.intuit.karate - retry condition not satisfied: response.articles[0].favoritesCount == 2218
19:17:39.333 [pool-2-thread-2] DEBUG com.intuit.karate - sleeping before retry #2
19:17:44.339 [pool-2-thread-2] DEBUG com.intuit.karate - request:
3 > GET https://conduit-api.bondaracademy.com/api/articles?limit=10&offset=0
3 > Host: conduit-api.bondaracademy.com
3 > Connection: Keep-Alive
3 > User-Agent: Apache-HttpClient/4.5.14 (Java/25.0.4)
3 > Accept-Encoding: gzip,deflate


19:17:44.657 [pool-2-thread-2] DEBUG com.intuit.karate - response time in milliseconds: 316
3 < 200
3 < x-powered-by: Express
3 < vary: Origin
3 < content-type: application/json; charset=utf-8
3 < etag: W/"43a9-46vzj+oI8pt/OwQfezo2HqTiwpI"
3 < x-cloud-trace-context: 607a42ee4ec4fc104840a32a0193dafc;o=1
3 < date: Sun, 30 Aug 2026 02:17:43 GMT
3 < server: Google Frontend
3 < Content-Length: 17321
{"articles":[{"slug":"Discover-Bondar-Academy:-Your-Gateway-to-Efficient-Learning-1","title":"Discover Bondar Academy: Your Gateway to Efficient Learning","description":"Discover Bondar Academy's unique place in the educational landscape, where value-focused and efficient learning approaches converge. Our goal is to rapidly enhance your professional technical skills, boosting your market competitiveness and paving the way for higher-paying job opportunities. The speed of your progress is in your hands – you set the pace, and we provide the solutions and support to help you achieve your desired outcomes.","body":"Bondar Academy is a leading platform for efficient education, designed to boost your technical skills and advance your career in Quality Assurance (QA). Our program features a balanced mix of pre-recorded lectures and live sessions, allowing each student to study at their own pace and at a time that suits them. \n\nOur instructors are readily available on our Slack Workspace for support. Whether it's a quick question or a more complex issue requiring a Zoom call or Slack Huddle for screen sharing and live discussion, we're here to assist. Additionally, each class comes with a comprehensive question bank for self-assessment. Following each lecture, you have the opportunity to validate your understanding and readiness to progress to the next topic. You set the pace, and we provide the solutions to ensure you achieve your desired outcomes.\n\nSignUp today: https://www.bondaracademy.com","tagList":["qa career","Bondar Academy","QA Skills","Value-Focused"],"createdAt":"2024-01-27T21:52:32.682Z","updatedAt":"2024-01-27T21:52:32.682Z","favorited":false,"favoritesCount":2217,"author":{"username":"Artem Bondar","bio":null,"image":"https://storage.googleapis.com/bondar-academy-visuals/Android.png","following":false}},{"slug":"The-value-of-pre-recorded-video-classes.-The-most-efficient-approach-to-tranfer-the-knowledge-1","title":"The value of pre-recorded video classes. The most efficient approach to tranfer the knowledge","description":"As educational practices evolve, video tutorials have emerged as the most efficient method for imparting theoretical knowledge. At Bondar Academy, we prioritize expertly structured and crafted video tutorials, ensuring you learn quickly and effectively and advance your skills.","body":"At Bondar Academy, we prioritize the value of your time and the efficiency of your education, distinguishing our approach from traditional colleges and live boot camps. Forget long, tedious live lectures on a fixed schedule. With us, you learn at your convenience and pace through optimized, structured video lectures. \n\nWe understand your goal is rapid knowledge acquisition. Our pre-recorded and well-organized lectures are designed precisely for this, ensuring no slowdowns from group dynamics or unrelated instructor anecdotes. \n\nDive straight into the subject matter, learn efficiently, and if questions arise, our immediate support on the Slack Workspace is there to streamline your learning process and swiftly remove any roadblocks.","tagList":["Bondar Academy","Video Lectures","Tutorials"],"createdAt":"2024-01-27T21:50:38.825Z","updatedAt":"2024-01-27T21:50:38.825Z","favorited":false,"favoritesCount":483,"author":{"username":"Artem Bondar","bio":null,"image":"https://storage.googleapis.com/bondar-academy-visuals/Android.png","following":false}},{"slug":"Mastering-Knowledge-with-Self-Assessments:-Identifying-and-Bridging-Learning-Gaps-in-Education-1","title":"Mastering Knowledge with Self-Assessments: Identifying and Bridging Learning Gaps in Education","description":"Self-assessment is an essential tool for gauging your understanding of lecture material. It answers critical questions: Have you grasped everything correctly? Is there anything you've missed? Are you prepared for the next lesson? These assessments ensure that you build a solid foundation of knowledge, confidently and efficiently paving the way for swift progress and effective learning outcomes.","body":"Traditional educational institutions, such as colleges and universities, commonly use tests and assessments to measure knowledge. This approach is effective for gauging student performance, but it's not without drawbacks. In these settings, assessments after every lecture aren't feasible due to the time required for teachers to evaluate them. This often leads to students having a false sense of understanding, believing they've comprehended all aspects of a lecture when, in reality, small but crucial details might be missed. These 'knowledge gaps' can accumulate, making more complex topics difficult to grasp later on.\n\nAt Bondar Academy, we address this challenge by implementing self-assessments after every lecture. These are designed to cover key questions that ensure a thorough understanding of the material, essential for comfort and success in future lectures. The number of questions varies, ranging from 3-4 to 15-20, depending on the lecture's significance and the volume of critical information. With these self-assessments, students receive immediate feedback, helping them determine if they've fully understood the lecture or if they need to revisit certain parts or seek assistance from our instructors in the Slack Workspace.","tagList":["Self-Assessment","Test","Exam"],"createdAt":"2024-01-27T21:48:36.340Z","updatedAt":"2024-01-27T21:48:36.340Z","favorited":false,"favoritesCount":247,"author":{"username":"Artem Bondar","bio":null,"image":"https://storage.googleapis.com/bondar-academy-visuals/Android.png","following":false}},{"slug":"Practical-Implementation-of-Skills:-Homework-Assignments-with-Instructor-Supervision-1","title":"Practical Implementation of Skills: Homework Assignments with Instructor Supervision","description":"Knowledge or skills not reinforced through practical exercises can quickly fade, often faster than anticipated. Homework, particularly in tasks like writing your own code, is crucial for honing these skills and cementing your understanding. At Bondar Academy, we ensure this vital step by assigning homework, rigorously evaluating the outcomes, and providing valuable feedback to guide your learning journey.","body":"Homework assignments are a fundamental component of the educational methodology at Bondar Academy, especially in technical education where learning a new programming language or framework is involved. The key to mastering these skills lies in writing code; the more you write, the better you become. However, merely replicating code seen in lectures leads to minimal learning. Often, this approach leaves students unclear about why their code works the way it does, as they focus on copying rather than understanding.\n\nA homework assignment at Bondar Academy starts with a blank page, challenging students to apply all their knowledge to write the first line of code. This process is more demanding than it appears. As you write each line, understanding and reasoning grow, making your code meaningful and comprehensible. You learn to write code that makes sense to you, enhancing your understanding.\n\nIn completing these assignments, you engage the 'thinking' part of your brain, transforming theoretical knowledge into practical skills. Recognizing the crucial role of homework in learning, our instructors at Bondar Academy are always available to assist with any challenges. Just reach out on Slack, and you'll receive the guidance and support needed for successful completion. At Bondar Academy, we fully understand the importance of homework assignments for the best outcome, so our instructors are always here to assist if you have any difficulties with completing them. Just ask in Slack and you'll be guided and assisted.","tagList":["Homework","Assignments","Practice","Coding"],"createdAt":"2024-01-27T21:46:09.512Z","updatedAt":"2024-01-27T21:46:09.512Z","favorited":false,"favoritesCount":115,"author":{"username":"Artem Bondar","bio":null,"image":"https://storage.googleapis.com/bondar-academy-visuals/Android.png","following":false}},{"slug":"Embracing-Daily-Git-Routines:-Real-Code-Reviews-on-GitHub-for-Effective-Coding-Practice.-1","title":"Embracing Daily Git Routines: Real Code Reviews on GitHub for Effective Coding Practice.","description":"Learning to code is just one part of a larger skill set; effectively managing and organizing code is equally crucial. At Bondar Academy, we integrate Git and platforms like GitHub into the core learning cycle. With us, using Git becomes a regular routine, where organizing code in branches, storing it in remote repositories, and collaborating with others through strategies like branching, merging, pull requests, and code reviews are standard practice.","body":"At Bondar Academy, mastering Git and GitHub is a fundamental step before delving into frameworks or programming languages. Effective code management, organization, and storage are crucial skills, and Git is the premier tool for this purpose. However, many learners initially find Git challenging due to its complexity and non-intuitive nature. To address this, our instructors have developed structured lectures on Git and GitHub, ensuring an efficient and thorough understanding of these essential tools. Git lessons are a mandatory prerequisite in every class. For a glimpse into our teaching approach, visit our YouTube channel: https://www.youtube.com/@BondarAcademy/playlists.\n\nIn our courses, all homework assignments are reviewed using GitHub pull requests, mirroring the workflow in real-world software development environments. Students submit their code to their working branch for review. Our instructors then provide feedback, suggesting modifications or adjustments for pull request approval. This iterative process is repeated throughout the course, establishing Git usage as a natural and routine part of your coding practice.","tagList":["YouTube","Git","GitHub"],"createdAt":"2024-01-27T21:42:31.491Z","updatedAt":"2024-01-27T21:42:31.491Z","favorited":false,"favoritesCount":104,"author":{"username":"Artem Bondar","bio":null,"image":"https://storage.googleapis.com/bondar-academy-visuals/Android.png","following":false}},{"slug":"Engaging-in-Live-Zoom-Sessions:-Interact-with-Instructors-and-Peers-Ask-Questions-in-Real-Time-1","title":"Engaging in Live Zoom Sessions: Interact with Instructors and Peers, Ask Questions in Real-Time","description":"In our increasingly online world, personal engagement remains a crucial element of effective learning. At Bondar Academy, we address this by hosting live Zoom sessions. These sessions provide a platform for live interaction between instructors and students, and among students themselves. Complementing our Slack channel, these live sessions offer an additional avenue for asking questions and engaging in meaningful discussions.","body":"In our increasingly online world, personal engagement remains a crucial element of effective learning. \nAt Bondar Academy, we address this by hosting live Zoom sessions. These sessions provide a platform for live interaction between instructors and students and among students themselves. Complementing our Slack channel, these live sessions offer an additional avenue for asking questions and engaging in meaningful discussions.","tagList":["Zoom","Live Sessions"],"createdAt":"2024-01-27T21:39:50.587Z","updatedAt":"2024-01-27T21:39:50.587Z","favorited":false,"favoritesCount":76,"author":{"username":"Artem Bondar","bio":null,"image":"https://storage.googleapis.com/bondar-academy-visuals/Android.png","following":false}},{"slug":"Utilizing-Slack-for-Continuous-Engagement:-Connect-with-Instructors-Share-Insights-and-Collaborate-1","title":"Utilizing Slack for Continuous Engagement: Connect with Instructors, Share Insights, and Collaborate","description":"Slack stands out as a widely-used messaging and collaboration platform, celebrated for its convenience and versatility. It enables simultaneous participation in multiple conversations, supports comments and emoji reactions, and allows users to share screenshots, videos, and code snippets. Its functionality extends to making calls in huddle sessions. Given these robust features, Bondar Academy has chosen Slack as our primary communication platform, facilitating seamless interaction and collaboration.","body":"As a new member of Bondar Academy, one of your initial steps should be registering for the Bondar Academy Slack Workspace. Upon registration at Bondar Academy, you'll receive a welcome email containing the URL to join. This Workspace serves as a central hub for communication with instructors and fellow students. Whether you have a question, need to share code, or want to upload screenshots, Slack makes it easy and efficient. Moreover, its compatibility with both desktop and mobile devices, by downloading and installing the app, ensures you can stay connected with your instructors and the community wherever you go.","tagList":["Slack","Community","Collaboration"],"createdAt":"2024-01-27T21:38:27.992Z","updatedAt":"2024-01-27T21:38:27.992Z","favorited":false,"favoritesCount":72,"author":{"username":"Artem Bondar","bio":null,"image":"https://storage.googleapis.com/bondar-academy-visuals/Android.png","following":false}},{"slug":"Stay-Ahead-with-Bondar-Academy:-Subscribe-to-Our-YouTube-channel-for-Latest-Tech-and-Education-Updates-1","title":"Stay Ahead with Bondar Academy: Subscribe to Our YouTube channel for Latest Tech and Education Updates","description":"Who doesn't appreciate high-quality free resources? YouTube serves as an ideal platform for sharing the latest news, updates, and a wealth of tips and tricks in test automation and technology. Keep abreast of these invaluable insights by subscribing to the @bondaracademy YouTube channel.","body":"Who doesn't appreciate high-quality free resources? \n\nYouTube serves as an ideal platform for sharing the latest news, updates, and a wealth of tips and tricks in test automation and technology. \n\nKeep abreast of these invaluable insights by subscribing to our YouTube channel: https://www.youtube.com/@bondaracademy","tagList":["YouTube"],"createdAt":"2024-01-27T21:36:32.360Z","updatedAt":"2024-01-27T21:36:32.360Z","favorited":false,"favoritesCount":67,"author":{"username":"Artem Bondar","bio":null,"image":"https://storage.googleapis.com/bondar-academy-visuals/Android.png","following":false}},{"slug":"Explore-the-Latest-in-Learning:-Bondar-Academy-Blog's-Educational-Insights-from-Our-Experts-1","title":"Explore the Latest in Learning: Bondar Academy Blog's Educational Insights from Our Experts","description":"Discover a treasure trove of knowledge on the Bondar Academy blog. Here, we share an array of tips, techniques, and valuable educational materials, all designed to keep you abreast of the latest technological trends and best practices. For easy access and continual learning, consider bookmarking our blog in your browser.","body":"On the Bondar Academy blog, we consistently provide insightful and pertinent updates on the latest in technology, test automation, and industry best practices. For your convenience, we recommend adding our blog to your browser's bookmarks. Our commitment to keeping you informed is reflected in our weekly posts, each focusing on a significant topic of the week.\n\nWe value your input and invite you to contribute to our ever-evolving content. If you have any suggestions or specific topics you'd like us to explore, please feel free to share your ideas in the Bondar Academy Slack workspace. \n\nDiscover our blog here: https://www.bondaracademy.com/blog\n","tagList":["Blog"],"createdAt":"2024-01-27T21:34:04.531Z","updatedAt":"2024-01-27T21:34:04.531Z","favorited":false,"favoritesCount":67,"author":{"username":"Artem Bondar","bio":null,"image":"https://storage.googleapis.com/bondar-academy-visuals/Android.png","following":false}},{"slug":"Take-the-Next-Step:-Join-Bondar-Academy-Today-and-Enroll-into-the-class-1","title":"Take the Next Step: Join Bondar Academy Today and Enroll into the class","description":"Are you prepared to transform your educational journey? Begin by signing up at Bondar Academy, then register for our Slack Workspace to start exploring. We offer a range of classes, with some being completely free and others featuring free previews of the initial sections. This allows you to experience our content and teaching approach firsthand, helping you make an informed decision before enrolling in a class.","body":"Are you prepared to transform your educational journey? \n\nBegin by signing up at Bondar Academy, then register for our Slack Workspace to start exploring. We offer a range of classes, with some being completely free and others featuring free previews of the initial sections. This allows you to experience our content and teaching approach firsthand, helping you make an informed decision before enrolling in a class.\n\nClick here to enroll: https://www.bondaracademy.com","tagList":["Enroll","Start for Free"],"createdAt":"2024-01-27T21:32:21.056Z","updatedAt":"2024-01-27T21:32:21.056Z","favorited":false,"favoritesCount":75,"author":{"username":"Artem Bondar","bio":null,"image":"https://storage.googleapis.com/bondar-academy-visuals/Android.png","following":false}}],"articlesCount":10}

19:17:44.663 [pool-2-thread-2] DEBUG com.intuit.karate - retry condition not satisfied: response.articles[0].favoritesCount == 2218
19:17:44.663 [pool-2-thread-2] DEBUG com.intuit.karate - sleeping before retry #3
19:17:49.667 [pool-2-thread-2] DEBUG com.intuit.karate - request:
4 > GET https://conduit-api.bondaracademy.com/api/articles?limit=10&offset=0
4 > Host: conduit-api.bondaracademy.com
4 > Connection: Keep-Alive
4 > User-Agent: Apache-HttpClient/4.5.14 (Java/25.0.4)
4 > Accept-Encoding: gzip,deflate


19:17:49.954 [pool-2-thread-2] DEBUG com.intuit.karate - response time in milliseconds: 286
4 < 200
4 < x-powered-by: Express
4 < vary: Origin
4 < content-type: application/json; charset=utf-8
4 < etag: W/"43a9-46vzj+oI8pt/OwQfezo2HqTiwpI"
4 < x-cloud-trace-context: 28146f00a5c12819ff4cf144dfc4bd21
4 < date: Sun, 30 Aug 2026 02:17:49 GMT
4 < server: Google Frontend
4 < Content-Length: 17321
{"articles":[{"slug":"Discover-Bondar-Academy:-Your-Gateway-to-Efficient-Learning-1","title":"Discover Bondar Academy: Your Gateway to Efficient Learning","description":"Discover Bondar Academy's unique place in the educational landscape, where value-focused and efficient learning approaches converge. Our goal is to rapidly enhance your professional technical skills, boosting your market competitiveness and paving the way for higher-paying job opportunities. The speed of your progress is in your hands – you set the pace, and we provide the solutions and support to help you achieve your desired outcomes.","body":"Bondar Academy is a leading platform for efficient education, designed to boost your technical skills and advance your career in Quality Assurance (QA). Our program features a balanced mix of pre-recorded lectures and live sessions, allowing each student to study at their own pace and at a time that suits them. \n\nOur instructors are readily available on our Slack Workspace for support. Whether it's a quick question or a more complex issue requiring a Zoom call or Slack Huddle for screen sharing and live discussion, we're here to assist. Additionally, each class comes with a comprehensive question bank for self-assessment. Following each lecture, you have the opportunity to validate your understanding and readiness to progress to the next topic. You set the pace, and we provide the solutions to ensure you achieve your desired outcomes.\n\nSignUp today: https://www.bondaracademy.com","tagList":["qa career","Bondar Academy","QA Skills","Value-Focused"],"createdAt":"2024-01-27T21:52:32.682Z","updatedAt":"2024-01-27T21:52:32.682Z","favorited":false,"favoritesCount":2217,"author":{"username":"Artem Bondar","bio":null,"image":"https://storage.googleapis.com/bondar-academy-visuals/Android.png","following":false}},{"slug":"The-value-of-pre-recorded-video-classes.-The-most-efficient-approach-to-tranfer-the-knowledge-1","title":"The value of pre-recorded video classes. The most efficient approach to tranfer the knowledge","description":"As educational practices evolve, video tutorials have emerged as the most efficient method for imparting theoretical knowledge. At Bondar Academy, we prioritize expertly structured and crafted video tutorials, ensuring you learn quickly and effectively and advance your skills.","body":"At Bondar Academy, we prioritize the value of your time and the efficiency of your education, distinguishing our approach from traditional colleges and live boot camps. Forget long, tedious live lectures on a fixed schedule. With us, you learn at your convenience and pace through optimized, structured video lectures. \n\nWe understand your goal is rapid knowledge acquisition. Our pre-recorded and well-organized lectures are designed precisely for this, ensuring no slowdowns from group dynamics or unrelated instructor anecdotes. \n\nDive straight into the subject matter, learn efficiently, and if questions arise, our immediate support on the Slack Workspace is there to streamline your learning process and swiftly remove any roadblocks.","tagList":["Bondar Academy","Video Lectures","Tutorials"],"createdAt":"2024-01-27T21:50:38.825Z","updatedAt":"2024-01-27T21:50:38.825Z","favorited":false,"favoritesCount":483,"author":{"username":"Artem Bondar","bio":null,"image":"https://storage.googleapis.com/bondar-academy-visuals/Android.png","following":false}},{"slug":"Mastering-Knowledge-with-Self-Assessments:-Identifying-and-Bridging-Learning-Gaps-in-Education-1","title":"Mastering Knowledge with Self-Assessments: Identifying and Bridging Learning Gaps in Education","description":"Self-assessment is an essential tool for gauging your understanding of lecture material. It answers critical questions: Have you grasped everything correctly? Is there anything you've missed? Are you prepared for the next lesson? These assessments ensure that you build a solid foundation of knowledge, confidently and efficiently paving the way for swift progress and effective learning outcomes.","body":"Traditional educational institutions, such as colleges and universities, commonly use tests and assessments to measure knowledge. This approach is effective for gauging student performance, but it's not without drawbacks. In these settings, assessments after every lecture aren't feasible due to the time required for teachers to evaluate them. This often leads to students having a false sense of understanding, believing they've comprehended all aspects of a lecture when, in reality, small but crucial details might be missed. These 'knowledge gaps' can accumulate, making more complex topics difficult to grasp later on.\n\nAt Bondar Academy, we address this challenge by implementing self-assessments after every lecture. These are designed to cover key questions that ensure a thorough understanding of the material, essential for comfort and success in future lectures. The number of questions varies, ranging from 3-4 to 15-20, depending on the lecture's significance and the volume of critical information. With these self-assessments, students receive immediate feedback, helping them determine if they've fully understood the lecture or if they need to revisit certain parts or seek assistance from our instructors in the Slack Workspace.","tagList":["Self-Assessment","Test","Exam"],"createdAt":"2024-01-27T21:48:36.340Z","updatedAt":"2024-01-27T21:48:36.340Z","favorited":false,"favoritesCount":247,"author":{"username":"Artem Bondar","bio":null,"image":"https://storage.googleapis.com/bondar-academy-visuals/Android.png","following":false}},{"slug":"Practical-Implementation-of-Skills:-Homework-Assignments-with-Instructor-Supervision-1","title":"Practical Implementation of Skills: Homework Assignments with Instructor Supervision","description":"Knowledge or skills not reinforced through practical exercises can quickly fade, often faster than anticipated. Homework, particularly in tasks like writing your own code, is crucial for honing these skills and cementing your understanding. At Bondar Academy, we ensure this vital step by assigning homework, rigorously evaluating the outcomes, and providing valuable feedback to guide your learning journey.","body":"Homework assignments are a fundamental component of the educational methodology at Bondar Academy, especially in technical education where learning a new programming language or framework is involved. The key to mastering these skills lies in writing code; the more you write, the better you become. However, merely replicating code seen in lectures leads to minimal learning. Often, this approach leaves students unclear about why their code works the way it does, as they focus on copying rather than understanding.\n\nA homework assignment at Bondar Academy starts with a blank page, challenging students to apply all their knowledge to write the first line of code. This process is more demanding than it appears. As you write each line, understanding and reasoning grow, making your code meaningful and comprehensible. You learn to write code that makes sense to you, enhancing your understanding.\n\nIn completing these assignments, you engage the 'thinking' part of your brain, transforming theoretical knowledge into practical skills. Recognizing the crucial role of homework in learning, our instructors at Bondar Academy are always available to assist with any challenges. Just reach out on Slack, and you'll receive the guidance and support needed for successful completion. At Bondar Academy, we fully understand the importance of homework assignments for the best outcome, so our instructors are always here to assist if you have any difficulties with completing them. Just ask in Slack and you'll be guided and assisted.","tagList":["Homework","Assignments","Practice","Coding"],"createdAt":"2024-01-27T21:46:09.512Z","updatedAt":"2024-01-27T21:46:09.512Z","favorited":false,"favoritesCount":115,"author":{"username":"Artem Bondar","bio":null,"image":"https://storage.googleapis.com/bondar-academy-visuals/Android.png","following":false}},{"slug":"Embracing-Daily-Git-Routines:-Real-Code-Reviews-on-GitHub-for-Effective-Coding-Practice.-1","title":"Embracing Daily Git Routines: Real Code Reviews on GitHub for Effective Coding Practice.","description":"Learning to code is just one part of a larger skill set; effectively managing and organizing code is equally crucial. At Bondar Academy, we integrate Git and platforms like GitHub into the core learning cycle. With us, using Git becomes a regular routine, where organizing code in branches, storing it in remote repositories, and collaborating with others through strategies like branching, merging, pull requests, and code reviews are standard practice.","body":"At Bondar Academy, mastering Git and GitHub is a fundamental step before delving into frameworks or programming languages. Effective code management, organization, and storage are crucial skills, and Git is the premier tool for this purpose. However, many learners initially find Git challenging due to its complexity and non-intuitive nature. To address this, our instructors have developed structured lectures on Git and GitHub, ensuring an efficient and thorough understanding of these essential tools. Git lessons are a mandatory prerequisite in every class. For a glimpse into our teaching approach, visit our YouTube channel: https://www.youtube.com/@BondarAcademy/playlists.\n\nIn our courses, all homework assignments are reviewed using GitHub pull requests, mirroring the workflow in real-world software development environments. Students submit their code to their working branch for review. Our instructors then provide feedback, suggesting modifications or adjustments for pull request approval. This iterative process is repeated throughout the course, establishing Git usage as a natural and routine part of your coding practice.","tagList":["YouTube","Git","GitHub"],"createdAt":"2024-01-27T21:42:31.491Z","updatedAt":"2024-01-27T21:42:31.491Z","favorited":false,"favoritesCount":104,"author":{"username":"Artem Bondar","bio":null,"image":"https://storage.googleapis.com/bondar-academy-visuals/Android.png","following":false}},{"slug":"Engaging-in-Live-Zoom-Sessions:-Interact-with-Instructors-and-Peers-Ask-Questions-in-Real-Time-1","title":"Engaging in Live Zoom Sessions: Interact with Instructors and Peers, Ask Questions in Real-Time","description":"In our increasingly online world, personal engagement remains a crucial element of effective learning. At Bondar Academy, we address this by hosting live Zoom sessions. These sessions provide a platform for live interaction between instructors and students, and among students themselves. Complementing our Slack channel, these live sessions offer an additional avenue for asking questions and engaging in meaningful discussions.","body":"In our increasingly online world, personal engagement remains a crucial element of effective learning. \nAt Bondar Academy, we address this by hosting live Zoom sessions. These sessions provide a platform for live interaction between instructors and students and among students themselves. Complementing our Slack channel, these live sessions offer an additional avenue for asking questions and engaging in meaningful discussions.","tagList":["Zoom","Live Sessions"],"createdAt":"2024-01-27T21:39:50.587Z","updatedAt":"2024-01-27T21:39:50.587Z","favorited":false,"favoritesCount":76,"author":{"username":"Artem Bondar","bio":null,"image":"https://storage.googleapis.com/bondar-academy-visuals/Android.png","following":false}},{"slug":"Utilizing-Slack-for-Continuous-Engagement:-Connect-with-Instructors-Share-Insights-and-Collaborate-1","title":"Utilizing Slack for Continuous Engagement: Connect with Instructors, Share Insights, and Collaborate","description":"Slack stands out as a widely-used messaging and collaboration platform, celebrated for its convenience and versatility. It enables simultaneous participation in multiple conversations, supports comments and emoji reactions, and allows users to share screenshots, videos, and code snippets. Its functionality extends to making calls in huddle sessions. Given these robust features, Bondar Academy has chosen Slack as our primary communication platform, facilitating seamless interaction and collaboration.","body":"As a new member of Bondar Academy, one of your initial steps should be registering for the Bondar Academy Slack Workspace. Upon registration at Bondar Academy, you'll receive a welcome email containing the URL to join. This Workspace serves as a central hub for communication with instructors and fellow students. Whether you have a question, need to share code, or want to upload screenshots, Slack makes it easy and efficient. Moreover, its compatibility with both desktop and mobile devices, by downloading and installing the app, ensures you can stay connected with your instructors and the community wherever you go.","tagList":["Slack","Community","Collaboration"],"createdAt":"2024-01-27T21:38:27.992Z","updatedAt":"2024-01-27T21:38:27.992Z","favorited":false,"favoritesCount":72,"author":{"username":"Artem Bondar","bio":null,"image":"https://storage.googleapis.com/bondar-academy-visuals/Android.png","following":false}},{"slug":"Stay-Ahead-with-Bondar-Academy:-Subscribe-to-Our-YouTube-channel-for-Latest-Tech-and-Education-Updates-1","title":"Stay Ahead with Bondar Academy: Subscribe to Our YouTube channel for Latest Tech and Education Updates","description":"Who doesn't appreciate high-quality free resources? YouTube serves as an ideal platform for sharing the latest news, updates, and a wealth of tips and tricks in test automation and technology. Keep abreast of these invaluable insights by subscribing to the @bondaracademy YouTube channel.","body":"Who doesn't appreciate high-quality free resources? \n\nYouTube serves as an ideal platform for sharing the latest news, updates, and a wealth of tips and tricks in test automation and technology. \n\nKeep abreast of these invaluable insights by subscribing to our YouTube channel: https://www.youtube.com/@bondaracademy","tagList":["YouTube"],"createdAt":"2024-01-27T21:36:32.360Z","updatedAt":"2024-01-27T21:36:32.360Z","favorited":false,"favoritesCount":67,"author":{"username":"Artem Bondar","bio":null,"image":"https://storage.googleapis.com/bondar-academy-visuals/Android.png","following":false}},{"slug":"Explore-the-Latest-in-Learning:-Bondar-Academy-Blog's-Educational-Insights-from-Our-Experts-1","title":"Explore the Latest in Learning: Bondar Academy Blog's Educational Insights from Our Experts","description":"Discover a treasure trove of knowledge on the Bondar Academy blog. Here, we share an array of tips, techniques, and valuable educational materials, all designed to keep you abreast of the latest technological trends and best practices. For easy access and continual learning, consider bookmarking our blog in your browser.","body":"On the Bondar Academy blog, we consistently provide insightful and pertinent updates on the latest in technology, test automation, and industry best practices. For your convenience, we recommend adding our blog to your browser's bookmarks. Our commitment to keeping you informed is reflected in our weekly posts, each focusing on a significant topic of the week.\n\nWe value your input and invite you to contribute to our ever-evolving content. If you have any suggestions or specific topics you'd like us to explore, please feel free to share your ideas in the Bondar Academy Slack workspace. \n\nDiscover our blog here: https://www.bondaracademy.com/blog\n","tagList":["Blog"],"createdAt":"2024-01-27T21:34:04.531Z","updatedAt":"2024-01-27T21:34:04.531Z","favorited":false,"favoritesCount":67,"author":{"username":"Artem Bondar","bio":null,"image":"https://storage.googleapis.com/bondar-academy-visuals/Android.png","following":false}},{"slug":"Take-the-Next-Step:-Join-Bondar-Academy-Today-and-Enroll-into-the-class-1","title":"Take the Next Step: Join Bondar Academy Today and Enroll into the class","description":"Are you prepared to transform your educational journey? Begin by signing up at Bondar Academy, then register for our Slack Workspace to start exploring. We offer a range of classes, with some being completely free and others featuring free previews of the initial sections. This allows you to experience our content and teaching approach firsthand, helping you make an informed decision before enrolling in a class.","body":"Are you prepared to transform your educational journey? \n\nBegin by signing up at Bondar Academy, then register for our Slack Workspace to start exploring. We offer a range of classes, with some being completely free and others featuring free previews of the initial sections. This allows you to experience our content and teaching approach firsthand, helping you make an informed decision before enrolling in a class.\n\nClick here to enroll: https://www.bondaracademy.com","tagList":["Enroll","Start for Free"],"createdAt":"2024-01-27T21:32:21.056Z","updatedAt":"2024-01-27T21:32:21.056Z","favorited":false,"favoritesCount":75,"author":{"username":"Artem Bondar","bio":null,"image":"https://storage.googleapis.com/bondar-academy-visuals/Android.png","following":false}}],"articlesCount":10}

19:17:49.961 [pool-2-thread-2] DEBUG com.intuit.karate - retry condition not satisfied: response.articles[0].favoritesCount == 2218
19:17:49.961 [pool-2-thread-2] DEBUG com.intuit.karate - sleeping before retry #4
19:17:54.967 [pool-2-thread-2] DEBUG com.intuit.karate - request:
5 > GET https://conduit-api.bondaracademy.com/api/articles?limit=10&offset=0
5 > Host: conduit-api.bondaracademy.com
5 > Connection: Keep-Alive
5 > User-Agent: Apache-HttpClient/4.5.14 (Java/25.0.4)
5 > Accept-Encoding: gzip,deflate


19:17:55.268 [pool-2-thread-2] DEBUG com.intuit.karate - response time in milliseconds: 298
5 < 200
5 < x-powered-by: Express
5 < vary: Origin
5 < content-type: application/json; charset=utf-8
5 < etag: W/"43a9-46vzj+oI8pt/OwQfezo2HqTiwpI"
5 < x-cloud-trace-context: 52b942dcc25679be9ac22b5bb57792c2;o=1
5 < date: Sun, 30 Aug 2026 02:17:54 GMT
5 < server: Google Frontend
5 < Content-Length: 17321
{"articles":[{"slug":"Discover-Bondar-Academy:-Your-Gateway-to-Efficient-Learning-1","title":"Discover Bondar Academy: Your Gateway to Efficient Learning","description":"Discover Bondar Academy's unique place in the educational landscape, where value-focused and efficient learning approaches converge. Our goal is to rapidly enhance your professional technical skills, boosting your market competitiveness and paving the way for higher-paying job opportunities. The speed of your progress is in your hands – you set the pace, and we provide the solutions and support to help you achieve your desired outcomes.","body":"Bondar Academy is a leading platform for efficient education, designed to boost your technical skills and advance your career in Quality Assurance (QA). Our program features a balanced mix of pre-recorded lectures and live sessions, allowing each student to study at their own pace and at a time that suits them. \n\nOur instructors are readily available on our Slack Workspace for support. Whether it's a quick question or a more complex issue requiring a Zoom call or Slack Huddle for screen sharing and live discussion, we're here to assist. Additionally, each class comes with a comprehensive question bank for self-assessment. Following each lecture, you have the opportunity to validate your understanding and readiness to progress to the next topic. You set the pace, and we provide the solutions to ensure you achieve your desired outcomes.\n\nSignUp today: https://www.bondaracademy.com","tagList":["qa career","Bondar Academy","QA Skills","Value-Focused"],"createdAt":"2024-01-27T21:52:32.682Z","updatedAt":"2024-01-27T21:52:32.682Z","favorited":false,"favoritesCount":2217,"author":{"username":"Artem Bondar","bio":null,"image":"https://storage.googleapis.com/bondar-academy-visuals/Android.png","following":false}},{"slug":"The-value-of-pre-recorded-video-classes.-The-most-efficient-approach-to-tranfer-the-knowledge-1","title":"The value of pre-recorded video classes. The most efficient approach to tranfer the knowledge","description":"As educational practices evolve, video tutorials have emerged as the most efficient method for imparting theoretical knowledge. At Bondar Academy, we prioritize expertly structured and crafted video tutorials, ensuring you learn quickly and effectively and advance your skills.","body":"At Bondar Academy, we prioritize the value of your time and the efficiency of your education, distinguishing our approach from traditional colleges and live boot camps. Forget long, tedious live lectures on a fixed schedule. With us, you learn at your convenience and pace through optimized, structured video lectures. \n\nWe understand your goal is rapid knowledge acquisition. Our pre-recorded and well-organized lectures are designed precisely for this, ensuring no slowdowns from group dynamics or unrelated instructor anecdotes. \n\nDive straight into the subject matter, learn efficiently, and if questions arise, our immediate support on the Slack Workspace is there to streamline your learning process and swiftly remove any roadblocks.","tagList":["Bondar Academy","Video Lectures","Tutorials"],"createdAt":"2024-01-27T21:50:38.825Z","updatedAt":"2024-01-27T21:50:38.825Z","favorited":false,"favoritesCount":483,"author":{"username":"Artem Bondar","bio":null,"image":"https://storage.googleapis.com/bondar-academy-visuals/Android.png","following":false}},{"slug":"Mastering-Knowledge-with-Self-Assessments:-Identifying-and-Bridging-Learning-Gaps-in-Education-1","title":"Mastering Knowledge with Self-Assessments: Identifying and Bridging Learning Gaps in Education","description":"Self-assessment is an essential tool for gauging your understanding of lecture material. It answers critical questions: Have you grasped everything correctly? Is there anything you've missed? Are you prepared for the next lesson? These assessments ensure that you build a solid foundation of knowledge, confidently and efficiently paving the way for swift progress and effective learning outcomes.","body":"Traditional educational institutions, such as colleges and universities, commonly use tests and assessments to measure knowledge. This approach is effective for gauging student performance, but it's not without drawbacks. In these settings, assessments after every lecture aren't feasible due to the time required for teachers to evaluate them. This often leads to students having a false sense of understanding, believing they've comprehended all aspects of a lecture when, in reality, small but crucial details might be missed. These 'knowledge gaps' can accumulate, making more complex topics difficult to grasp later on.\n\nAt Bondar Academy, we address this challenge by implementing self-assessments after every lecture. These are designed to cover key questions that ensure a thorough understanding of the material, essential for comfort and success in future lectures. The number of questions varies, ranging from 3-4 to 15-20, depending on the lecture's significance and the volume of critical information. With these self-assessments, students receive immediate feedback, helping them determine if they've fully understood the lecture or if they need to revisit certain parts or seek assistance from our instructors in the Slack Workspace.","tagList":["Self-Assessment","Test","Exam"],"createdAt":"2024-01-27T21:48:36.340Z","updatedAt":"2024-01-27T21:48:36.340Z","favorited":false,"favoritesCount":247,"author":{"username":"Artem Bondar","bio":null,"image":"https://storage.googleapis.com/bondar-academy-visuals/Android.png","following":false}},{"slug":"Practical-Implementation-of-Skills:-Homework-Assignments-with-Instructor-Supervision-1","title":"Practical Implementation of Skills: Homework Assignments with Instructor Supervision","description":"Knowledge or skills not reinforced through practical exercises can quickly fade, often faster than anticipated. Homework, particularly in tasks like writing your own code, is crucial for honing these skills and cementing your understanding. At Bondar Academy, we ensure this vital step by assigning homework, rigorously evaluating the outcomes, and providing valuable feedback to guide your learning journey.","body":"Homework assignments are a fundamental component of the educational methodology at Bondar Academy, especially in technical education where learning a new programming language or framework is involved. The key to mastering these skills lies in writing code; the more you write, the better you become. However, merely replicating code seen in lectures leads to minimal learning. Often, this approach leaves students unclear about why their code works the way it does, as they focus on copying rather than understanding.\n\nA homework assignment at Bondar Academy starts with a blank page, challenging students to apply all their knowledge to write the first line of code. This process is more demanding than it appears. As you write each line, understanding and reasoning grow, making your code meaningful and comprehensible. You learn to write code that makes sense to you, enhancing your understanding.\n\nIn completing these assignments, you engage the 'thinking' part of your brain, transforming theoretical knowledge into practical skills. Recognizing the crucial role of homework in learning, our instructors at Bondar Academy are always available to assist with any challenges. Just reach out on Slack, and you'll receive the guidance and support needed for successful completion. At Bondar Academy, we fully understand the importance of homework assignments for the best outcome, so our instructors are always here to assist if you have any difficulties with completing them. Just ask in Slack and you'll be guided and assisted.","tagList":["Homework","Assignments","Practice","Coding"],"createdAt":"2024-01-27T21:46:09.512Z","updatedAt":"2024-01-27T21:46:09.512Z","favorited":false,"favoritesCount":115,"author":{"username":"Artem Bondar","bio":null,"image":"https://storage.googleapis.com/bondar-academy-visuals/Android.png","following":false}},{"slug":"Embracing-Daily-Git-Routines:-Real-Code-Reviews-on-GitHub-for-Effective-Coding-Practice.-1","title":"Embracing Daily Git Routines: Real Code Reviews on GitHub for Effective Coding Practice.","description":"Learning to code is just one part of a larger skill set; effectively managing and organizing code is equally crucial. At Bondar Academy, we integrate Git and platforms like GitHub into the core learning cycle. With us, using Git becomes a regular routine, where organizing code in branches, storing it in remote repositories, and collaborating with others through strategies like branching, merging, pull requests, and code reviews are standard practice.","body":"At Bondar Academy, mastering Git and GitHub is a fundamental step before delving into frameworks or programming languages. Effective code management, organization, and storage are crucial skills, and Git is the premier tool for this purpose. However, many learners initially find Git challenging due to its complexity and non-intuitive nature. To address this, our instructors have developed structured lectures on Git and GitHub, ensuring an efficient and thorough understanding of these essential tools. Git lessons are a mandatory prerequisite in every class. For a glimpse into our teaching approach, visit our YouTube channel: https://www.youtube.com/@BondarAcademy/playlists.\n\nIn our courses, all homework assignments are reviewed using GitHub pull requests, mirroring the workflow in real-world software development environments. Students submit their code to their working branch for review. Our instructors then provide feedback, suggesting modifications or adjustments for pull request approval. This iterative process is repeated throughout the course, establishing Git usage as a natural and routine part of your coding practice.","tagList":["YouTube","Git","GitHub"],"createdAt":"2024-01-27T21:42:31.491Z","updatedAt":"2024-01-27T21:42:31.491Z","favorited":false,"favoritesCount":104,"author":{"username":"Artem Bondar","bio":null,"image":"https://storage.googleapis.com/bondar-academy-visuals/Android.png","following":false}},{"slug":"Engaging-in-Live-Zoom-Sessions:-Interact-with-Instructors-and-Peers-Ask-Questions-in-Real-Time-1","title":"Engaging in Live Zoom Sessions: Interact with Instructors and Peers, Ask Questions in Real-Time","description":"In our increasingly online world, personal engagement remains a crucial element of effective learning. At Bondar Academy, we address this by hosting live Zoom sessions. These sessions provide a platform for live interaction between instructors and students, and among students themselves. Complementing our Slack channel, these live sessions offer an additional avenue for asking questions and engaging in meaningful discussions.","body":"In our increasingly online world, personal engagement remains a crucial element of effective learning. \nAt Bondar Academy, we address this by hosting live Zoom sessions. These sessions provide a platform for live interaction between instructors and students and among students themselves. Complementing our Slack channel, these live sessions offer an additional avenue for asking questions and engaging in meaningful discussions.","tagList":["Zoom","Live Sessions"],"createdAt":"2024-01-27T21:39:50.587Z","updatedAt":"2024-01-27T21:39:50.587Z","favorited":false,"favoritesCount":76,"author":{"username":"Artem Bondar","bio":null,"image":"https://storage.googleapis.com/bondar-academy-visuals/Android.png","following":false}},{"slug":"Utilizing-Slack-for-Continuous-Engagement:-Connect-with-Instructors-Share-Insights-and-Collaborate-1","title":"Utilizing Slack for Continuous Engagement: Connect with Instructors, Share Insights, and Collaborate","description":"Slack stands out as a widely-used messaging and collaboration platform, celebrated for its convenience and versatility. It enables simultaneous participation in multiple conversations, supports comments and emoji reactions, and allows users to share screenshots, videos, and code snippets. Its functionality extends to making calls in huddle sessions. Given these robust features, Bondar Academy has chosen Slack as our primary communication platform, facilitating seamless interaction and collaboration.","body":"As a new member of Bondar Academy, one of your initial steps should be registering for the Bondar Academy Slack Workspace. Upon registration at Bondar Academy, you'll receive a welcome email containing the URL to join. This Workspace serves as a central hub for communication with instructors and fellow students. Whether you have a question, need to share code, or want to upload screenshots, Slack makes it easy and efficient. Moreover, its compatibility with both desktop and mobile devices, by downloading and installing the app, ensures you can stay connected with your instructors and the community wherever you go.","tagList":["Slack","Community","Collaboration"],"createdAt":"2024-01-27T21:38:27.992Z","updatedAt":"2024-01-27T21:38:27.992Z","favorited":false,"favoritesCount":72,"author":{"username":"Artem Bondar","bio":null,"image":"https://storage.googleapis.com/bondar-academy-visuals/Android.png","following":false}},{"slug":"Stay-Ahead-with-Bondar-Academy:-Subscribe-to-Our-YouTube-channel-for-Latest-Tech-and-Education-Updates-1","title":"Stay Ahead with Bondar Academy: Subscribe to Our YouTube channel for Latest Tech and Education Updates","description":"Who doesn't appreciate high-quality free resources? YouTube serves as an ideal platform for sharing the latest news, updates, and a wealth of tips and tricks in test automation and technology. Keep abreast of these invaluable insights by subscribing to the @bondaracademy YouTube channel.","body":"Who doesn't appreciate high-quality free resources? \n\nYouTube serves as an ideal platform for sharing the latest news, updates, and a wealth of tips and tricks in test automation and technology. \n\nKeep abreast of these invaluable insights by subscribing to our YouTube channel: https://www.youtube.com/@bondaracademy","tagList":["YouTube"],"createdAt":"2024-01-27T21:36:32.360Z","updatedAt":"2024-01-27T21:36:32.360Z","favorited":false,"favoritesCount":67,"author":{"username":"Artem Bondar","bio":null,"image":"https://storage.googleapis.com/bondar-academy-visuals/Android.png","following":false}},{"slug":"Explore-the-Latest-in-Learning:-Bondar-Academy-Blog's-Educational-Insights-from-Our-Experts-1","title":"Explore the Latest in Learning: Bondar Academy Blog's Educational Insights from Our Experts","description":"Discover a treasure trove of knowledge on the Bondar Academy blog. Here, we share an array of tips, techniques, and valuable educational materials, all designed to keep you abreast of the latest technological trends and best practices. For easy access and continual learning, consider bookmarking our blog in your browser.","body":"On the Bondar Academy blog, we consistently provide insightful and pertinent updates on the latest in technology, test automation, and industry best practices. For your convenience, we recommend adding our blog to your browser's bookmarks. Our commitment to keeping you informed is reflected in our weekly posts, each focusing on a significant topic of the week.\n\nWe value your input and invite you to contribute to our ever-evolving content. If you have any suggestions or specific topics you'd like us to explore, please feel free to share your ideas in the Bondar Academy Slack workspace. \n\nDiscover our blog here: https://www.bondaracademy.com/blog\n","tagList":["Blog"],"createdAt":"2024-01-27T21:34:04.531Z","updatedAt":"2024-01-27T21:34:04.531Z","favorited":false,"favoritesCount":67,"author":{"username":"Artem Bondar","bio":null,"image":"https://storage.googleapis.com/bondar-academy-visuals/Android.png","following":false}},{"slug":"Take-the-Next-Step:-Join-Bondar-Academy-Today-and-Enroll-into-the-class-1","title":"Take the Next Step: Join Bondar Academy Today and Enroll into the class","description":"Are you prepared to transform your educational journey? Begin by signing up at Bondar Academy, then register for our Slack Workspace to start exploring. We offer a range of classes, with some being completely free and others featuring free previews of the initial sections. This allows you to experience our content and teaching approach firsthand, helping you make an informed decision before enrolling in a class.","body":"Are you prepared to transform your educational journey? \n\nBegin by signing up at Bondar Academy, then register for our Slack Workspace to start exploring. We offer a range of classes, with some being completely free and others featuring free previews of the initial sections. This allows you to experience our content and teaching approach firsthand, helping you make an informed decision before enrolling in a class.\n\nClick here to enroll: https://www.bondaracademy.com","tagList":["Enroll","Start for Free"],"createdAt":"2024-01-27T21:32:21.056Z","updatedAt":"2024-01-27T21:32:21.056Z","favorited":false,"favoritesCount":75,"author":{"username":"Artem Bondar","bio":null,"image":"https://storage.googleapis.com/bondar-academy-visuals/Android.png","following":false}}],"articlesCount":10}

19:17:55.278 [pool-2-thread-2] DEBUG com.intuit.karate - retry condition not satisfied: response.articles[0].favoritesCount == 2218
19:17:55.283 [pool-2-thread-2] ERROR com.intuit.karate - classpath:examples/features/ArticleList.feature:64
When method Get
too many retry attempts: 5
classpath:examples/features/ArticleList.feature:64
19:17:56.026 [pool-3-thread-1] INFO  com.intuit.karate.Suite - <<fail>> feature 1 of 3 (2 remaining) classpath:examples/features/ArticleList.feature
19:41:16.142 [main] INFO  com.intuit.karate.Runner - using system property 'karate.options': --tags @signup
19:41:17.413 [main] DEBUG com.intuit.karate.Suite - [config] classpath:karate-config.js
19:41:17.418 [main] INFO  com.intuit.karate.Suite - backed up existing 'target\karate-reports' dir to: target\karate-reports_1788057677416
19:41:17.424 [main] DEBUG com.intuit.karate.Suite - waiting for 3 features to complete
19:41:18.884 [pool-2-thread-1] INFO  com.intuit.karate - karate.env system property was: null 
19:41:18.932 [pool-2-thread-1] ERROR com.intuit.karate - classpath:examples/features/Signup.feature:6
* def dataGenerator = java.type('classpath:helpers.DataGenerator.java')
js failed:
>>>>
01: java.type('classpath:helpers.DataGenerator.java')
<<<<
org.graalvm.polyglot.PolyglotException: TypeError: (intermediate value).type is not a function
- <js>.:program(Unnamed:1)

classpath:examples/features/Signup.feature:6
19:41:19.570 [pool-3-thread-1] INFO  com.intuit.karate.Suite - <<fail>> feature 3 of 3 (0 remaining) classpath:examples/features/Signup.feature
19:42:00.326 [main] INFO  com.intuit.karate.Runner - using system property 'karate.options': --tags @signup
19:42:01.201 [main] DEBUG com.intuit.karate.Suite - [config] classpath:karate-config.js
19:42:01.205 [main] INFO  com.intuit.karate.Suite - backed up existing 'target\karate-reports' dir to: target\karate-reports_1788057721202
19:42:01.210 [main] DEBUG com.intuit.karate.Suite - waiting for 3 features to complete
19:42:02.367 [pool-2-thread-1] INFO  com.intuit.karate - karate.env system property was: null 
19:42:02.431 [pool-2-thread-1] ERROR com.intuit.karate - classpath:examples/features/Signup.feature:6
* def dataGenerator = Java.type('classpath:helpers.DataGenerator.java')
js failed:
>>>>
01: Java.type('classpath:helpers.DataGenerator.java')
<<<<
org.graalvm.polyglot.PolyglotException: TypeError: Access to host class classpath:helpers.DataGenerator.java is not allowed or does not exist.
- <js>.:program(Unnamed:1)

classpath:examples/features/Signup.feature:6
19:42:03.160 [pool-3-thread-1] INFO  com.intuit.karate.Suite - <<fail>> feature 3 of 3 (0 remaining) classpath:examples/features/Signup.feature
19:42:46.370 [main] INFO  com.intuit.karate.Runner - using system property 'karate.options': --tags @signup
19:42:47.298 [main] DEBUG com.intuit.karate.Suite - [config] classpath:karate-config.js
19:42:47.303 [main] INFO  com.intuit.karate.Suite - backed up existing 'target\karate-reports' dir to: target\karate-reports_1788057767299
19:42:47.309 [main] DEBUG com.intuit.karate.Suite - waiting for 3 features to complete
19:42:48.522 [pool-2-thread-1] INFO  com.intuit.karate - karate.env system property was: null 
19:42:48.572 [pool-2-thread-1] ERROR com.intuit.karate - classpath:examples/features/Signup.feature:6
* def dataGenerator = Java.type('helpers.DataGenerator.java')
js failed:
>>>>
01: Java.type('helpers.DataGenerator.java')
<<<<
org.graalvm.polyglot.PolyglotException: TypeError: Access to host class helpers.DataGenerator.java is not allowed or does not exist.
- <js>.:program(Unnamed:1)

classpath:examples/features/Signup.feature:6
19:42:49.402 [pool-3-thread-1] INFO  com.intuit.karate.Suite - <<fail>> feature 3 of 3 (0 remaining) classpath:examples/features/Signup.feature
19:43:49.924 [main] INFO  com.intuit.karate.Runner - using system property 'karate.options': --tags @signup
19:43:50.951 [main] DEBUG com.intuit.karate.Suite - [config] classpath:karate-config.js
19:43:50.955 [main] INFO  com.intuit.karate.Suite - backed up existing 'target\karate-reports' dir to: target\karate-reports_1788057830952
19:43:50.960 [main] DEBUG com.intuit.karate.Suite - waiting for 3 features to complete
19:43:52.188 [pool-2-thread-1] INFO  com.intuit.karate - karate.env system property was: null 
19:43:52.241 [pool-2-thread-1] ERROR com.intuit.karate - classpath:examples/features/Signup.feature:6
* def dataGenerator = Java.type('helpers.DataGenerator.java')
js failed:
>>>>
01: Java.type('helpers.DataGenerator.java')
<<<<
org.graalvm.polyglot.PolyglotException: TypeError: Access to host class helpers.DataGenerator.java is not allowed or does not exist.
- <js>.:program(Unnamed:1)

classpath:examples/features/Signup.feature:6
19:43:52.880 [pool-3-thread-1] INFO  com.intuit.karate.Suite - <<fail>> feature 3 of 3 (0 remaining) classpath:examples/features/Signup.feature
19:46:59.102 [main] INFO  com.intuit.karate.Runner - using system property 'karate.options': --tags @signup
19:47:00.055 [main] DEBUG com.intuit.karate.Suite - [config] classpath:karate-config.js
19:47:00.060 [main] INFO  com.intuit.karate.Suite - backed up existing 'target\karate-reports' dir to: target\karate-reports_1788058020056
19:47:00.067 [main] DEBUG com.intuit.karate.Suite - waiting for 3 features to complete
19:47:01.241 [pool-2-thread-1] INFO  com.intuit.karate - karate.env system property was: null 
19:47:01.293 [pool-2-thread-1] ERROR com.intuit.karate - classpath:examples/features/Signup.feature:6
* def dataGenerator = Java.type('helpers.DataGenerator.java')
js failed:
>>>>
01: Java.type('helpers.DataGenerator.java')
<<<<
org.graalvm.polyglot.PolyglotException: TypeError: Access to host class helpers.DataGenerator.java is not allowed or does not exist.
- <js>.:program(Unnamed:1)

classpath:examples/features/Signup.feature:6
19:47:02.124 [pool-3-thread-1] INFO  com.intuit.karate.Suite - <<fail>> feature 3 of 3 (0 remaining) classpath:examples/features/Signup.feature
19:48:07.332 [main] INFO  com.intuit.karate.Runner - using system property 'karate.options': --tags @signup
19:48:08.356 [main] DEBUG com.intuit.karate.Suite - [config] classpath:karate-config.js
19:48:08.359 [main] INFO  com.intuit.karate.Suite - backed up existing 'target\karate-reports' dir to: target\karate-reports_1788058088357
19:48:08.364 [main] DEBUG com.intuit.karate.Suite - waiting for 3 features to complete
19:48:09.524 [pool-2-thread-1] INFO  com.intuit.karate - karate.env system property was: null 
19:48:10.029 [pool-2-thread-1] DEBUG com.intuit.karate - request:
1 > POST https://conduit-api.bondaracademy.com/api/users
1 > Content-Type: application/json; charset=UTF-8
1 > Content-Length: 82
1 > Host: conduit-api.bondaracademy.com
1 > Connection: Keep-Alive
1 > User-Agent: Apache-HttpClient/4.5.14 (Java/25.0.4)
1 > Accept-Encoding: gzip,deflate
{"user":{"email":"#(email)\"","password":"<password>","username":"amos.gottlieb"}}

19:48:10.436 [pool-2-thread-1] DEBUG com.intuit.karate - response time in milliseconds: 401
1 < 422
1 < x-powered-by: Express
1 < vary: Origin
1 < content-type: application/json; charset=utf-8
1 < etag: W/"23-BFnyxZU59MOp7LrClbIX0lqohmc"
1 < x-cloud-trace-context: 0cda8355d1510f67f951c029f26b2c9d;o=1
1 < date: Sun, 30 Aug 2026 02:48:09 GMT
1 < server: Google Frontend
1 < Content-Length: 35
{"errors":{"email":["is invalid"]}}

19:48:10.451 [pool-2-thread-1] ERROR com.intuit.karate - classpath:examples/features/Signup.feature:22
Then status 201
status code was: 422, expected: 201, response time in milliseconds: 401, url: https://conduit-api.bondaracademy.com/api/users, response: 
{"errors":{"email":["is invalid"]}}
classpath:examples/features/Signup.feature:22
19:48:11.009 [pool-3-thread-1] INFO  com.intuit.karate.Suite - <<fail>> feature 3 of 3 (0 remaining) classpath:examples/features/Signup.feature
19:49:51.580 [main] INFO  com.intuit.karate.Runner - using system property 'karate.options': --tags @signup
19:49:53.553 [main] DEBUG com.intuit.karate.Suite - [config] classpath:karate-config.js
19:49:53.557 [main] INFO  com.intuit.karate.Suite - backed up existing 'target\karate-reports' dir to: target\karate-reports_1788058193554
19:49:53.570 [main] DEBUG com.intuit.karate.Suite - waiting for 3 features to complete
19:49:57.499 [pool-2-thread-1] INFO  com.intuit.karate - karate.env system property was: null 
19:49:58.842 [pool-2-thread-1] DEBUG com.intuit.karate - request:
1 > POST https://conduit-api.bondaracademy.com/api/users
1 > Content-Type: application/json; charset=UTF-8
1 > Content-Length: 92
1 > Host: conduit-api.bondaracademy.com
1 > Connection: Keep-Alive
1 > User-Agent: Apache-HttpClient/4.5.14 (Java/25.0.4)
1 > Accept-Encoding: gzip,deflate
{"user":{"email":"antionette.yost@test.com","password":"<password>","username":"kina.kris"}}

19:49:59.805 [pool-2-thread-1] DEBUG com.intuit.karate - response time in milliseconds: 955
1 < 201
1 < x-powered-by: Express
1 < vary: Origin
1 < content-type: application/json; charset=utf-8
1 < etag: W/"149-uhVttrt0m5MKAZ7mVk9tDN9mmWY"
1 < x-cloud-trace-context: 412ca3cc741a59c805fa5a01ab36f3d8;o=1
1 < date: Sun, 30 Aug 2026 02:49:59 GMT
1 < server: Google Frontend
1 < Content-Length: 329
{"user":{"id":66703,"email":"antionette.yost@test.com","username":"kina.kris","bio":null,"image":"https://conduit-api.bondaracademy.com/images/smiley-cyrus.jpeg","token":"eyJhbGciOiJIUzI1NiIsInR5cCI6IkpXVCJ9.eyJ1c2VyIjp7ImlkIjo2NjcwM30sImlhdCI6MTc4ODA1ODE5OSwiZXhwIjoxNzkzMjQyMTk5fQ.GSSFMwGSpxtbwJ98i9LufaDIVYjFuRl1WlcEd23iQqY"}}

19:50:01.063 [pool-3-thread-1] INFO  com.intuit.karate.Suite - <<pass>> feature 3 of 3 (0 remaining) classpath:examples/features/Signup.feature
